lambda,repetition,alpha,method,seed,successes,trials,coverage,finite_radius_mean,finite_radius_median,infinite_radius_rate,effective_sample_size,max_calibration_weight,weight_coefficient_of_variation,exact_tv,exact_l1_ratio_error,population_logistic_regret,classifier_regret_l1_bound,surrogate_normalizer,pool_weight_min,pool_weight_max,wilson_lower,wilson_upper,nominal_coverage,exact_tv_lower_bound,l1_lower_bound,classifier_regret_lower_bound,calibration_unique_fraction,test_unique_fraction
0.0,0,0.05,unweighted,271828,9631,10000,0.9631,1.2823160886764526,1.2823160886764526,0.0,500.0,1.0,0.0,0.0,0.0,0.0,0.0,1.0,1.0,1.0,0.9592237507948799,0.9666205899141994,0.95,0.95,0.95,0.95,0.36,0.0192
0.0,0,0.1,unweighted,271828,9236,10000,0.9236,1.2334575653076172,1.2334575653076172,0.0,500.0,1.0,0.0,0.0,0.0,0.0,0.0,1.0,1.0,1.0,0.918229406721715,0.9286452698586477,0.9,0.9,0.9,0.9,0.36,0.0192
0.0,0,0.2,unweighted,271828,8032,10000,0.8032,0.98867267370224,0.98867267370224,0.0,500.0,1.0,0.0,0.0,0.0,0.0,0.0,1.0,1.0,1.0,0.7952917756338156,0.8108753677542062,0.8,0.8,0.8,0.8,0.36,0.0192
0.0,0,0.05,oracle_ratio,271828,9631,10000,0.9631,1.2823160886764526,1.2823160886764526,0.0,500.0,1.0,0.0,0.0,0.0,0.0,0.0,1.0,1.0,1.0,0.9592237507948799,0.9666205899141994,0.95,0.95,0.95,0.95,0.36,0.0192
0.0,0,0.1,oracle_ratio,271828,9236,10000,0.9236,1.2334575653076172,1.2334575653076172,0.0,500.0,1.0,0.0,0.0,0.0,0.0,0.0,1.0,1.0,1.0,0.918229406721715,0.9286452698586477,0.9,0.9,0.9,0.9,0.36,0.0192
0.0,0,0.2,oracle_ratio,271828,8032,10000,0.8032,0.98867267370224,0.98867267370224,0.0,500.0,1.0,0.0,0.0,0.0,0.0,0.0,1.0,1.0,1.0,0.7952917756338156,0.8108753677542062,0.8,0.8,0.8,0.8,0.36,0.0192
0.0,0,0.05,estimated_ratio,271828,9631,10000,0.9631,1.2823160886764526,1.2823160886764526,0.0,499.9702197218963,1.0131462141960936,0.007717778428958735,0.003287542928828144,0.006575135196959194,7.2053302024616435e-06,0.07592275128029354,1.0000075039785,0.9869822861637406,1.0131462141960936,0.9592237507948799,0.9666205899141994,0.95,0.9467124570711718,0.9434248648030408,0.8740772487197064,0.36,0.0192
0.0,0,0.1,estimated_ratio,271828,9236,10000,0.9236,1.2334575653076172,1.2334575653076172,0.0,499.9702197218963,1.0131462141960936,0.007717778428958735,0.003287542928828144,0.006575135196959194,7.2053302024616435e-06,0.07592275128029354,1.0000075039785,0.9869822861637406,1.0131462141960936,0.918229406721715,0.9286452698586477,0.9,0.8967124570711719,0.8934248648030408,0.8240772487197064,0.36,0.0192
0.0,0,0.2,estimated_ratio,271828,8032,10000,0.8032,0.98867267370224,0.98867267370224,0.0,499.9702197218963,1.0131462141960936,0.007717778428958735,0.003287542928828144,0.006575135196959194,7.2053302024616435e-06,0.07592275128029354,1.0000075039785,0.9869822861637406,1.0131462141960936,0.7952917756338156,0.8108753677542062,0.8,0.7967124570711719,0.7934248648030409,0.7240772487197065,0.36,0.0192
0.0,0,0.05,estimated_ratio_clipped,271828,9631,10000,0.9631,1.2823160886764526,1.2823160886764526,0.0,499.9702197218963,1.0131462141960936,0.007717778428958735,0.003287542928828144,0.006575135196959194,7.205330202457877e-06,0.07592275128027369,1.0000075039785,0.9869822861637406,1.0131462141960936,0.9592237507948799,0.9666205899141994,0.95,0.9467124570711718,0.9434248648030408,0.8740772487197263,0.36,0.0192
0.0,0,0.1,estimated_ratio_clipped,271828,9236,10000,0.9236,1.2334575653076172,1.2334575653076172,0.0,499.9702197218963,1.0131462141960936,0.007717778428958735,0.003287542928828144,0.006575135196959194,7.205330202457877e-06,0.07592275128027369,1.0000075039785,0.9869822861637406,1.0131462141960936,0.918229406721715,0.9286452698586477,0.9,0.8967124570711719,0.8934248648030408,0.8240772487197263,0.36,0.0192
0.0,0,0.2,estimated_ratio_clipped,271828,8032,10000,0.8032,0.98867267370224,0.98867267370224,0.0,499.9702197218963,1.0131462141960936,0.007717778428958735,0.003287542928828144,0.006575135196959194,7.205330202457877e-06,0.07592275128027369,1.0000075039785,0.9869822861637406,1.0131462141960936,0.7952917756338156,0.8108753677542062,0.8,0.7967124570711719,0.7934248648030409,0.7240772487197263,0.36,0.0192
0.0,1,0.05,unweighted,271829,9382,10000,0.9382,1.2524614334106443,1.2524614334106443,0.0,500.0,1.0,0.0,0.0,0.0,0.0,0.0,1.0,1.0,1.0,0.9333102033988203,0.9427532604291187,0.95,0.95,0.95,0.95,0.358,0.0192
0.0,1,0.1,unweighted,271829,8958,10000,0.8958,1.172321081161499,1.172321081161499,0.0,500.0,1.0,0.0,0.0,0.0,0.0,0.0,1.0,1.0,1.0,0.8896591559521716,0.9016368709376008,0.9,0.9,0.9,0.9,0.358,0.0192
0.0,1,0.2,unweighted,271829,7873,10000,0.7873,0.9703732132911682,0.9703732132911682,0.0,500.0,1.0,0.0,0.0,0.0,0.0,0.0,1.0,1.0,1.0,0.7791699489123074,0.7952094056239019,0.8,0.8,0.8,0.8,0.358,0.0192
0.0,1,0.05,oracle_ratio,271829,9382,10000,0.9382,1.2524614334106443,1.2524614334106443,0.0,500.0,1.0,0.0,0.0,0.0,0.0,0.0,1.0,1.0,1.0,0.9333102033988203,0.9427532604291187,0.95,0.95,0.95,0.95,0.358,0.0192
0.0,1,0.1,oracle_ratio,271829,8958,10000,0.8958,1.172321081161499,1.172321081161499,0.0,500.0,1.0,0.0,0.0,0.0,0.0,0.0,1.0,1.0,1.0,0.8896591559521716,0.9016368709376008,0.9,0.9,0.9,0.9,0.358,0.0192
0.0,1,0.2,oracle_ratio,271829,7873,10000,0.7873,0.9703732132911682,0.9703732132911682,0.0,500.0,1.0,0.0,0.0,0.0,0.0,0.0,1.0,1.0,1.0,0.7791699489123074,0.7952094056239019,0.8,0.8,0.8,0.8,0.358,0.0192
0.0,1,0.05,estimated_ratio,271829,9432,10000,0.9432,1.255275011062622,1.255275011062622,0.0,499.7509385983061,1.0396744198350973,0.022324225706036368,0.009802042689148997,0.019606601374948143,6.406329094760165e-05,0.2263860259779329,1.0001559823410486,0.9616466960063942,1.0396744198350973,0.9384909573823811,0.9475686664618511,0.95,0.940197957310851,0.9303933986250518,0.7236139740220671,0.358,0.0192
0.0,1,0.1,estimated_ratio,271829,8958,10000,0.8958,1.172321081161499,1.172321081161499,0.0,499.7509385983061,1.0396744198350973,0.022324225706036368,0.009802042689148997,0.019606601374948143,6.406329094760165e-05,0.2263860259779329,1.0001559823410486,0.9616466960063942,1.0396744198350973,0.8896591559521716,0.9016368709376008,0.9,0.890197957310851,0.8803933986250518,0.6736139740220671,0.358,0.0192
0.0,1,0.2,estimated_ratio,271829,7928,10000,0.7928,0.9745562672615053,0.9745562672615052,0.0,499.7509385983061,1.0396744198350973,0.022324225706036368,0.009802042689148997,0.019606601374948143,6.406329094760165e-05,0.2263860259779329,1.0001559823410486,0.9616466960063942,1.0396744198350973,0.7847445590853923,0.8006305714687394,0.8,0.7901979573108511,0.7803933986250519,0.5736139740220672,0.358,0.0192
0.0,1,0.05,estimated_ratio_clipped,271829,9432,10000,0.9432,1.255275011062622,1.255275011062622,0.0,499.7509385983061,1.0396744198350973,0.022324225706036368,0.009802042689148997,0.019606601374948143,6.406329094759815e-05,0.22638602597792673,1.0001559823410486,0.9616466960063942,1.0396744198350973,0.9384909573823811,0.9475686664618511,0.95,0.940197957310851,0.9303933986250518,0.7236139740220733,0.358,0.0192
0.0,1,0.1,estimated_ratio_clipped,271829,8958,10000,0.8958,1.172321081161499,1.172321081161499,0.0,499.7509385983061,1.0396744198350973,0.022324225706036368,0.009802042689148997,0.019606601374948143,6.406329094759815e-05,0.22638602597792673,1.0001559823410486,0.9616466960063942,1.0396744198350973,0.8896591559521716,0.9016368709376008,0.9,0.890197957310851,0.8803933986250518,0.6736139740220732,0.358,0.0192
0.0,1,0.2,estimated_ratio_clipped,271829,7928,10000,0.7928,0.9745562672615053,0.9745562672615052,0.0,499.7509385983061,1.0396744198350973,0.022324225706036368,0.009802042689148997,0.019606601374948143,6.406329094759815e-05,0.22638602597792673,1.0001559823410486,0.9616466960063942,1.0396744198350973,0.7847445590853923,0.8006305714687394,0.8,0.7901979573108511,0.7803933986250519,0.5736139740220734,0.358,0.0192
0.0,2,0.05,unweighted,271830,9518,10000,0.9518,1.2739903926849363,1.2739903926849363,0.0,500.0,1.0,0.0,0.0,0.0,0.0,0.0,1.0,1.0,1.0,0.9474257119888789,0.9558273070833776,0.95,0.95,0.95,0.95,0.356,0.0192
0.0,2,0.1,unweighted,271830,8917,10000,0.8917,1.1501529216766355,1.1501529216766355,0.0,500.0,1.0,0.0,0.0,0.0,0.0,0.0,1.0,1.0,1.0,0.8854581370493672,0.8976410386270449,0.9,0.9,0.9,0.9,0.356,0.0192
0.0,2,0.2,unweighted,271830,7991,10000,0.7991,0.98867267370224,0.98867267370224,0.0,500.0,1.0,0.0,0.0,0.0,0.0,0.0,1.0,1.0,1.0,0.7911327592647781,0.8068375329098831,0.8,0.8,0.8,0.8,0.356,0.0192
0.0,2,0.05,oracle_ratio,271830,9518,10000,0.9518,1.2739903926849363,1.2739903926849363,0.0,500.0,1.0,0.0,0.0,0.0,0.0,0.0,1.0,1.0,1.0,0.9474257119888789,0.9558273070833776,0.95,0.95,0.95,0.95,0.356,0.0192
0.0,2,0.1,oracle_ratio,271830,8917,10000,0.8917,1.1501529216766355,1.1501529216766355,0.0,500.0,1.0,0.0,0.0,0.0,0.0,0.0,1.0,1.0,1.0,0.8854581370493672,0.8976410386270449,0.9,0.9,0.9,0.9,0.356,0.0192
0.0,2,0.2,oracle_ratio,271830,7991,10000,0.7991,0.98867267370224,0.98867267370224,0.0,500.0,1.0,0.0,0.0,0.0,0.0,0.0,1.0,1.0,1.0,0.7911327592647781,0.8068375329098831,0.8,0.8,0.8,0.8,0.356,0.0192
0.0,2,0.05,estimated_ratio,271830,9518,10000,0.9518,1.2739903926849363,1.2739903926849363,0.0,499.30489323196645,1.0656360377112866,0.037311511901026995,0.01611551445922365,0.03223372252027173,0.00017323768415699166,0.3722769766257287,1.0001234783668367,0.9373388517227028,1.0656360377112866,0.9474257119888789,0.9558273070833776,0.95,0.9338844855407763,0.9177662774797283,0.5777230233742713,0.356,0.0192
0.0,2,0.1,estimated_ratio,271830,8878,10000,0.8878,1.1369203329086304,1.1369203329086304,0.0,499.30489323196645,1.0656360377112866,0.037311511901026995,0.01611551445922365,0.03223372252027173,0.00017323768415699166,0.3722769766257287,1.0001234783668367,0.9373388517227028,1.0656360377112866,0.8814645921852852,0.8938375786784182,0.9,0.8838844855407764,0.8677662774797283,0.5277230233742713,0.356,0.0192
0.0,2,0.2,estimated_ratio,271830,7991,10000,0.7991,0.98867267370224,0.98867267370224,0.0,499.30489323196645,1.0656360377112866,0.037311511901026995,0.01611551445922365,0.03223372252027173,0.00017323768415699166,0.3722769766257287,1.0001234783668367,0.9373388517227028,1.0656360377112866,0.7911327592647781,0.8068375329098831,0.8,0.7838844855407764,0.7677662774797284,0.42772302337427137,0.356,0.0192
0.0,2,0.05,estimated_ratio_clipped,271830,9518,10000,0.9518,1.2739903926849363,1.2739903926849363,0.0,499.30489323196645,1.0656360377112866,0.037311511901026995,0.01611551445922365,0.03223372252027173,0.0001732376841569963,0.3722769766257336,1.0001234783668367,0.9373388517227028,1.0656360377112866,0.9474257119888789,0.9558273070833776,0.95,0.9338844855407763,0.9177662774797283,0.5777230233742663,0.356,0.0192
0.0,2,0.1,estimated_ratio_clipped,271830,8878,10000,0.8878,1.1369203329086304,1.1369203329086304,0.0,499.30489323196645,1.0656360377112866,0.037311511901026995,0.01611551445922365,0.03223372252027173,0.0001732376841569963,0.3722769766257336,1.0001234783668367,0.9373388517227028,1.0656360377112866,0.8814645921852852,0.8938375786784182,0.9,0.8838844855407764,0.8677662774797283,0.5277230233742665,0.356,0.0192
0.0,2,0.2,estimated_ratio_clipped,271830,7991,10000,0.7991,0.98867267370224,0.98867267370224,0.0,499.30489323196645,1.0656360377112866,0.037311511901026995,0.01611551445922365,0.03223372252027173,0.0001732376841569963,0.3722769766257336,1.0001234783668367,0.9373388517227028,1.0656360377112866,0.7911327592647781,0.8068375329098831,0.8,0.7838844855407764,0.7677662774797284,0.42772302337426643,0.356,0.0192
0.0,3,0.05,unweighted,271831,9435,10000,0.9435,1.257892370223999,1.257892370223999,0.0,500.0,1.0,0.0,0.0,0.0,0.0,0.0,1.0,1.0,1.0,0.93880210438774,0.9478572890574698,0.95,0.95,0.95,0.95,0.348,0.0192
0.0,3,0.1,unweighted,271831,9149,10000,0.9149,1.2281887531280518,1.2281887531280518,0.0,500.0,1.0,0.0,0.0,0.0,0.0,0.0,1.0,1.0,1.0,0.9092705123088065,0.9202108458432061,0.9,0.9,0.9,0.9,0.348,0.0192
0.0,3,0.2,unweighted,271831,8146,10000,0.8146,1.02435564994812,1.02435564994812,0.0,500.0,1.0,0.0,0.0,0.0,0.0,0.0,1.0,1.0,1.0,0.8068628528288144,0.8220955353963557,0.8,0.8,0.8,0.8,0.348,0.0192
0.0,3,0.05,oracle_ratio,271831,9435,10000,0.9435,1.257892370223999,1.257892370223999,0.0,500.0,1.0,0.0,0.0,0.0,0.0,0.0,1.0,1.0,1.0,0.93880210438774,0.9478572890574698,0.95,0.95,0.95,0.95,0.348,0.0192
0.0,3,0.1,oracle_ratio,271831,9149,10000,0.9149,1.2281887531280518,1.2281887531280518,0.0,500.0,1.0,0.0,0.0,0.0,0.0,0.0,1.0,1.0,1.0,0.9092705123088065,0.9202108458432061,0.9,0.9,0.9,0.9,0.348,0.0192
0.0,3,0.2,oracle_ratio,271831,8146,10000,0.8146,1.02435564994812,1.02435564994812,0.0,500.0,1.0,0.0,0.0,0.0,0.0,0.0,1.0,1.0,1.0,0.8068628528288144,0.8220955353963557,0.8,0.8,0.8,0.8,0.348,0.0192
0.0,3,0.05,estimated_ratio,271831,9541,10000,0.9541,1.279902100563049,1.279902100563049,0.0,499.8869289330043,1.0265595532005598,0.015039723595321373,0.006556059428517938,0.013115245802226887,2.8658541247557334e-05,0.15141609226910416,1.0002384774898023,0.974368875123845,1.0265595532005598,0.9498211263971207,0.9580301262826306,0.95,0.9434439405714821,0.9368847541977731,0.7985839077308958,0.348,0.0192
0.0,3,0.1,estimated_ratio,271831,9149,10000,0.9149,1.2281887531280518,1.2281887531280518,0.0,499.8869289330043,1.0265595532005598,0.015039723595321373,0.006556059428517938,0.013115245802226887,2.8658541247557334e-05,0.15141609226910416,1.0002384774898023,0.974368875123845,1.0265595532005598,0.9092705123088065,0.9202108458432061,0.9,0.8934439405714821,0.8868847541977731,0.7485839077308959,0.348,0.0192
0.0,3,0.2,estimated_ratio,271831,8146,10000,0.8146,1.02435564994812,1.02435564994812,0.0,499.8869289330043,1.0265595532005598,0.015039723595321373,0.006556059428517938,0.013115245802226887,2.8658541247557334e-05,0.15141609226910416,1.0002384774898023,0.974368875123845,1.0265595532005598,0.8068628528288144,0.8220955353963557,0.8,0.7934439405714822,0.7868847541977732,0.6485839077308959,0.348,0.0192
0.0,3,0.05,estimated_ratio_clipped,271831,9541,10000,0.9541,1.279902100563049,1.279902100563049,0.0,499.8869289330043,1.0265595532005598,0.015039723595321373,0.006556059428517938,0.013115245802226887,2.865854124755727e-05,0.151416092269104,1.0002384774898023,0.974368875123845,1.0265595532005598,0.9498211263971207,0.9580301262826306,0.95,0.9434439405714821,0.9368847541977731,0.7985839077308959,0.348,0.0192
0.0,3,0.1,estimated_ratio_clipped,271831,9149,10000,0.9149,1.2281887531280518,1.2281887531280518,0.0,499.8869289330043,1.0265595532005598,0.015039723595321373,0.006556059428517938,0.013115245802226887,2.865854124755727e-05,0.151416092269104,1.0002384774898023,0.974368875123845,1.0265595532005598,0.9092705123088065,0.9202108458432061,0.9,0.8934439405714821,0.8868847541977731,0.748583907730896,0.348,0.0192
0.0,3,0.2,estimated_ratio_clipped,271831,8146,10000,0.8146,1.02435564994812,1.02435564994812,0.0,499.8869289330043,1.0265595532005598,0.015039723595321373,0.006556059428517938,0.013115245802226887,2.865854124755727e-05,0.151416092269104,1.0002384774898023,0.974368875123845,1.0265595532005598,0.8068628528288144,0.8220955353963557,0.8,0.7934439405714822,0.7868847541977732,0.648583907730896,0.348,0.0192
0.0,4,0.05,unweighted,271832,9443,10000,0.9443,1.257892370223999,1.257892370223999,0.0,500.0,1.0,0.0,0.0,0.0,0.0,0.0,1.0,1.0,1.0,0.9396320051645058,0.9486267738833108,0.95,0.95,0.95,0.95,0.358,0.0192
0.0,4,0.1,unweighted,271832,8836,10000,0.8836,1.1369203329086304,1.1369203329086304,0.0,500.0,1.0,0.0,0.0,0.0,0.0,0.0,1.0,1.0,1.0,0.8771664967014087,0.8897388997486083,0.9,0.9,0.9,0.9,0.358,0.0192
0.0,4,0.2,unweighted,271832,8067,10000,0.8067,1.0019125938415527,1.0019125938415527,0.0,500.0,1.0,0.0,0.0,0.0,0.0,0.0,1.0,1.0,1.0,0.7988431903896864,0.8143212650097404,0.8,0.8,0.8,0.8,0.358,0.0192
0.0,4,0.05,oracle_ratio,271832,9443,10000,0.9443,1.257892370223999,1.257892370223999,0.0,500.0,1.0,0.0,0.0,0.0,0.0,0.0,1.0,1.0,1.0,0.9396320051645058,0.9486267738833108,0.95,0.95,0.95,0.95,0.358,0.0192
0.0,4,0.1,oracle_ratio,271832,8836,10000,0.8836,1.1369203329086304,1.1369203329086304,0.0,500.0,1.0,0.0,0.0,0.0,0.0,0.0,1.0,1.0,1.0,0.8771664967014087,0.8897388997486083,0.9,0.9,0.9,0.9,0.358,0.0192
0.0,4,0.2,oracle_ratio,271832,8067,10000,0.8067,1.0019125938415527,1.0019125938415527,0.0,500.0,1.0,0.0,0.0,0.0,0.0,0.0,1.0,1.0,1.0,0.7988431903896864,0.8143212650097404,0.8,0.8,0.8,0.8,0.358,0.0192
0.0,4,0.05,estimated_ratio,271832,9510,10000,0.951,1.2739903926849363,1.2739903926849363,0.0,499.60257619635024,1.0508898870832193,0.02820425309397219,0.012331125100726202,0.02468778221310808,0.00010143015815706132,0.2848580813767604,1.0009688679267748,0.9526462627547578,1.0508898870832193,0.9465931501775137,0.955060483292136,0.95,0.9376688748992738,0.9253122177868919,0.6651419186232396,0.358,0.0192
0.0,4,0.1,estimated_ratio,271832,8886,10000,0.8886,1.1501529216766355,1.1501529216766355,0.0,499.60257619635024,1.0508898870832193,0.02820425309397219,0.012331125100726202,0.02468778221310808,0.00010143015815706132,0.2848580813767604,1.0009688679267748,0.9526462627547578,1.0508898870832193,0.882283584283804,0.8946179721825059,0.9,0.8876688748992738,0.8753122177868919,0.6151419186232396,0.358,0.0192
0.0,4,0.2,estimated_ratio,271832,8138,10000,0.8138,1.0092549324035645,1.0092549324035645,0.0,499.60257619635024,1.0508898870832193,0.02820425309397219,0.012331125100726202,0.02468778221310808,0.00010143015815706132,0.2848580813767604,1.0009688679267748,0.9526462627547578,1.0508898870832193,0.8060505024199903,0.821308500202573,0.8,0.7876688748992738,0.775312217786892,0.5151419186232397,0.358,0.0192
0.0,4,0.05,estimated_ratio_clipped,271832,9510,10000,0.951,1.2739903926849363,1.2739903926849363,0.0,499.60257619635024,1.0508898870832193,0.02820425309397219,0.012331125100726202,0.02468778221310808,0.00010143015815706149,0.2848580813767606,1.0009688679267748,0.9526462627547578,1.0508898870832193,0.9465931501775137,0.955060483292136,0.95,0.9376688748992738,0.9253122177868919,0.6651419186232393,0.358,0.0192
0.0,4,0.1,estimated_ratio_clipped,271832,8886,10000,0.8886,1.1501529216766355,1.1501529216766355,0.0,499.60257619635024,1.0508898870832193,0.02820425309397219,0.012331125100726202,0.02468778221310808,0.00010143015815706149,0.2848580813767606,1.0009688679267748,0.9526462627547578,1.0508898870832193,0.882283584283804,0.8946179721825059,0.9,0.8876688748992738,0.8753122177868919,0.6151419186232394,0.358,0.0192
0.0,4,0.2,estimated_ratio_clipped,271832,8138,10000,0.8138,1.0092549324035645,1.0092549324035645,0.0,499.60257619635024,1.0508898870832193,0.02820425309397219,0.012331125100726202,0.02468778221310808,0.00010143015815706149,0.2848580813767606,1.0009688679267748,0.9526462627547578,1.0508898870832193,0.8060505024199903,0.821308500202573,0.8,0.7876688748992738,0.775312217786892,0.5151419186232394,0.358,0.0192
0.0,5,0.05,unweighted,271833,9478,10000,0.9478,1.257892370223999,1.257892370223999,0.0,500.0,1.0,0.0,0.0,0.0,0.0,0.0,1.0,1.0,1.0,0.9432659417746723,0.9519901492845497,0.95,0.95,0.95,0.95,0.366,0.0192
0.0,5,0.1,unweighted,271833,9104,10000,0.9104,1.20262348651886,1.20262348651886,0.0,500.0,1.0,0.0,0.0,0.0,0.0,0.0,1.0,1.0,1.0,0.904643452774782,0.9158413613625667,0.9,0.9,0.9,0.9,0.366,0.0192
0.0,5,0.2,unweighted,271833,8187,10000,0.8187,1.02435564994812,1.02435564994812,0.0,500.0,1.0,0.0,0.0,0.0,0.0,0.0,1.0,1.0,1.0,0.8110269923193644,0.8261282471191663,0.8,0.8,0.8,0.8,0.366,0.0192
0.0,5,0.05,oracle_ratio,271833,9478,10000,0.9478,1.257892370223999,1.257892370223999,0.0,500.0,1.0,0.0,0.0,0.0,0.0,0.0,1.0,1.0,1.0,0.9432659417746723,0.9519901492845497,0.95,0.95,0.95,0.95,0.366,0.0192
0.0,5,0.1,oracle_ratio,271833,9104,10000,0.9104,1.20262348651886,1.20262348651886,0.0,500.0,1.0,0.0,0.0,0.0,0.0,0.0,1.0,1.0,1.0,0.904643452774782,0.9158413613625667,0.9,0.9,0.9,0.9,0.366,0.0192
0.0,5,0.2,oracle_ratio,271833,8187,10000,0.8187,1.02435564994812,1.02435564994812,0.0,500.0,1.0,0.0,0.0,0.0,0.0,0.0,1.0,1.0,1.0,0.8110269923193644,0.8261282471191663,0.8,0.8,0.8,0.8,0.366,0.0192
0.0,5,0.05,estimated_ratio,271833,9478,10000,0.9478,1.257892370223999,1.257892370223999,0.0,499.82708983009866,1.0322898976388934,0.018599461628810186,0.007994347009041329,0.015990836349903465,4.261133509927242e-05,0.18463225091900368,1.0001365190064475,0.9686543841450763,1.0322898976388934,0.9432659417746723,0.9519901492845497,0.95,0.9420056529909586,0.9340091636500965,0.7653677490809963,0.366,0.0192
0.0,5,0.1,estimated_ratio,271833,9104,10000,0.9104,1.20262348651886,1.20262348651886,0.0,499.82708983009866,1.0322898976388934,0.018599461628810186,0.007994347009041329,0.015990836349903465,4.261133509927242e-05,0.18463225091900368,1.0001365190064475,0.9686543841450763,1.0322898976388934,0.904643452774782,0.9158413613625667,0.9,0.8920056529909587,0.8840091636500965,0.7153677490809963,0.366,0.0192
0.0,5,0.2,estimated_ratio,271833,8136,10000,0.8136,1.0092549324035645,1.0092549324035645,0.0,499.82708983009866,1.0322898976388934,0.018599461628810186,0.007994347009041329,0.015990836349903465,4.261133509927242e-05,0.18463225091900368,1.0001365190064475,0.9686543841450763,1.0322898976388934,0.8058474231271878,0.8211117330947239,0.8,0.7920056529909587,0.7840091636500965,0.6153677490809963,0.366,0.0192
0.0,5,0.05,estimated_ratio_clipped,271833,9478,10000,0.9478,1.257892370223999,1.257892370223999,0.0,499.82708983009866,1.0322898976388934,0.018599461628810186,0.007994347009041329,0.015990836349903465,4.2611335099273887e-05,0.18463225091900684,1.0001365190064475,0.9686543841450763,1.0322898976388934,0.9432659417746723,0.9519901492845497,0.95,0.9420056529909586,0.9340091636500965,0.7653677490809931,0.366,0.0192
0.0,5,0.1,estimated_ratio_clipped,271833,9104,10000,0.9104,1.20262348651886,1.20262348651886,0.0,499.82708983009866,1.0322898976388934,0.018599461628810186,0.007994347009041329,0.015990836349903465,4.2611335099273887e-05,0.18463225091900684,1.0001365190064475,0.9686543841450763,1.0322898976388934,0.904643452774782,0.9158413613625667,0.9,0.8920056529909587,0.8840091636500965,0.7153677490809932,0.366,0.0192
0.0,5,0.2,estimated_ratio_clipped,271833,8136,10000,0.8136,1.0092549324035645,1.0092549324035645,0.0,499.82708983009866,1.0322898976388934,0.018599461628810186,0.007994347009041329,0.015990836349903465,4.2611335099273887e-05,0.18463225091900684,1.0001365190064475,0.9686543841450763,1.0322898976388934,0.8058474231271878,0.8211117330947239,0.8,0.7920056529909587,0.7840091636500965,0.6153677490809932,0.366,0.0192
0.0,6,0.05,unweighted,271834,9665,10000,0.9665,1.2983108758926392,1.2983108758926392,0.0,500.0,1.0,0.0,0.0,0.0,0.0,0.0,1.0,1.0,1.0,0.9627902709459518,0.969851458574207,0.95,0.95,0.95,0.95,0.354,0.0192
0.0,6,0.1,unweighted,271834,9184,10000,0.9184,1.2334575653076172,1.2334575653076172,0.0,500.0,1.0,0.0,0.0,0.0,0.0,0.0,1.0,1.0,1.0,0.9128724734222167,0.923606196741201,0.9,0.9,0.9,0.9,0.354,0.0192
0.0,6,0.2,unweighted,271834,8040,10000,0.804,0.9957479238510132,0.9957479238510132,0.0,500.0,1.0,0.0,0.0,0.0,0.0,0.0,1.0,1.0,1.0,0.796103442747822,0.8116630862428067,0.8,0.8,0.8,0.8,0.354,0.0192
0.0,6,0.05,oracle_ratio,271834,9665,10000,0.9665,1.2983108758926392,1.2983108758926392,0.0,500.0,1.0,0.0,0.0,0.0,0.0,0.0,1.0,1.0,1.0,0.9627902709459518,0.969851458574207,0.95,0.95,0.95,0.95,0.354,0.0192
0.0,6,0.1,oracle_ratio,271834,9184,10000,0.9184,1.2334575653076172,1.2334575653076172,0.0,500.0,1.0,0.0,0.0,0.0,0.0,0.0,1.0,1.0,1.0,0.9128724734222167,0.923606196741201,0.9,0.9,0.9,0.9,0.354,0.0192
0.0,6,0.2,oracle_ratio,271834,8040,10000,0.804,0.9957479238510132,0.9957479238510132,0.0,500.0,1.0,0.0,0.0,0.0,0.0,0.0,1.0,1.0,1.0,0.796103442747822,0.8116630862428067,0.8,0.8,0.8,0.8,0.354,0.0192
0.0,6,0.05,estimated_ratio,271834,9665,10000,0.9665,1.2983108758926392,1.2983108758926392,0.0,499.99973265114676,1.001220050158224,0.0007312304646501151,0.00031183849395247445,0.0006238419936915058,6.488514225941075e-08,0.007204728572786667,0.9999787085354367,0.9987383880014278,1.001220050158224,0.9627902709459518,0.969851458574207,0.95,0.9496881615060475,0.9493761580063085,0.9427952714272133,0.354,0.0192
0.0,6,0.1,estimated_ratio,271834,9184,10000,0.9184,1.2334575653076172,1.2334575653076172,0.0,499.99973265114676,1.001220050158224,0.0007312304646501151,0.00031183849395247445,0.0006238419936915058,6.488514225941075e-08,0.007204728572786667,0.9999787085354367,0.9987383880014278,1.001220050158224,0.9128724734222167,0.923606196741201,0.9,0.8996881615060476,0.8993761580063085,0.8927952714272134,0.354,0.0192
0.0,6,0.2,estimated_ratio,271834,8040,10000,0.804,0.9957479238510132,0.9957479238510132,0.0,499.99973265114676,1.001220050158224,0.0007312304646501151,0.00031183849395247445,0.0006238419936915058,6.488514225941075e-08,0.007204728572786667,0.9999787085354367,0.9987383880014278,1.001220050158224,0.796103442747822,0.8116630862428067,0.8,0.7996881615060476,0.7993761580063086,0.7927952714272134,0.354,0.0192
0.0,6,0.05,estimated_ratio_clipped,271834,9665,10000,0.9665,1.2983108758926392,1.2983108758926392,0.0,499.99973265114676,1.001220050158224,0.0007312304646501151,0.00031183849395247445,0.0006238419936915058,6.488514226056136e-08,0.007204728572850548,0.9999787085354367,0.9987383880014278,1.001220050158224,0.9627902709459518,0.969851458574207,0.95,0.9496881615060475,0.9493761580063085,0.9427952714271494,0.354,0.0192
0.0,6,0.1,estimated_ratio_clipped,271834,9184,10000,0.9184,1.2334575653076172,1.2334575653076172,0.0,499.99973265114676,1.001220050158224,0.0007312304646501151,0.00031183849395247445,0.0006238419936915058,6.488514226056136e-08,0.007204728572850548,0.9999787085354367,0.9987383880014278,1.001220050158224,0.9128724734222167,0.923606196741201,0.9,0.8996881615060476,0.8993761580063085,0.8927952714271494,0.354,0.0192
0.0,6,0.2,estimated_ratio_clipped,271834,8040,10000,0.804,0.9957479238510132,0.9957479238510132,0.0,499.99973265114676,1.001220050158224,0.0007312304646501151,0.00031183849395247445,0.0006238419936915058,6.488514226056136e-08,0.007204728572850548,0.9999787085354367,0.9987383880014278,1.001220050158224,0.796103442747822,0.8116630862428067,0.8,0.7996881615060476,0.7993761580063086,0.7927952714271495,0.354,0.0192
0.0,7,0.05,unweighted,271835,9454,10000,0.9454,1.255275011062622,1.255275011062622,0.0,500.0,1.0,0.0,0.0,0.0,0.0,0.0,1.0,1.0,1.0,0.9407735431615523,0.9496843910898489,0.95,0.95,0.95,0.95,0.35,0.0192
0.0,7,0.1,unweighted,271835,9051,10000,0.9051,1.1766608953475952,1.1766608953475952,0.0,500.0,1.0,0.0,0.0,0.0,0.0,0.0,1.0,1.0,1.0,0.8991992398770611,0.9106896446430167,0.9,0.9,0.9,0.9,0.35,0.0192
0.0,7,0.2,unweighted,271835,7958,10000,0.7958,0.98867267370224,0.98867267370224,0.0,500.0,1.0,0.0,0.0,0.0,0.0,0.0,1.0,1.0,1.0,0.7877861890184522,0.8035866375454553,0.8,0.8,0.8,0.8,0.35,0.0192
0.0,7,0.05,oracle_ratio,271835,9454,10000,0.9454,1.255275011062622,1.255275011062622,0.0,500.0,1.0,0.0,0.0,0.0,0.0,0.0,1.0,1.0,1.0,0.9407735431615523,0.9496843910898489,0.95,0.95,0.95,0.95,0.35,0.0192
0.0,7,0.1,oracle_ratio,271835,9051,10000,0.9051,1.1766608953475952,1.1766608953475952,0.0,500.0,1.0,0.0,0.0,0.0,0.0,0.0,1.0,1.0,1.0,0.8991992398770611,0.9106896446430167,0.9,0.9,0.9,0.9,0.35,0.0192
0.0,7,0.2,oracle_ratio,271835,7958,10000,0.7958,0.98867267370224,0.98867267370224,0.0,500.0,1.0,0.0,0.0,0.0,0.0,0.0,1.0,1.0,1.0,0.7877861890184522,0.8035866375454553,0.8,0.8,0.8,0.8,0.35,0.0192
0.0,7,0.05,estimated_ratio,271835,9510,10000,0.951,1.257892370223999,1.257892370223999,0.0,499.9980239948981,1.0034807910805912,0.001987970276909728,0.0008675099090924665,0.0017351118198469656,5.017677240437999e-07,0.020035323287509982,1.0000247842897068,0.9965766801607586,1.0034807910805912,0.9465931501775137,0.955060483292136,0.95,0.9491324900909075,0.948264888180153,0.92996467671249,0.35,0.0192
0.0,7,0.1,estimated_ratio,271835,9051,10000,0.9051,1.1766608953475952,1.1766608953475952,0.0,499.9980239948981,1.0034807910805912,0.001987970276909728,0.0008675099090924665,0.0017351118198469656,5.017677240437999e-07,0.020035323287509982,1.0000247842897068,0.9965766801607586,1.0034807910805912,0.8991992398770611,0.9106896446430167,0.9,0.8991324900909076,0.898264888180153,0.87996467671249,0.35,0.0192
0.0,7,0.2,estimated_ratio,271835,7958,10000,0.7958,0.98867267370224,0.98867267370224,0.0,499.9980239948981,1.0034807910805912,0.001987970276909728,0.0008675099090924665,0.0017351118198469656,5.017677240437999e-07,0.020035323287509982,1.0000247842897068,0.9965766801607586,1.0034807910805912,0.7877861890184522,0.8035866375454553,0.8,0.7991324900909076,0.7982648881801531,0.77996467671249,0.35,0.0192
0.0,7,0.05,estimated_ratio_clipped,271835,9510,10000,0.951,1.257892370223999,1.257892370223999,0.0,499.9980239948981,1.0034807910805912,0.001987970276909728,0.0008675099090924665,0.0017351118198469656,5.017677240449459e-07,0.020035323287532863,1.0000247842897068,0.9965766801607586,1.0034807910805912,0.9465931501775137,0.955060483292136,0.95,0.9491324900909075,0.948264888180153,0.9299646767124671,0.35,0.0192
0.0,7,0.1,estimated_ratio_clipped,271835,9051,10000,0.9051,1.1766608953475952,1.1766608953475952,0.0,499.9980239948981,1.0034807910805912,0.001987970276909728,0.0008675099090924665,0.0017351118198469656,5.017677240449459e-07,0.020035323287532863,1.0000247842897068,0.9965766801607586,1.0034807910805912,0.8991992398770611,0.9106896446430167,0.9,0.8991324900909076,0.898264888180153,0.8799646767124671,0.35,0.0192
0.0,7,0.2,estimated_ratio_clipped,271835,7958,10000,0.7958,0.98867267370224,0.98867267370224,0.0,499.9980239948981,1.0034807910805912,0.001987970276909728,0.0008675099090924665,0.0017351118198469656,5.017677240449459e-07,0.020035323287532863,1.0000247842897068,0.9965766801607586,1.0034807910805912,0.7877861890184522,0.8035866375454553,0.8,0.7991324900909076,0.7982648881801531,0.7799646767124672,0.35,0.0192
0.0,8,0.05,unweighted,271836,9610,10000,0.961,1.279902100563049,1.279902100563049,0.0,500.0,1.0,0.0,0.0,0.0,0.0,0.0,1.0,1.0,1.0,0.9570251863191388,0.9646207671830973,0.95,0.95,0.95,0.95,0.366,0.0192
0.0,8,0.1,unweighted,271836,9104,10000,0.9104,1.1966276168823242,1.1966276168823242,0.0,500.0,1.0,0.0,0.0,0.0,0.0,0.0,1.0,1.0,1.0,0.904643452774782,0.9158413613625667,0.9,0.9,0.9,0.9,0.366,0.0192
0.0,8,0.2,unweighted,271836,8002,10000,0.8002,0.98867267370224,0.98867267370224,0.0,500.0,1.0,0.0,0.0,0.0,0.0,0.0,1.0,1.0,1.0,0.7922484661147645,0.8079209812634812,0.8,0.8,0.8,0.8,0.366,0.0192
0.0,8,0.05,oracle_ratio,271836,9610,10000,0.961,1.279902100563049,1.279902100563049,0.0,500.0,1.0,0.0,0.0,0.0,0.0,0.0,1.0,1.0,1.0,0.9570251863191388,0.9646207671830973,0.95,0.95,0.95,0.95,0.366,0.0192
0.0,8,0.1,oracle_ratio,271836,9104,10000,0.9104,1.1966276168823242,1.1966276168823242,0.0,500.0,1.0,0.0,0.0,0.0,0.0,0.0,1.0,1.0,1.0,0.904643452774782,0.9158413613625667,0.9,0.9,0.9,0.9,0.366,0.0192
0.0,8,0.2,oracle_ratio,271836,8002,10000,0.8002,0.98867267370224,0.98867267370224,0.0,500.0,1.0,0.0,0.0,0.0,0.0,0.0,1.0,1.0,1.0,0.7922484661147645,0.8079209812634812,0.8,0.8,0.8,0.8,0.366,0.0192
0.0,8,0.05,estimated_ratio,271836,9553,10000,0.9553,1.2739903926849363,1.2739903926849363,0.0,498.8661457340019,1.0865424516245599,0.04767455004699212,0.020811027866152666,0.04166920294965844,0.0002889071536457215,0.4807553670179639,1.0013135649987945,0.9206399206433898,1.0865424516245599,0.9510720147979599,0.9591783162857019,0.95,0.9291889721338473,0.9083307970503415,0.46924463298203606,0.366,0.0192
0.0,8,0.1,estimated_ratio,271836,9037,10000,0.9037,1.1766608953475952,1.1766608953475952,0.0,498.8661457340019,1.0865424516245599,0.04767455004699212,0.020811027866152666,0.04166920294965844,0.0002889071536457215,0.4807553670179639,1.0013135649987945,0.9206399206433898,1.0865424516245599,0.8977620746630917,0.909327885052424,0.9,0.8791889721338474,0.8583307970503415,0.4192446329820361,0.366,0.0192
0.0,8,0.2,estimated_ratio,271836,7947,10000,0.7947,0.9745562672615053,0.9745562672615052,0.0,498.8661457340019,1.0865424516245599,0.04767455004699212,0.020811027866152666,0.04166920294965844,0.0002889071536457215,0.4807553670179639,1.0013135649987945,0.9206399206433898,1.0865424516245599,0.7866708471900197,0.8025028241703034,0.8,0.7791889721338474,0.7583307970503416,0.31924463298203615,0.366,0.0192
0.0,8,0.05,estimated_ratio_clipped,271836,9553,10000,0.9553,1.2739903926849363,1.2739903926849363,0.0,498.8661457340019,1.0865424516245599,0.04767455004699212,0.020811027866152666,0.04166920294965844,0.0002889071536457254,0.4807553670179672,1.0013135649987945,0.9206399206433898,1.0865424516245599,0.9510720147979599,0.9591783162857019,0.95,0.9291889721338473,0.9083307970503415,0.4692446329820328,0.366,0.0192
0.0,8,0.1,estimated_ratio_clipped,271836,9037,10000,0.9037,1.1766608953475952,1.1766608953475952,0.0,498.8661457340019,1.0865424516245599,0.04767455004699212,0.020811027866152666,0.04166920294965844,0.0002889071536457254,0.4807553670179672,1.0013135649987945,0.9206399206433898,1.0865424516245599,0.8977620746630917,0.909327885052424,0.9,0.8791889721338474,0.8583307970503415,0.41924463298203285,0.366,0.0192
0.0,8,0.2,estimated_ratio_clipped,271836,7947,10000,0.7947,0.9745562672615053,0.9745562672615052,0.0,498.8661457340019,1.0865424516245599,0.04767455004699212,0.020811027866152666,0.04166920294965844,0.0002889071536457254,0.4807553670179672,1.0013135649987945,0.9206399206433898,1.0865424516245599,0.7866708471900197,0.8025028241703034,0.8,0.7791889721338474,0.7583307970503416,0.31924463298203287,0.366,0.0192
0.0,9,0.05,unweighted,271837,9546,10000,0.9546,1.2739903926849363,1.2739903926849363,0.0,500.0,1.0,0.0,0.0,0.0,0.0,0.0,1.0,1.0,1.0,0.9503422349680876,0.9585086337132932,0.95,0.95,0.95,0.95,0.36,0.0192
0.0,9,0.1,unweighted,271837,8864,10000,0.8864,1.1369203329086304,1.1369203329086304,0.0,500.0,1.0,0.0,0.0,0.0,0.0,0.0,1.0,1.0,1.0,0.880031595134089,0.892471650925052,0.9,0.9,0.9,0.9,0.36,0.0192
0.0,9,0.2,unweighted,271837,7895,10000,0.7895,0.9745562672615053,0.9745562672615052,0.0,500.0,1.0,0.0,0.0,0.0,0.0,0.0,1.0,1.0,1.0,0.7813995301590649,0.7973781347843133,0.8,0.8,0.8,0.8,0.36,0.0192
0.0,9,0.05,oracle_ratio,271837,9546,10000,0.9546,1.2739903926849363,1.2739903926849363,0.0,500.0,1.0,0.0,0.0,0.0,0.0,0.0,1.0,1.0,1.0,0.9503422349680876,0.9585086337132932,0.95,0.95,0.95,0.95,0.36,0.0192
0.0,9,0.1,oracle_ratio,271837,8864,10000,0.8864,1.1369203329086304,1.1369203329086304,0.0,500.0,1.0,0.0,0.0,0.0,0.0,0.0,1.0,1.0,1.0,0.880031595134089,0.892471650925052,0.9,0.9,0.9,0.9,0.36,0.0192
0.0,9,0.2,oracle_ratio,271837,7895,10000,0.7895,0.9745562672615053,0.9745562672615052,0.0,500.0,1.0,0.0,0.0,0.0,0.0,0.0,1.0,1.0,1.0,0.7813995301590649,0.7973781347843133,0.8,0.8,0.8,0.8,0.36,0.0192
0.0,9,0.05,estimated_ratio,271837,9546,10000,0.9546,1.2739903926849363,1.2739903926849363,0.0,499.85648312809246,1.0292983950670058,0.01694450223052235,0.0072953744804970895,0.01459059312480249,3.5487948573315634e-05,0.16849438821115825,0.999987768032841,0.9712360481987424,1.0292983950670058,0.9503422349680876,0.9585086337132932,0.95,0.9427046255195028,0.9354094068751975,0.7815056117888417,0.36,0.0192
0.0,9,0.1,estimated_ratio,271837,8864,10000,0.8864,1.1369203329086304,1.1369203329086304,0.0,499.85648312809246,1.0292983950670058,0.01694450223052235,0.0072953744804970895,0.01459059312480249,3.5487948573315634e-05,0.16849438821115825,0.999987768032841,0.9712360481987424,1.0292983950670058,0.880031595134089,0.892471650925052,0.9,0.8927046255195029,0.8854094068751975,0.7315056117888418,0.36,0.0192
0.0,9,0.2,estimated_ratio,271837,7948,10000,0.7948,0.98867267370224,0.98867267370224,0.0,499.85648312809246,1.0292983950670058,0.01694450223052235,0.0072953744804970895,0.01459059312480249,3.5487948573315634e-05,0.16849438821115825,0.999987768032841,0.9712360481987424,1.0292983950670058,0.7867722381792396,0.8026013563814093,0.8,0.7927046255195029,0.7854094068751976,0.6315056117888418,0.36,0.0192
0.0,9,0.05,estimated_ratio_clipped,271837,9546,10000,0.9546,1.2739903926849363,1.2739903926849363,0.0,499.85648312809246,1.0292983950670058,0.01694450223052235,0.0072953744804970895,0.01459059312480249,3.5487948573315606e-05,0.16849438821115817,0.999987768032841,0.9712360481987424,1.0292983950670058,0.9503422349680876,0.9585086337132932,0.95,0.9427046255195028,0.9354094068751975,0.7815056117888418,0.36,0.0192
0.0,9,0.1,estimated_ratio_clipped,271837,8864,10000,0.8864,1.1369203329086304,1.1369203329086304,0.0,499.85648312809246,1.0292983950670058,0.01694450223052235,0.0072953744804970895,0.01459059312480249,3.5487948573315606e-05,0.16849438821115817,0.999987768032841,0.9712360481987424,1.0292983950670058,0.880031595134089,0.892471650925052,0.9,0.8927046255195029,0.8854094068751975,0.7315056117888419,0.36,0.0192
0.0,9,0.2,estimated_ratio_clipped,271837,7948,10000,0.7948,0.98867267370224,0.98867267370224,0.0,499.85648312809246,1.0292983950670058,0.01694450223052235,0.0072953744804970895,0.01459059312480249,3.5487948573315606e-05,0.16849438821115817,0.999987768032841,0.9712360481987424,1.0292983950670058,0.7867722381792396,0.8026013563814093,0.8,0.7927046255195029,0.7854094068751976,0.6315056117888419,0.36,0.0192
0.0,10,0.05,unweighted,271838,9545,10000,0.9545,1.2739903926849363,1.2739903926849363,0.0,500.0,1.0,0.0,0.0,0.0,0.0,0.0,1.0,1.0,1.0,0.9502380024955971,0.9584129429854579,0.95,0.95,0.95,0.95,0.354,0.0192
0.0,10,0.1,unweighted,271838,9071,10000,0.9071,1.1966276168823242,1.1966276168823242,0.0,500.0,1.0,0.0,0.0,0.0,0.0,0.0,1.0,1.0,1.0,0.9012529956575828,0.9126343528690124,0.9,0.9,0.9,0.9,0.354,0.0192
0.0,10,0.2,unweighted,271838,8125,10000,0.8125,1.0092549324035645,1.0092549324035645,0.0,500.0,1.0,0.0,0.0,0.0,0.0,0.0,1.0,1.0,1.0,0.8047305461717247,0.8200294548466025,0.8,0.8,0.8,0.8,0.354,0.0192
0.0,10,0.05,oracle_ratio,271838,9545,10000,0.9545,1.2739903926849363,1.2739903926849363,0.0,500.0,1.0,0.0,0.0,0.0,0.0,0.0,1.0,1.0,1.0,0.9502380024955971,0.9584129429854579,0.95,0.95,0.95,0.95,0.354,0.0192
0.0,10,0.1,oracle_ratio,271838,9071,10000,0.9071,1.1966276168823242,1.1966276168823242,0.0,500.0,1.0,0.0,0.0,0.0,0.0,0.0,1.0,1.0,1.0,0.9012529956575828,0.9126343528690124,0.9,0.9,0.9,0.9,0.354,0.0192
0.0,10,0.2,oracle_ratio,271838,8125,10000,0.8125,1.0092549324035645,1.0092549324035645,0.0,500.0,1.0,0.0,0.0,0.0,0.0,0.0,1.0,1.0,1.0,0.8047305461717247,0.8200294548466025,0.8,0.8,0.8,0.8,0.354,0.0192
0.0,10,0.05,estimated_ratio,271838,9545,10000,0.9545,1.2739903926849363,1.2739903926849363,0.0,499.9978589246202,1.0036120146634233,0.002069340256270587,0.0009069929268534227,0.0018139833516143925,5.484118543193246e-07,0.02094587031983774,0.9999986206659486,0.9963938648236521,1.0036120146634233,0.9502380024955971,0.9584129429854579,0.95,0.9490930070731465,0.9481860166483855,0.9290541296801622,0.354,0.0192
0.0,10,0.1,estimated_ratio,271838,9071,10000,0.9071,1.1966276168823242,1.1966276168823242,0.0,499.9978589246202,1.0036120146634233,0.002069340256270587,0.0009069929268534227,0.0018139833516143925,5.484118543193246e-07,0.02094587031983774,0.9999986206659486,0.9963938648236521,1.0036120146634233,0.9012529956575828,0.9126343528690124,0.9,0.8990930070731467,0.8981860166483856,0.8790541296801623,0.354,0.0192
0.0,10,0.2,estimated_ratio,271838,8125,10000,0.8125,1.0092549324035645,1.0092549324035645,0.0,499.9978589246202,1.0036120146634233,0.002069340256270587,0.0009069929268534227,0.0018139833516143925,5.484118543193246e-07,0.02094587031983774,0.9999986206659486,0.9963938648236521,1.0036120146634233,0.8047305461717247,0.8200294548466025,0.8,0.7990930070731466,0.7981860166483856,0.7790541296801623,0.354,0.0192
0.0,10,0.05,estimated_ratio_clipped,271838,9545,10000,0.9545,1.2739903926849363,1.2739903926849363,0.0,499.9978589246202,1.0036120146634233,0.002069340256270587,0.0009069929268534227,0.0018139833516143925,5.484118543181667e-07,0.020945870319815627,0.9999986206659486,0.9963938648236521,1.0036120146634233,0.9502380024955971,0.9584129429854579,0.95,0.9490930070731465,0.9481860166483855,0.9290541296801843,0.354,0.0192
0.0,10,0.1,estimated_ratio_clipped,271838,9071,10000,0.9071,1.1966276168823242,1.1966276168823242,0.0,499.9978589246202,1.0036120146634233,0.002069340256270587,0.0009069929268534227,0.0018139833516143925,5.484118543181667e-07,0.020945870319815627,0.9999986206659486,0.9963938648236521,1.0036120146634233,0.9012529956575828,0.9126343528690124,0.9,0.8990930070731467,0.8981860166483856,0.8790541296801844,0.354,0.0192
0.0,10,0.2,estimated_ratio_clipped,271838,8125,10000,0.8125,1.0092549324035645,1.0092549324035645,0.0,499.9978589246202,1.0036120146634233,0.002069340256270587,0.0009069929268534227,0.0018139833516143925,5.484118543181667e-07,0.020945870319815627,0.9999986206659486,0.9963938648236521,1.0036120146634233,0.8047305461717247,0.8200294548466025,0.8,0.7990930070731466,0.7981860166483856,0.7790541296801844,0.354,0.0192
0.0,11,0.05,unweighted,271839,9487,10000,0.9487,1.257892370223999,1.257892370223999,0.0,500.0,1.0,0.0,0.0,0.0,0.0,0.0,1.0,1.0,1.0,0.9442012419043152,0.9528541579578395,0.95,0.95,0.95,0.95,0.364,0.0192
0.0,11,0.1,unweighted,271839,8983,10000,0.8983,1.172321081161499,1.172321081161499,0.0,500.0,1.0,0.0,0.0,0.0,0.0,0.0,1.0,1.0,1.0,0.8922221590163811,0.9040719478815379,0.9,0.9,0.9,0.9,0.364,0.0192
0.0,11,0.2,unweighted,271839,8045,10000,0.8045,0.9957479238510132,0.9957479238510132,0.0,500.0,1.0,0.0,0.0,0.0,0.0,0.0,1.0,1.0,1.0,0.7966107601129585,0.8121553848792994,0.8,0.8,0.8,0.8,0.364,0.0192
0.0,11,0.05,oracle_ratio,271839,9487,10000,0.9487,1.257892370223999,1.257892370223999,0.0,500.0,1.0,0.0,0.0,0.0,0.0,0.0,1.0,1.0,1.0,0.9442012419043152,0.9528541579578395,0.95,0.95,0.95,0.95,0.364,0.0192
0.0,11,0.1,oracle_ratio,271839,8983,10000,0.8983,1.172321081161499,1.172321081161499,0.0,500.0,1.0,0.0,0.0,0.0,0.0,0.0,1.0,1.0,1.0,0.8922221590163811,0.9040719478815379,0.9,0.9,0.9,0.9,0.364,0.0192
0.0,11,0.2,oracle_ratio,271839,8045,10000,0.8045,0.9957479238510132,0.9957479238510132,0.0,500.0,1.0,0.0,0.0,0.0,0.0,0.0,1.0,1.0,1.0,0.7966107601129585,0.8121553848792994,0.8,0.8,0.8,0.8,0.364,0.0192
0.0,11,0.05,estimated_ratio,271839,9487,10000,0.9487,1.257892370223999,1.257892370223999,0.0,499.6932795470518,1.0446938421113772,0.024775339485606607,0.010960832363679947,0.02193000735628742,8.010721361431571e-05,0.253151675663924,1.0004243178047303,0.9574169964308733,1.0446938421113772,0.9442012419043152,0.9528541579578395,0.95,0.93903916763632,0.9280699926437125,0.6968483243360759,0.364,0.0192
0.0,11,0.1,estimated_ratio,271839,8934,10000,0.8934,1.1501529216766355,1.1501529216766355,0.0,499.6932795470518,1.0446938421113772,0.024775339485606607,0.010960832363679947,0.02193000735628742,8.010721361431571e-05,0.253151675663924,1.0004243178047303,0.9574169964308733,1.0446938421113772,0.8871996823258973,0.8992981877560543,0.9,0.8890391676363201,0.8780699926437125,0.6468483243360761,0.364,0.0192
0.0,11,0.2,estimated_ratio,271839,7985,10000,0.7985,0.98867267370224,0.98867267370224,0.0,499.6932795470518,1.0446938421113772,0.024775339485606607,0.010960832363679947,0.02193000735628742,8.010721361431571e-05,0.253151675663924,1.0004243178047303,0.9574169964308733,1.0446938421113772,0.7905242307431798,0.8062465222295262,0.8,0.7890391676363201,0.7780699926437126,0.546848324336076,0.364,0.0192
0.0,11,0.05,estimated_ratio_clipped,271839,9487,10000,0.9487,1.257892370223999,1.257892370223999,0.0,499.6932795470518,1.0446938421113772,0.024775339485606607,0.010960832363679947,0.02193000735628742,8.010721361431569e-05,0.25315167566392394,1.0004243178047303,0.9574169964308733,1.0446938421113772,0.9442012419043152,0.9528541579578395,0.95,0.93903916763632,0.9280699926437125,0.696848324336076,0.364,0.0192
0.0,11,0.1,estimated_ratio_clipped,271839,8934,10000,0.8934,1.1501529216766355,1.1501529216766355,0.0,499.6932795470518,1.0446938421113772,0.024775339485606607,0.010960832363679947,0.02193000735628742,8.010721361431569e-05,0.25315167566392394,1.0004243178047303,0.9574169964308733,1.0446938421113772,0.8871996823258973,0.8992981877560543,0.9,0.8890391676363201,0.8780699926437125,0.6468483243360761,0.364,0.0192
0.0,11,0.2,estimated_ratio_clipped,271839,7985,10000,0.7985,0.98867267370224,0.98867267370224,0.0,499.6932795470518,1.0446938421113772,0.024775339485606607,0.010960832363679947,0.02193000735628742,8.010721361431569e-05,0.25315167566392394,1.0004243178047303,0.9574169964308733,1.0446938421113772,0.7905242307431798,0.8062465222295262,0.8,0.7890391676363201,0.7780699926437126,0.5468483243360761,0.364,0.0192
0.0,12,0.05,unweighted,271840,9510,10000,0.951,1.2739903926849363,1.2739903926849363,0.0,500.0,1.0,0.0,0.0,0.0,0.0,0.0,1.0,1.0,1.0,0.9465931501775137,0.955060483292136,0.95,0.95,0.95,0.95,0.35,0.0192
0.0,12,0.1,unweighted,271840,9103,10000,0.9103,1.20262348651886,1.20262348651886,0.0,500.0,1.0,0.0,0.0,0.0,0.0,0.0,1.0,1.0,1.0,0.9045406786195819,0.915744212317441,0.9,0.9,0.9,0.9,0.35,0.0192
0.0,12,0.2,unweighted,271840,8044,10000,0.8044,0.9957479238510132,0.9957479238510132,0.0,500.0,1.0,0.0,0.0,0.0,0.0,0.0,1.0,1.0,1.0,0.7965092950720701,0.812056926719862,0.8,0.8,0.8,0.8,0.35,0.0192
0.0,12,0.05,oracle_ratio,271840,9510,10000,0.951,1.2739903926849363,1.2739903926849363,0.0,500.0,1.0,0.0,0.0,0.0,0.0,0.0,1.0,1.0,1.0,0.9465931501775137,0.955060483292136,0.95,0.95,0.95,0.95,0.35,0.0192
0.0,12,0.1,oracle_ratio,271840,9103,10000,0.9103,1.20262348651886,1.20262348651886,0.0,500.0,1.0,0.0,0.0,0.0,0.0,0.0,1.0,1.0,1.0,0.9045406786195819,0.915744212317441,0.9,0.9,0.9,0.9,0.35,0.0192
0.0,12,0.2,oracle_ratio,271840,8044,10000,0.8044,0.9957479238510132,0.9957479238510132,0.0,500.0,1.0,0.0,0.0,0.0,0.0,0.0,1.0,1.0,1.0,0.7965092950720701,0.812056926719862,0.8,0.8,0.8,0.8,0.35,0.0192
0.0,12,0.05,estimated_ratio,271840,9582,10000,0.9582,1.279902100563049,1.279902100563049,0.0,499.66998218984094,1.0459077119479663,0.02569964114673009,0.011273452962161656,0.022553933068684515,8.474118134785859e-05,0.2603707838415955,1.0003597613584811,0.9561469575442383,1.0459077119479663,0.9540983478952283,0.9619497559978838,0.95,0.9387265470378383,0.9274460669313155,0.6896292161584044,0.35,0.0192
0.0,12,0.1,estimated_ratio,271840,9103,10000,0.9103,1.20262348651886,1.20262348651886,0.0,499.66998218984094,1.0459077119479663,0.02569964114673009,0.011273452962161656,0.022553933068684515,8.474118134785859e-05,0.2603707838415955,1.0003597613584811,0.9561469575442383,1.0459077119479663,0.9045406786195819,0.915744212317441,0.9,0.8887265470378384,0.8774460669313155,0.6396292161584045,0.35,0.0192
0.0,12,0.2,estimated_ratio,271840,8098,10000,0.8098,1.0019125938415527,1.0019125938415527,0.0,499.66998218984094,1.0459077119479663,0.02569964114673009,0.011273452962161656,0.022553933068684515,8.474118134785859e-05,0.2603707838415955,1.0003597613584811,0.9561469575442383,1.0459077119479663,0.8019895418839755,0.8173725327255532,0.8,0.7887265470378384,0.7774460669313156,0.5396292161584045,0.35,0.0192
0.0,12,0.05,estimated_ratio_clipped,271840,9582,10000,0.9582,1.279902100563049,1.279902100563049,0.0,499.66998218984094,1.0459077119479663,0.02569964114673009,0.011273452962161656,0.022553933068684515,8.474118134786378e-05,0.2603707838416035,1.0003597613584811,0.9561469575442383,1.0459077119479663,0.9540983478952283,0.9619497559978838,0.95,0.9387265470378383,0.9274460669313155,0.6896292161583965,0.35,0.0192
0.0,12,0.1,estimated_ratio_clipped,271840,9103,10000,0.9103,1.20262348651886,1.20262348651886,0.0,499.66998218984094,1.0459077119479663,0.02569964114673009,0.011273452962161656,0.022553933068684515,8.474118134786378e-05,0.2603707838416035,1.0003597613584811,0.9561469575442383,1.0459077119479663,0.9045406786195819,0.915744212317441,0.9,0.8887265470378384,0.8774460669313155,0.6396292161583965,0.35,0.0192
0.0,12,0.2,estimated_ratio_clipped,271840,8098,10000,0.8098,1.0019125938415527,1.0019125938415527,0.0,499.66998218984094,1.0459077119479663,0.02569964114673009,0.011273452962161656,0.022553933068684515,8.474118134786378e-05,0.2603707838416035,1.0003597613584811,0.9561469575442383,1.0459077119479663,0.8019895418839755,0.8173725327255532,0.8,0.7887265470378384,0.7774460669313156,0.5396292161583965,0.35,0.0192
0.0,13,0.05,unweighted,271841,9448,10000,0.9448,1.255275011062622,1.255275011062622,0.0,500.0,1.0,0.0,0.0,0.0,0.0,0.0,1.0,1.0,1.0,0.9401508244773404,0.9491075705721055,0.95,0.95,0.95,0.95,0.358,0.0192
0.0,13,0.1,unweighted,271841,9007,10000,0.9007,1.1766608953475952,1.1766608953475952,0.0,500.0,1.0,0.0,0.0,0.0,0.0,0.0,1.0,1.0,1.0,0.8946836834291466,0.906408580276593,0.9,0.9,0.9,0.9,0.358,0.0192
0.0,13,0.2,unweighted,271841,7870,10000,0.787,0.98867267370224,0.98867267370224,0.0,500.0,1.0,0.0,0.0,0.0,0.0,0.0,1.0,1.0,1.0,0.7788659419845196,0.794913642950712,0.8,0.8,0.8,0.8,0.358,0.0192
0.0,13,0.05,oracle_ratio,271841,9448,10000,0.9448,1.255275011062622,1.255275011062622,0.0,500.0,1.0,0.0,0.0,0.0,0.0,0.0,1.0,1.0,1.0,0.9401508244773404,0.9491075705721055,0.95,0.95,0.95,0.95,0.358,0.0192
0.0,13,0.1,oracle_ratio,271841,9007,10000,0.9007,1.1766608953475952,1.1766608953475952,0.0,500.0,1.0,0.0,0.0,0.0,0.0,0.0,1.0,1.0,1.0,0.8946836834291466,0.906408580276593,0.9,0.9,0.9,0.9,0.358,0.0192
0.0,13,0.2,oracle_ratio,271841,7870,10000,0.787,0.98867267370224,0.98867267370224,0.0,500.0,1.0,0.0,0.0,0.0,0.0,0.0,1.0,1.0,1.0,0.7788659419845196,0.794913642950712,0.8,0.8,0.8,0.8,0.358,0.0192
0.0,13,0.05,estimated_ratio,271841,9448,10000,0.9448,1.255275011062622,1.255275011062622,0.0,499.8779409396922,1.0273521483343624,0.01562618727725284,0.006769199325019926,0.01354069421370619,3.05506643455002e-05,0.15633467777943624,1.000169559467532,0.9734682452485031,1.0273521483343624,0.9401508244773404,0.9491075705721055,0.95,0.94323080067498,0.9364593057862938,0.7936653222205637,0.358,0.0192
0.0,13,0.1,estimated_ratio,271841,8944,10000,0.8944,1.172321081161499,1.172321081161499,0.0,499.8779409396922,1.0273521483343624,0.01562618727725284,0.006769199325019926,0.01354069421370619,3.05506643455002e-05,0.15633467777943624,1.000169559467532,0.9734682452485031,1.0273521483343624,0.8882243448161122,0.9002727572690981,0.9,0.8932308006749801,0.8864593057862938,0.7436653222205638,0.358,0.0192
0.0,13,0.2,estimated_ratio,271841,7870,10000,0.787,0.98867267370224,0.98867267370224,0.0,499.8779409396922,1.0273521483343624,0.01562618727725284,0.006769199325019926,0.01354069421370619,3.05506643455002e-05,0.15633467777943624,1.000169559467532,0.9734682452485031,1.0273521483343624,0.7788659419845196,0.794913642950712,0.8,0.7932308006749801,0.7864593057862939,0.6436653222205638,0.358,0.0192
0.0,13,0.05,estimated_ratio_clipped,271841,9448,10000,0.9448,1.255275011062622,1.255275011062622,0.0,499.8779409396922,1.0273521483343624,0.01562618727725284,0.006769199325019926,0.01354069421370619,3.055066434549811e-05,0.1563346777794309,1.000169559467532,0.9734682452485031,1.0273521483343624,0.9401508244773404,0.9491075705721055,0.95,0.94323080067498,0.9364593057862938,0.7936653222205691,0.358,0.0192
0.0,13,0.1,estimated_ratio_clipped,271841,8944,10000,0.8944,1.172321081161499,1.172321081161499,0.0,499.8779409396922,1.0273521483343624,0.01562618727725284,0.006769199325019926,0.01354069421370619,3.055066434549811e-05,0.1563346777794309,1.000169559467532,0.9734682452485031,1.0273521483343624,0.8882243448161122,0.9002727572690981,0.9,0.8932308006749801,0.8864593057862938,0.7436653222205691,0.358,0.0192
0.0,13,0.2,estimated_ratio_clipped,271841,7870,10000,0.787,0.98867267370224,0.98867267370224,0.0,499.8779409396922,1.0273521483343624,0.01562618727725284,0.006769199325019926,0.01354069421370619,3.055066434549811e-05,0.1563346777794309,1.000169559467532,0.9734682452485031,1.0273521483343624,0.7788659419845196,0.794913642950712,0.8,0.7932308006749801,0.7864593057862939,0.6436653222205692,0.358,0.0192
0.0,14,0.05,unweighted,271842,9544,10000,0.9544,1.2739903926849363,1.2739903926849363,0.0,500.0,1.0,0.0,0.0,0.0,0.0,0.0,1.0,1.0,1.0,0.9501337754190674,0.9583172468616618,0.95,0.95,0.95,0.95,0.362,0.0192
0.0,14,0.1,unweighted,271842,8983,10000,0.8983,1.172321081161499,1.172321081161499,0.0,500.0,1.0,0.0,0.0,0.0,0.0,0.0,1.0,1.0,1.0,0.8922221590163811,0.9040719478815379,0.9,0.9,0.9,0.9,0.362,0.0192
0.0,14,0.2,unweighted,271842,8191,10000,0.8191,1.02435564994812,1.02435564994812,0.0,500.0,1.0,0.0,0.0,0.0,0.0,0.0,1.0,1.0,1.0,0.8114333262692475,0.8265216059705869,0.8,0.8,0.8,0.8,0.362,0.0192
0.0,14,0.05,oracle_ratio,271842,9544,10000,0.9544,1.2739903926849363,1.2739903926849363,0.0,500.0,1.0,0.0,0.0,0.0,0.0,0.0,1.0,1.0,1.0,0.9501337754190674,0.9583172468616618,0.95,0.95,0.95,0.95,0.362,0.0192
0.0,14,0.1,oracle_ratio,271842,8983,10000,0.8983,1.172321081161499,1.172321081161499,0.0,500.0,1.0,0.0,0.0,0.0,0.0,0.0,1.0,1.0,1.0,0.8922221590163811,0.9040719478815379,0.9,0.9,0.9,0.9,0.362,0.0192
0.0,14,0.2,oracle_ratio,271842,8191,10000,0.8191,1.02435564994812,1.02435564994812,0.0,500.0,1.0,0.0,0.0,0.0,0.0,0.0,1.0,1.0,1.0,0.8114333262692475,0.8265216059705869,0.8,0.8,0.8,0.8,0.362,0.0192
0.0,14,0.05,estimated_ratio,271842,9544,10000,0.9544,1.2739903926849363,1.2739903926849363,0.0,499.90241155843967,1.0236270983938598,0.01397193560581519,0.005889127827488654,0.011778372058884226,2.3123261200910987e-05,0.13600959142916644,1.0000098829495918,0.9767568703551646,1.0236270983938598,0.9501337754190674,0.9583172468616618,0.95,0.9441108721725113,0.9382216279411157,0.8139904085708335,0.362,0.0192
0.0,14,0.1,estimated_ratio,271842,8983,10000,0.8983,1.172321081161499,1.172321081161499,0.0,499.90241155843967,1.0236270983938598,0.01397193560581519,0.005889127827488654,0.011778372058884226,2.3123261200910987e-05,0.13600959142916644,1.0000098829495918,0.9767568703551646,1.0236270983938598,0.8922221590163811,0.9040719478815379,0.9,0.8941108721725114,0.8882216279411158,0.7639904085708336,0.362,0.0192
0.0,14,0.2,estimated_ratio,271842,8191,10000,0.8191,1.02435564994812,1.02435564994812,0.0,499.90241155843967,1.0236270983938598,0.01397193560581519,0.005889127827488654,0.011778372058884226,2.3123261200910987e-05,0.13600959142916644,1.0000098829495918,0.9767568703551646,1.0236270983938598,0.8114333262692475,0.8265216059705869,0.8,0.7941108721725114,0.7882216279411158,0.6639904085708336,0.362,0.0192
0.0,14,0.05,estimated_ratio_clipped,271842,9544,10000,0.9544,1.2739903926849363,1.2739903926849363,0.0,499.90241155843967,1.0236270983938598,0.01397193560581519,0.005889127827488654,0.011778372058884226,2.3123261200912105e-05,0.13600959142916974,1.0000098829495918,0.9767568703551646,1.0236270983938598,0.9501337754190674,0.9583172468616618,0.95,0.9441108721725113,0.9382216279411157,0.8139904085708303,0.362,0.0192
0.0,14,0.1,estimated_ratio_clipped,271842,8983,10000,0.8983,1.172321081161499,1.172321081161499,0.0,499.90241155843967,1.0236270983938598,0.01397193560581519,0.005889127827488654,0.011778372058884226,2.3123261200912105e-05,0.13600959142916974,1.0000098829495918,0.9767568703551646,1.0236270983938598,0.8922221590163811,0.9040719478815379,0.9,0.8941108721725114,0.8882216279411158,0.7639904085708302,0.362,0.0192
0.0,14,0.2,estimated_ratio_clipped,271842,8191,10000,0.8191,1.02435564994812,1.02435564994812,0.0,499.90241155843967,1.0236270983938598,0.01397193560581519,0.005889127827488654,0.011778372058884226,2.3123261200912105e-05,0.13600959142916974,1.0000098829495918,0.9767568703551646,1.0236270983938598,0.8114333262692475,0.8265216059705869,0.8,0.7941108721725114,0.7882216279411158,0.6639904085708304,0.362,0.0192
0.0,15,0.05,unweighted,271843,9376,10000,0.9376,1.2524614334106443,1.2524614334106443,0.0,500.0,1.0,0.0,0.0,0.0,0.0,0.0,1.0,1.0,1.0,0.9326891216558889,0.9421748029700948,0.95,0.95,0.95,0.95,0.358,0.0192
0.0,15,0.1,unweighted,271843,9004,10000,0.9004,1.1766608953475952,1.1766608953475952,0.0,500.0,1.0,0.0,0.0,0.0,0.0,0.0,1.0,1.0,1.0,0.8943759359523252,0.906116558152437,0.9,0.9,0.9,0.9,0.358,0.0192
0.0,15,0.2,unweighted,271843,7975,10000,0.7975,0.9957479238510132,0.9957479238510132,0.0,500.0,1.0,0.0,0.0,0.0,0.0,0.0,1.0,1.0,1.0,0.7895100771784127,0.8052614437910346,0.8,0.8,0.8,0.8,0.358,0.0192
0.0,15,0.05,oracle_ratio,271843,9376,10000,0.9376,1.2524614334106443,1.2524614334106443,0.0,500.0,1.0,0.0,0.0,0.0,0.0,0.0,1.0,1.0,1.0,0.9326891216558889,0.9421748029700948,0.95,0.95,0.95,0.95,0.358,0.0192
0.0,15,0.1,oracle_ratio,271843,9004,10000,0.9004,1.1766608953475952,1.1766608953475952,0.0,500.0,1.0,0.0,0.0,0.0,0.0,0.0,1.0,1.0,1.0,0.8943759359523252,0.906116558152437,0.9,0.9,0.9,0.9,0.358,0.0192
0.0,15,0.2,oracle_ratio,271843,7975,10000,0.7975,0.9957479238510132,0.9957479238510132,0.0,500.0,1.0,0.0,0.0,0.0,0.0,0.0,1.0,1.0,1.0,0.7895100771784127,0.8052614437910346,0.8,0.8,0.8,0.8,0.358,0.0192
0.0,15,0.05,estimated_ratio,271843,9376,10000,0.9376,1.2524614334106443,1.2524614334106443,0.0,499.6741730042057,1.0449677499098131,0.025535836023525705,0.01116879291383964,0.022336047029855043,8.320144873899139e-05,0.25799449411022923,0.9998709161765585,0.9560839124730455,1.0449677499098131,0.9326891216558889,0.9421748029700948,0.95,0.9388312070861603,0.9276639529701449,0.6920055058897707,0.358,0.0192
0.0,15,0.1,estimated_ratio,271843,9004,10000,0.9004,1.1766608953475952,1.1766608953475952,0.0,499.6741730042057,1.0449677499098131,0.025535836023525705,0.01116879291383964,0.022336047029855043,8.320144873899139e-05,0.25799449411022923,0.9998709161765585,0.9560839124730455,1.0449677499098131,0.8943759359523252,0.906116558152437,0.9,0.8888312070861604,0.877663952970145,0.6420055058897708,0.358,0.0192
0.0,15,0.2,estimated_ratio,271843,8022,10000,0.8022,1.0019125938415527,1.0019125938415527,0.0,499.6741730042057,1.0449677499098131,0.025535836023525705,0.01116879291383964,0.022336047029855043,8.320144873899139e-05,0.25799449411022923,0.9998709161765585,0.9560839124730455,1.0449677499098131,0.794277261821851,0.8098906495629121,0.8,0.7888312070861604,0.777663952970145,0.5420055058897708,0.358,0.0192
0.0,15,0.05,estimated_ratio_clipped,271843,9376,10000,0.9376,1.2524614334106443,1.2524614334106443,0.0,499.6741730042057,1.0449677499098131,0.025535836023525705,0.01116879291383964,0.022336047029855043,8.320144873899294e-05,0.2579944941102316,0.9998709161765585,0.9560839124730455,1.0449677499098131,0.9326891216558889,0.9421748029700948,0.95,0.9388312070861603,0.9276639529701449,0.6920055058897683,0.358,0.0192
0.0,15,0.1,estimated_ratio_clipped,271843,9004,10000,0.9004,1.1766608953475952,1.1766608953475952,0.0,499.6741730042057,1.0449677499098131,0.025535836023525705,0.01116879291383964,0.022336047029855043,8.320144873899294e-05,0.2579944941102316,0.9998709161765585,0.9560839124730455,1.0449677499098131,0.8943759359523252,0.906116558152437,0.9,0.8888312070861604,0.877663952970145,0.6420055058897685,0.358,0.0192
0.0,15,0.2,estimated_ratio_clipped,271843,8022,10000,0.8022,1.0019125938415527,1.0019125938415527,0.0,499.6741730042057,1.0449677499098131,0.025535836023525705,0.01116879291383964,0.022336047029855043,8.320144873899294e-05,0.2579944941102316,0.9998709161765585,0.9560839124730455,1.0449677499098131,0.794277261821851,0.8098906495629121,0.8,0.7888312070861604,0.777663952970145,0.5420055058897684,0.358,0.0192
0.0,16,0.05,unweighted,271844,9320,10000,0.932,1.245755910873413,1.245755910873413,0.0,500.0,1.0,0.0,0.0,0.0,0.0,0.0,1.0,1.0,1.0,0.9268981427551122,0.9367700826526233,0.95,0.95,0.95,0.95,0.352,0.0192
0.0,16,0.1,unweighted,271844,8779,10000,0.8779,1.135647535324097,1.135647535324097,0.0,500.0,1.0,0.0,0.0,0.0,0.0,0.0,1.0,1.0,1.0,0.8713375313540458,0.8841722426773969,0.9,0.9,0.9,0.9,0.352,0.0192
0.0,16,0.2,unweighted,271844,7511,10000,0.7511,0.9496273398399351,0.9496273398399352,0.0,500.0,1.0,0.0,0.0,0.0,0.0,0.0,1.0,1.0,1.0,0.7425302476154535,0.7594769084027927,0.8,0.8,0.8,0.8,0.352,0.0192
0.0,16,0.05,oracle_ratio,271844,9320,10000,0.932,1.245755910873413,1.245755910873413,0.0,500.0,1.0,0.0,0.0,0.0,0.0,0.0,1.0,1.0,1.0,0.9268981427551122,0.9367700826526233,0.95,0.95,0.95,0.95,0.352,0.0192
0.0,16,0.1,oracle_ratio,271844,8779,10000,0.8779,1.135647535324097,1.135647535324097,0.0,500.0,1.0,0.0,0.0,0.0,0.0,0.0,1.0,1.0,1.0,0.8713375313540458,0.8841722426773969,0.9,0.9,0.9,0.9,0.352,0.0192
0.0,16,0.2,oracle_ratio,271844,7511,10000,0.7511,0.9496273398399351,0.9496273398399352,0.0,500.0,1.0,0.0,0.0,0.0,0.0,0.0,1.0,1.0,1.0,0.7425302476154535,0.7594769084027927,0.8,0.8,0.8,0.8,0.352,0.0192
0.0,16,0.05,estimated_ratio,271844,9320,10000,0.932,1.245755910873413,1.245755910873413,0.0,499.9862848577248,1.0090957881062228,0.005237464748502676,0.00226959302336896,0.004539355159780552,3.4340510812739052e-06,0.05241412848668881,1.0000372562483437,0.9910328158789031,1.0090957881062228,0.9268981427551122,0.9367700826526233,0.95,0.947730406976631,0.9454606448402194,0.8975858715133112,0.352,0.0192
0.0,16,0.1,estimated_ratio,271844,8779,10000,0.8779,1.135647535324097,1.135647535324097,0.0,499.9862848577248,1.0090957881062228,0.005237464748502676,0.00226959302336896,0.004539355159780552,3.4340510812739052e-06,0.05241412848668881,1.0000372562483437,0.9910328158789031,1.0090957881062228,0.8713375313540458,0.8841722426773969,0.9,0.8977304069766311,0.8954606448402195,0.8475858715133112,0.352,0.0192
0.0,16,0.2,estimated_ratio,271844,7567,10000,0.7567,0.95711350440979,0.95711350440979,0.0,499.9862848577248,1.0090957881062228,0.005237464748502676,0.00226959302336896,0.004539355159780552,3.4340510812739052e-06,0.05241412848668881,1.0000372562483437,0.9910328158789031,1.0090957881062228,0.7481927547867192,0.7650101004497755,0.8,0.7977304069766311,0.7954606448402195,0.7475858715133112,0.352,0.0192
0.0,16,0.05,estimated_ratio_clipped,271844,9320,10000,0.932,1.245755910873413,1.245755910873413,0.0,499.9862848577248,1.0090957881062228,0.005237464748502676,0.00226959302336896,0.004539355159780552,3.4340510812767983e-06,0.0524141284867109,1.0000372562483437,0.9910328158789031,1.0090957881062228,0.9268981427551122,0.9367700826526233,0.95,0.947730406976631,0.9454606448402194,0.8975858715132891,0.352,0.0192
0.0,16,0.1,estimated_ratio_clipped,271844,8779,10000,0.8779,1.135647535324097,1.135647535324097,0.0,499.9862848577248,1.0090957881062228,0.005237464748502676,0.00226959302336896,0.004539355159780552,3.4340510812767983e-06,0.0524141284867109,1.0000372562483437,0.9910328158789031,1.0090957881062228,0.8713375313540458,0.8841722426773969,0.9,0.8977304069766311,0.8954606448402195,0.8475858715132891,0.352,0.0192
0.0,16,0.2,estimated_ratio_clipped,271844,7567,10000,0.7567,0.95711350440979,0.95711350440979,0.0,499.9862848577248,1.0090957881062228,0.005237464748502676,0.00226959302336896,0.004539355159780552,3.4340510812767983e-06,0.0524141284867109,1.0000372562483437,0.9910328158789031,1.0090957881062228,0.7481927547867192,0.7650101004497755,0.8,0.7977304069766311,0.7954606448402195,0.7475858715132891,0.352,0.0192
0.0,17,0.05,unweighted,271845,9476,10000,0.9476,1.2739903926849363,1.2739903926849363,0.0,500.0,1.0,0.0,0.0,0.0,0.0,0.0,1.0,1.0,1.0,0.9430581464493888,0.9517980982091814,0.95,0.95,0.95,0.95,0.348,0.0192
0.0,17,0.1,unweighted,271845,8840,10000,0.884,1.1501529216766355,1.1501529216766355,0.0,500.0,1.0,0.0,0.0,0.0,0.0,0.0,1.0,1.0,1.0,0.8775757244107678,0.8901293648405526,0.9,0.9,0.9,0.9,0.348,0.0192
0.0,17,0.2,unweighted,271845,7819,10000,0.7819,0.9703732132911682,0.9703732132911682,0.0,500.0,1.0,0.0,0.0,0.0,0.0,0.0,1.0,1.0,1.0,0.7736987985065461,0.7898847032120665,0.8,0.8,0.8,0.8,0.348,0.0192
0.0,17,0.05,oracle_ratio,271845,9476,10000,0.9476,1.2739903926849363,1.2739903926849363,0.0,500.0,1.0,0.0,0.0,0.0,0.0,0.0,1.0,1.0,1.0,0.9430581464493888,0.9517980982091814,0.95,0.95,0.95,0.95,0.348,0.0192
0.0,17,0.1,oracle_ratio,271845,8840,10000,0.884,1.1501529216766355,1.1501529216766355,0.0,500.0,1.0,0.0,0.0,0.0,0.0,0.0,1.0,1.0,1.0,0.8775757244107678,0.8901293648405526,0.9,0.9,0.9,0.9,0.348,0.0192
0.0,17,0.2,oracle_ratio,271845,7819,10000,0.7819,0.9703732132911682,0.9703732132911682,0.0,500.0,1.0,0.0,0.0,0.0,0.0,0.0,1.0,1.0,1.0,0.7736987985065461,0.7898847032120665,0.8,0.8,0.8,0.8,0.348,0.0192
0.0,17,0.05,estimated_ratio,271845,9476,10000,0.9476,1.2739903926849363,1.2739903926849363,0.0,499.7915126397503,1.035326516193517,0.02042421751122001,0.00881049146479482,0.01761999108524669,5.1770959032493455e-05,0.20351109853272073,0.9998623263739748,0.9652132068243479,1.035326516193517,0.9430581464493888,0.9517980982091814,0.95,0.9411895085352051,0.9323800089147533,0.7464889014672792,0.348,0.0192
0.0,17,0.1,estimated_ratio,271845,8840,10000,0.884,1.1501529216766355,1.1501529216766355,0.0,499.7915126397503,1.035326516193517,0.02042421751122001,0.00881049146479482,0.01761999108524669,5.1770959032493455e-05,0.20351109853272073,0.9998623263739748,0.9652132068243479,1.035326516193517,0.8775757244107678,0.8901293648405526,0.9,0.8911895085352052,0.8823800089147533,0.6964889014672793,0.348,0.0192
0.0,17,0.2,estimated_ratio,271845,7720,10000,0.772,0.9664736986160278,0.9664736986160278,0.0,499.7915126397503,1.035326516193517,0.02042421751122001,0.00881049146479482,0.01761999108524669,5.1770959032493455e-05,0.20351109853272073,0.9998623263739748,0.9652132068243479,1.035326516193517,0.7636735839133689,0.780117520972983,0.8,0.7911895085352052,0.7823800089147533,0.5964889014672793,0.348,0.0192
0.0,17,0.05,estimated_ratio_clipped,271845,9476,10000,0.9476,1.2739903926849363,1.2739903926849363,0.0,499.7915126397503,1.035326516193517,0.02042421751122001,0.00881049146479482,0.01761999108524669,5.177095903249739e-05,0.20351109853272847,0.9998623263739748,0.9652132068243479,1.035326516193517,0.9430581464493888,0.9517980982091814,0.95,0.9411895085352051,0.9323800089147533,0.7464889014672715,0.348,0.0192
0.0,17,0.1,estimated_ratio_clipped,271845,8840,10000,0.884,1.1501529216766355,1.1501529216766355,0.0,499.7915126397503,1.035326516193517,0.02042421751122001,0.00881049146479482,0.01761999108524669,5.177095903249739e-05,0.20351109853272847,0.9998623263739748,0.9652132068243479,1.035326516193517,0.8775757244107678,0.8901293648405526,0.9,0.8911895085352052,0.8823800089147533,0.6964889014672715,0.348,0.0192
0.0,17,0.2,estimated_ratio_clipped,271845,7720,10000,0.772,0.9664736986160278,0.9664736986160278,0.0,499.7915126397503,1.035326516193517,0.02042421751122001,0.00881049146479482,0.01761999108524669,5.177095903249739e-05,0.20351109853272847,0.9998623263739748,0.9652132068243479,1.035326516193517,0.7636735839133689,0.780117520972983,0.8,0.7911895085352052,0.7823800089147533,0.5964889014672716,0.348,0.0192
0.0,18,0.05,unweighted,271846,9688,10000,0.9688,1.2983108758926392,1.2983108758926392,0.0,500.0,1.0,0.0,0.0,0.0,0.0,0.0,1.0,1.0,1.0,0.9652083314603548,0.9720316316672988,0.95,0.95,0.95,0.95,0.358,0.0192
0.0,18,0.1,unweighted,271846,9154,10000,0.9154,1.20262348651886,1.20262348651886,0.0,500.0,1.0,0.0,0.0,0.0,0.0,0.0,1.0,1.0,1.0,0.9097849056455499,0.9206960685080919,0.9,0.9,0.9,0.9,0.358,0.0192
0.0,18,0.2,unweighted,271846,8069,10000,0.8069,1.0019125938415527,1.0019125938415527,0.0,500.0,1.0,0.0,0.0,0.0,0.0,0.0,1.0,1.0,1.0,0.7990461576023697,0.8145181441977087,0.8,0.8,0.8,0.8,0.358,0.0192
0.0,18,0.05,oracle_ratio,271846,9688,10000,0.9688,1.2983108758926392,1.2983108758926392,0.0,500.0,1.0,0.0,0.0,0.0,0.0,0.0,1.0,1.0,1.0,0.9652083314603548,0.9720316316672988,0.95,0.95,0.95,0.95,0.358,0.0192
0.0,18,0.1,oracle_ratio,271846,9154,10000,0.9154,1.20262348651886,1.20262348651886,0.0,500.0,1.0,0.0,0.0,0.0,0.0,0.0,1.0,1.0,1.0,0.9097849056455499,0.9206960685080919,0.9,0.9,0.9,0.9,0.358,0.0192
0.0,18,0.2,oracle_ratio,271846,8069,10000,0.8069,1.0019125938415527,1.0019125938415527,0.0,500.0,1.0,0.0,0.0,0.0,0.0,0.0,1.0,1.0,1.0,0.7990461576023697,0.8145181441977087,0.8,0.8,0.8,0.8,0.358,0.0192
0.0,18,0.05,estimated_ratio,271846,9745,10000,0.9745,1.3028135299682615,1.3028135299682615,0.0,499.96009569443135,1.0158568525423466,0.0089339230498063,0.003956821854795873,0.007913873323407051,1.0437733684505733e-05,0.09137935733854001,1.0000290149296245,0.9843655878348637,1.0158568525423466,0.9712233682732674,0.9774122172729605,0.95,0.9460431781452041,0.9420861266765929,0.85862064266146,0.358,0.0192
0.0,18,0.1,estimated_ratio,271846,9154,10000,0.9154,1.20262348651886,1.20262348651886,0.0,499.96009569443135,1.0158568525423466,0.0089339230498063,0.003956821854795873,0.007913873323407051,1.0437733684505733e-05,0.09137935733854001,1.0000290149296245,0.9843655878348637,1.0158568525423466,0.9097849056455499,0.9206960685080919,0.9,0.8960431781452042,0.8920861266765929,0.80862064266146,0.358,0.0192
0.0,18,0.2,estimated_ratio,271846,8132,10000,0.8132,1.0092549324035645,1.0092549324035645,0.0,499.96009569443135,1.0158568525423466,0.0089339230498063,0.003956821854795873,0.007913873323407051,1.0437733684505733e-05,0.09137935733854001,1.0000290149296245,0.9843655878348637,1.0158568525423466,0.8054412744840118,0.8207181889365964,0.8,0.7960431781452042,0.792086126676593,0.7086206426614601,0.358,0.0192
0.0,18,0.05,estimated_ratio_clipped,271846,9745,10000,0.9745,1.3028135299682615,1.3028135299682615,0.0,499.96009569443135,1.0158568525423466,0.0089339230498063,0.003956821854795873,0.007913873323407051,1.0437733684503168e-05,0.09137935733852877,1.0000290149296245,0.9843655878348637,1.0158568525423466,0.9712233682732674,0.9774122172729605,0.95,0.9460431781452041,0.9420861266765929,0.8586206426614712,0.358,0.0192
0.0,18,0.1,estimated_ratio_clipped,271846,9154,10000,0.9154,1.20262348651886,1.20262348651886,0.0,499.96009569443135,1.0158568525423466,0.0089339230498063,0.003956821854795873,0.007913873323407051,1.0437733684503168e-05,0.09137935733852877,1.0000290149296245,0.9843655878348637,1.0158568525423466,0.9097849056455499,0.9206960685080919,0.9,0.8960431781452042,0.8920861266765929,0.8086206426614713,0.358,0.0192
0.0,18,0.2,estimated_ratio_clipped,271846,8132,10000,0.8132,1.0092549324035645,1.0092549324035645,0.0,499.96009569443135,1.0158568525423466,0.0089339230498063,0.003956821854795873,0.007913873323407051,1.0437733684503168e-05,0.09137935733852877,1.0000290149296245,0.9843655878348637,1.0158568525423466,0.8054412744840118,0.8207181889365964,0.8,0.7960431781452042,0.792086126676593,0.7086206426614713,0.358,0.0192
0.0,19,0.05,unweighted,271847,9537,10000,0.9537,1.2739903926849363,1.2739903926849363,0.0,500.0,1.0,0.0,0.0,0.0,0.0,0.0,1.0,1.0,1.0,0.9494043355656253,0.9576472243128226,0.95,0.95,0.95,0.95,0.352,0.0192
0.0,19,0.1,unweighted,271847,9086,10000,0.9086,1.1966276168823242,1.1966276168823242,0.0,500.0,1.0,0.0,0.0,0.0,0.0,0.0,1.0,1.0,1.0,0.9027938361718608,0.914092360359622,0.9,0.9,0.9,0.9,0.352,0.0192
0.0,19,0.2,unweighted,271847,8014,10000,0.8014,0.9957479238510132,0.9957479238510132,0.0,500.0,1.0,0.0,0.0,0.0,0.0,0.0,1.0,1.0,1.0,0.7934657065589626,0.8091028192231934,0.8,0.8,0.8,0.8,0.352,0.0192
0.0,19,0.05,oracle_ratio,271847,9537,10000,0.9537,1.2739903926849363,1.2739903926849363,0.0,500.0,1.0,0.0,0.0,0.0,0.0,0.0,1.0,1.0,1.0,0.9494043355656253,0.9576472243128226,0.95,0.95,0.95,0.95,0.352,0.0192
0.0,19,0.1,oracle_ratio,271847,9086,10000,0.9086,1.1966276168823242,1.1966276168823242,0.0,500.0,1.0,0.0,0.0,0.0,0.0,0.0,1.0,1.0,1.0,0.9027938361718608,0.914092360359622,0.9,0.9,0.9,0.9,0.352,0.0192
0.0,19,0.2,oracle_ratio,271847,8014,10000,0.8014,0.9957479238510132,0.9957479238510132,0.0,500.0,1.0,0.0,0.0,0.0,0.0,0.0,1.0,1.0,1.0,0.7934657065589626,0.8091028192231934,0.8,0.8,0.8,0.8,0.352,0.0192
0.0,19,0.05,estimated_ratio,271847,9537,10000,0.9537,1.2739903926849363,1.2739903926849363,0.0,499.95097232607395,1.0171573625113572,0.009902775552663407,0.004284840864463498,0.0085697698603381,1.2240271826923466e-05,0.09895563380393646,1.0000102840938432,0.9830560024318321,1.0171573625113572,0.9494043355656253,0.9576472243128226,0.95,0.9457151591355365,0.9414302301396619,0.8510443661960635,0.352,0.0192
0.0,19,0.1,estimated_ratio,271847,9132,10000,0.9132,1.20262348651886,1.20262348651886,0.0,499.95097232607395,1.0171573625113572,0.009902775552663407,0.004284840864463498,0.0085697698603381,1.2240271826923466e-05,0.09895563380393646,1.0000102840938432,0.9830560024318321,1.0171573625113572,0.9075219933019135,0.9185606704445594,0.9,0.8957151591355366,0.8914302301396619,0.8010443661960636,0.352,0.0192
0.0,19,0.2,estimated_ratio,271847,8014,10000,0.8014,0.9957479238510132,0.9957479238510132,0.0,499.95097232607395,1.0171573625113572,0.009902775552663407,0.004284840864463498,0.0085697698603381,1.2240271826923466e-05,0.09895563380393646,1.0000102840938432,0.9830560024318321,1.0171573625113572,0.7934657065589626,0.8091028192231934,0.8,0.7957151591355366,0.791430230139662,0.7010443661960636,0.352,0.0192
0.0,19,0.05,estimated_ratio_clipped,271847,9537,10000,0.9537,1.2739903926849363,1.2739903926849363,0.0,499.95097232607395,1.0171573625113572,0.009902775552663407,0.004284840864463498,0.0085697698603381,1.2240271826921156e-05,0.0989556338039271,1.0000102840938432,0.9830560024318321,1.0171573625113572,0.9494043355656253,0.9576472243128226,0.95,0.9457151591355365,0.9414302301396619,0.8510443661960728,0.352,0.0192
0.0,19,0.1,estimated_ratio_clipped,271847,9132,10000,0.9132,1.20262348651886,1.20262348651886,0.0,499.95097232607395,1.0171573625113572,0.009902775552663407,0.004284840864463498,0.0085697698603381,1.2240271826921156e-05,0.0989556338039271,1.0000102840938432,0.9830560024318321,1.0171573625113572,0.9075219933019135,0.9185606704445594,0.9,0.8957151591355366,0.8914302301396619,0.8010443661960729,0.352,0.0192
0.0,19,0.2,estimated_ratio_clipped,271847,8014,10000,0.8014,0.9957479238510132,0.9957479238510132,0.0,499.95097232607395,1.0171573625113572,0.009902775552663407,0.004284840864463498,0.0085697698603381,1.2240271826921156e-05,0.0989556338039271,1.0000102840938432,0.9830560024318321,1.0171573625113572,0.7934657065589626,0.8091028192231934,0.8,0.7957151591355366,0.791430230139662,0.7010443661960729,0.352,0.0192
0.0,20,0.05,unweighted,271848,9503,10000,0.9503,1.257892370223999,1.257892370223999,0.0,500.0,1.0,0.0,0.0,0.0,0.0,0.0,1.0,1.0,1.0,0.94586491379854,0.9543892572688286,0.95,0.95,0.95,0.95,0.356,0.0192
0.0,20,0.1,unweighted,271848,9036,10000,0.9036,1.1766608953475952,1.1766608953475952,0.0,500.0,1.0,0.0,0.0,0.0,0.0,0.0,1.0,1.0,1.0,0.8976594343825707,0.909230602132619,0.9,0.9,0.9,0.9,0.356,0.0192
0.0,20,0.2,unweighted,271848,8302,10000,0.8302,1.031848669052124,1.031848669052124,0.0,500.0,1.0,0.0,0.0,0.0,0.0,0.0,1.0,1.0,1.0,0.822714702243156,0.8374317052328493,0.8,0.8,0.8,0.8,0.356,0.0192
0.0,20,0.05,oracle_ratio,271848,9503,10000,0.9503,1.257892370223999,1.257892370223999,0.0,500.0,1.0,0.0,0.0,0.0,0.0,0.0,1.0,1.0,1.0,0.94586491379854,0.9543892572688286,0.95,0.95,0.95,0.95,0.356,0.0192
0.0,20,0.1,oracle_ratio,271848,9036,10000,0.9036,1.1766608953475952,1.1766608953475952,0.0,500.0,1.0,0.0,0.0,0.0,0.0,0.0,1.0,1.0,1.0,0.8976594343825707,0.909230602132619,0.9,0.9,0.9,0.9,0.356,0.0192
0.0,20,0.2,oracle_ratio,271848,8302,10000,0.8302,1.031848669052124,1.031848669052124,0.0,500.0,1.0,0.0,0.0,0.0,0.0,0.0,1.0,1.0,1.0,0.822714702243156,0.8374317052328493,0.8,0.8,0.8,0.8,0.356,0.0192
0.0,20,0.05,estimated_ratio,271848,9503,10000,0.9503,1.257892370223999,1.257892370223999,0.0,499.7783484859956,1.0373431391338512,0.02105943096902006,0.009118788647329243,0.018250038073785578,5.545930873881389e-05,0.21063581602151876,1.000596168022402,0.9647229481302193,1.0373431391338512,0.94586491379854,0.9543892572688286,0.95,0.9408812113526707,0.9317499619262144,0.7393641839784812,0.356,0.0192
0.0,20,0.1,estimated_ratio,271848,9036,10000,0.9036,1.1766608953475952,1.1766608953475952,0.0,499.7783484859956,1.0373431391338512,0.02105943096902006,0.009118788647329243,0.018250038073785578,5.545930873881389e-05,0.21063581602151876,1.000596168022402,0.9647229481302193,1.0373431391338512,0.8976594343825707,0.909230602132619,0.9,0.8908812113526707,0.8817499619262145,0.6893641839784812,0.356,0.0192
0.0,20,0.2,estimated_ratio,271848,8351,10000,0.8351,1.0344692468643188,1.0344692468643188,0.0,499.7783484859956,1.0373431391338512,0.02105943096902006,0.009118788647329243,0.018250038073785578,5.545930873881389e-05,0.21063581602151876,1.000596168022402,0.9647229481302193,1.0373431391338512,0.8276983446416032,0.8422442996503693,0.8,0.7908812113526708,0.7817499619262145,0.5893641839784813,0.356,0.0192
0.0,20,0.05,estimated_ratio_clipped,271848,9503,10000,0.9503,1.257892370223999,1.257892370223999,0.0,499.7783484859956,1.0373431391338512,0.02105943096902006,0.009118788647329243,0.018250038073785578,5.545930873881393e-05,0.21063581602151887,1.000596168022402,0.9647229481302193,1.0373431391338512,0.94586491379854,0.9543892572688286,0.95,0.9408812113526707,0.9317499619262144,0.739364183978481,0.356,0.0192
0.0,20,0.1,estimated_ratio_clipped,271848,9036,10000,0.9036,1.1766608953475952,1.1766608953475952,0.0,499.7783484859956,1.0373431391338512,0.02105943096902006,0.009118788647329243,0.018250038073785578,5.545930873881393e-05,0.21063581602151887,1.000596168022402,0.9647229481302193,1.0373431391338512,0.8976594343825707,0.909230602132619,0.9,0.8908812113526707,0.8817499619262145,0.6893641839784812,0.356,0.0192
0.0,20,0.2,estimated_ratio_clipped,271848,8351,10000,0.8351,1.0344692468643188,1.0344692468643188,0.0,499.7783484859956,1.0373431391338512,0.02105943096902006,0.009118788647329243,0.018250038073785578,5.545930873881393e-05,0.21063581602151887,1.000596168022402,0.9647229481302193,1.0373431391338512,0.8276983446416032,0.8422442996503693,0.8,0.7908812113526708,0.7817499619262145,0.5893641839784811,0.356,0.0192
0.0,21,0.05,unweighted,271849,9473,10000,0.9473,1.257892370223999,1.257892370223999,0.0,500.0,1.0,0.0,0.0,0.0,0.0,0.0,1.0,1.0,1.0,0.9427464865493049,0.9515099885082878,0.95,0.95,0.95,0.95,0.36,0.0192
0.0,21,0.1,unweighted,271849,8816,10000,0.8816,1.135647535324097,1.135647535324097,0.0,500.0,1.0,0.0,0.0,0.0,0.0,0.0,1.0,1.0,1.0,0.8751207120786423,0.8877862203648573,0.9,0.9,0.9,0.9,0.36,0.0192
0.0,21,0.2,unweighted,271849,7965,10000,0.7965,0.98867267370224,0.98867267370224,0.0,500.0,1.0,0.0,0.0,0.0,0.0,0.0,1.0,1.0,1.0,0.7884959990480997,0.8042762899180889,0.8,0.8,0.8,0.8,0.36,0.0192
0.0,21,0.05,oracle_ratio,271849,9473,10000,0.9473,1.257892370223999,1.257892370223999,0.0,500.0,1.0,0.0,0.0,0.0,0.0,0.0,1.0,1.0,1.0,0.9427464865493049,0.9515099885082878,0.95,0.95,0.95,0.95,0.36,0.0192
0.0,21,0.1,oracle_ratio,271849,8816,10000,0.8816,1.135647535324097,1.135647535324097,0.0,500.0,1.0,0.0,0.0,0.0,0.0,0.0,1.0,1.0,1.0,0.8751207120786423,0.8877862203648573,0.9,0.9,0.9,0.9,0.36,0.0192
0.0,21,0.2,oracle_ratio,271849,7965,10000,0.7965,0.98867267370224,0.98867267370224,0.0,500.0,1.0,0.0,0.0,0.0,0.0,0.0,1.0,1.0,1.0,0.7884959990480997,0.8042762899180889,0.8,0.8,0.8,0.8,0.36,0.0192
0.0,21,0.05,estimated_ratio,271849,9516,10000,0.9516,1.2739903926849363,1.2739903926849363,0.0,499.1688442895605,1.0718505785761248,0.040805383238221075,0.017617790213091053,0.03523784074263017,0.00020707585590621047,0.4070143544458455,1.0000910723357985,0.9315918155864467,1.0718505785761248,0.947217542000509,0.9556356306710959,0.95,0.9323822097869089,0.9147621592573698,0.5429856455541544,0.36,0.0192
0.0,21,0.1,estimated_ratio,271849,8816,10000,0.8816,1.135647535324097,1.135647535324097,0.0,499.1688442895605,1.0718505785761248,0.040805383238221075,0.017617790213091053,0.03523784074263017,0.00020707585590621047,0.4070143544458455,1.0000910723357985,0.9315918155864467,1.0718505785761248,0.8751207120786423,0.8877862203648573,0.9,0.882382209786909,0.8647621592573699,0.49298564555415453,0.36,0.0192
0.0,21,0.2,estimated_ratio,271849,8009,10000,0.8009,0.9957479238510132,0.9957479238510132,0.0,499.1688442895605,1.0718505785761248,0.040805383238221075,0.017617790213091053,0.03523784074263017,0.00020707585590621047,0.4070143544458455,1.0000910723357985,0.9315918155864467,1.0718505785761248,0.7929585095913365,0.8086104001891901,0.8,0.782382209786909,0.7647621592573699,0.39298564555415455,0.36,0.0192
0.0,21,0.05,estimated_ratio_clipped,271849,9516,10000,0.9516,1.2739903926849363,1.2739903926849363,0.0,499.1688442895605,1.0718505785761248,0.040805383238221075,0.017617790213091053,0.03523784074263017,0.00020707585590621036,0.40701435444584544,1.0000910723357985,0.9315918155864467,1.0718505785761248,0.947217542000509,0.9556356306710959,0.95,0.9323822097869089,0.9147621592573698,0.5429856455541545,0.36,0.0192
0.0,21,0.1,estimated_ratio_clipped,271849,8816,10000,0.8816,1.135647535324097,1.135647535324097,0.0,499.1688442895605,1.0718505785761248,0.040805383238221075,0.017617790213091053,0.03523784074263017,0.00020707585590621036,0.40701435444584544,1.0000910723357985,0.9315918155864467,1.0718505785761248,0.8751207120786423,0.8877862203648573,0.9,0.882382209786909,0.8647621592573699,0.4929856455541546,0.36,0.0192
0.0,21,0.2,estimated_ratio_clipped,271849,8009,10000,0.8009,0.9957479238510132,0.9957479238510132,0.0,499.1688442895605,1.0718505785761248,0.040805383238221075,0.017617790213091053,0.03523784074263017,0.00020707585590621036,0.40701435444584544,1.0000910723357985,0.9315918155864467,1.0718505785761248,0.7929585095913365,0.8086104001891901,0.8,0.782382209786909,0.7647621592573699,0.3929856455541546,0.36,0.0192
0.0,22,0.05,unweighted,271850,9560,10000,0.956,1.2739903926849363,1.2739903926849363,0.0,500.0,1.0,0.0,0.0,0.0,0.0,0.0,1.0,1.0,1.0,0.9518020658224924,0.9598477276634505,0.95,0.95,0.95,0.95,0.366,0.0192
0.0,22,0.1,unweighted,271850,9196,10000,0.9196,1.2281887531280518,1.2281887531280518,0.0,500.0,1.0,0.0,0.0,0.0,0.0,0.0,1.0,1.0,1.0,0.9141080953920694,0.9247696531752586,0.9,0.9,0.9,0.9,0.366,0.0192
0.0,22,0.2,unweighted,271850,8294,10000,0.8294,1.031848669052124,1.031848669052124,0.0,500.0,1.0,0.0,0.0,0.0,0.0,0.0,1.0,1.0,1.0,0.821901259265671,0.8366457626077272,0.8,0.8,0.8,0.8,0.366,0.0192
0.0,22,0.05,oracle_ratio,271850,9560,10000,0.956,1.2739903926849363,1.2739903926849363,0.0,500.0,1.0,0.0,0.0,0.0,0.0,0.0,1.0,1.0,1.0,0.9518020658224924,0.9598477276634505,0.95,0.95,0.95,0.95,0.366,0.0192
0.0,22,0.1,oracle_ratio,271850,9196,10000,0.9196,1.2281887531280518,1.2281887531280518,0.0,500.0,1.0,0.0,0.0,0.0,0.0,0.0,1.0,1.0,1.0,0.9141080953920694,0.9247696531752586,0.9,0.9,0.9,0.9,0.366,0.0192
0.0,22,0.2,oracle_ratio,271850,8294,10000,0.8294,1.031848669052124,1.031848669052124,0.0,500.0,1.0,0.0,0.0,0.0,0.0,0.0,1.0,1.0,1.0,0.821901259265671,0.8366457626077272,0.8,0.8,0.8,0.8,0.366,0.0192
0.0,22,0.05,estimated_ratio,271850,9560,10000,0.956,1.2739903926849363,1.2739903926849363,0.0,499.7839818455023,1.0370823681244317,0.02078997462828106,0.009013470686803166,0.018044011387785608,5.42051800068672e-05,0.2082405916373985,1.000758925277197,0.9652893061001819,1.0370823681244317,0.9518020658224924,0.9598477276634505,0.95,0.9409865293131968,0.9319559886122144,0.7417594083626015,0.366,0.0192
0.0,22,0.1,estimated_ratio,271850,9196,10000,0.9196,1.2281887531280518,1.2281887531280518,0.0,499.7839818455023,1.0370823681244317,0.02078997462828106,0.009013470686803166,0.018044011387785608,5.42051800068672e-05,0.2082405916373985,1.000758925277197,0.9652893061001819,1.0370823681244317,0.9141080953920694,0.9247696531752586,0.9,0.8909865293131969,0.8819559886122144,0.6917594083626015,0.366,0.0192
0.0,22,0.2,estimated_ratio,271850,8240,10000,0.824,1.0256803035736084,1.0256803035736084,0.0,499.7839818455023,1.0370823681244317,0.02078997462828106,0.009013470686803166,0.018044011387785608,5.42051800068672e-05,0.2082405916373985,1.000758925277197,0.9652893061001819,1.0370823681244317,0.816412042545792,0.8313391265100095,0.8,0.7909865293131969,0.7819559886122145,0.5917594083626015,0.366,0.0192
0.0,22,0.05,estimated_ratio_clipped,271850,9560,10000,0.956,1.2739903926849363,1.2739903926849363,0.0,499.7839818455023,1.0370823681244317,0.02078997462828106,0.009013470686803166,0.018044011387785608,5.42051800068637e-05,0.20824059163739175,1.000758925277197,0.9652893061001819,1.0370823681244317,0.9518020658224924,0.9598477276634505,0.95,0.9409865293131968,0.9319559886122144,0.7417594083626082,0.366,0.0192
0.0,22,0.1,estimated_ratio_clipped,271850,9196,10000,0.9196,1.2281887531280518,1.2281887531280518,0.0,499.7839818455023,1.0370823681244317,0.02078997462828106,0.009013470686803166,0.018044011387785608,5.42051800068637e-05,0.20824059163739175,1.000758925277197,0.9652893061001819,1.0370823681244317,0.9141080953920694,0.9247696531752586,0.9,0.8909865293131969,0.8819559886122144,0.6917594083626083,0.366,0.0192
0.0,22,0.2,estimated_ratio_clipped,271850,8240,10000,0.824,1.0256803035736084,1.0256803035736084,0.0,499.7839818455023,1.0370823681244317,0.02078997462828106,0.009013470686803166,0.018044011387785608,5.42051800068637e-05,0.20824059163739175,1.000758925277197,0.9652893061001819,1.0370823681244317,0.816412042545792,0.8313391265100095,0.8,0.7909865293131969,0.7819559886122145,0.5917594083626083,0.366,0.0192
0.0,23,0.05,unweighted,271851,9464,10000,0.9464,1.257892370223999,1.257892370223999,0.0,500.0,1.0,0.0,0.0,0.0,0.0,0.0,1.0,1.0,1.0,0.9418117421234582,0.9506454241312017,0.95,0.95,0.95,0.95,0.362,0.0192
0.0,23,0.1,unweighted,271851,8882,10000,0.8882,1.1501529216766355,1.1501529216766355,0.0,500.0,1.0,0.0,0.0,0.0,0.0,0.0,1.0,1.0,1.0,0.8818740757255903,0.8942277879394163,0.9,0.9,0.9,0.9,0.362,0.0192
0.0,23,0.2,unweighted,271851,7790,10000,0.779,0.9694963097572329,0.9694963097572328,0.0,500.0,1.0,0.0,0.0,0.0,0.0,0.0,1.0,1.0,1.0,0.7707614283254338,0.7870243005837287,0.8,0.8,0.8,0.8,0.362,0.0192
0.0,23,0.05,oracle_ratio,271851,9464,10000,0.9464,1.257892370223999,1.257892370223999,0.0,500.0,1.0,0.0,0.0,0.0,0.0,0.0,1.0,1.0,1.0,0.9418117421234582,0.9506454241312017,0.95,0.95,0.95,0.95,0.362,0.0192
0.0,23,0.1,oracle_ratio,271851,8882,10000,0.8882,1.1501529216766355,1.1501529216766355,0.0,500.0,1.0,0.0,0.0,0.0,0.0,0.0,1.0,1.0,1.0,0.8818740757255903,0.8942277879394163,0.9,0.9,0.9,0.9,0.362,0.0192
0.0,23,0.2,oracle_ratio,271851,7790,10000,0.779,0.9694963097572329,0.9694963097572328,0.0,500.0,1.0,0.0,0.0,0.0,0.0,0.0,1.0,1.0,1.0,0.7707614283254338,0.7870243005837287,0.8,0.8,0.8,0.8,0.362,0.0192
0.0,23,0.05,estimated_ratio,271851,9464,10000,0.9464,1.257892370223999,1.257892370223999,0.0,498.8684733733269,1.085180440315192,0.047625479311873054,0.020621236439650786,0.041267869208872224,0.00028366959294146146,0.4763776593766432,1.000793866628937,0.9208774752618115,1.085180440315192,0.9418117421234582,0.9506454241312017,0.95,0.9293787635603492,0.9087321307911277,0.47362234062335673,0.362,0.0192
0.0,23,0.1,estimated_ratio,271851,8824,10000,0.8824,1.1369203329086304,1.1369203329086304,0.0,498.8684733733269,1.085180440315192,0.047625479311873054,0.020621236439650786,0.041267869208872224,0.00028366959294146146,0.4763776593766432,1.000793866628937,0.9208774752618115,1.085180440315192,0.8759389555612356,0.8885673624848709,0.9,0.8793787635603493,0.8587321307911278,0.4236223406233568,0.362,0.0192
0.0,23,0.2,estimated_ratio,271851,7694,10000,0.7694,0.9664099951863289,0.9663662910461426,0.0,498.8684733733269,1.085180440315192,0.047625479311873054,0.020621236439650786,0.041267869208872224,0.00028366959294146146,0.4763776593766432,1.000793866628937,0.9208774752618115,1.085180440315192,0.7610417891580409,0.7775513125198384,0.8,0.7793787635603493,0.7587321307911278,0.3236223406233568,0.362,0.0192
0.0,23,0.05,estimated_ratio_clipped,271851,9464,10000,0.9464,1.257892370223999,1.257892370223999,0.0,498.8684733733269,1.085180440315192,0.047625479311873054,0.020621236439650786,0.041267869208872224,0.0002836695929414602,0.4763776593766422,1.000793866628937,0.9208774752618115,1.085180440315192,0.9418117421234582,0.9506454241312017,0.95,0.9293787635603492,0.9087321307911277,0.47362234062335773,0.362,0.0192
0.0,23,0.1,estimated_ratio_clipped,271851,8824,10000,0.8824,1.1369203329086304,1.1369203329086304,0.0,498.8684733733269,1.085180440315192,0.047625479311873054,0.020621236439650786,0.041267869208872224,0.0002836695929414602,0.4763776593766422,1.000793866628937,0.9208774752618115,1.085180440315192,0.8759389555612356,0.8885673624848709,0.9,0.8793787635603493,0.8587321307911278,0.4236223406233578,0.362,0.0192
0.0,23,0.2,estimated_ratio_clipped,271851,7694,10000,0.7694,0.9664099951863289,0.9663662910461426,0.0,498.8684733733269,1.085180440315192,0.047625479311873054,0.020621236439650786,0.041267869208872224,0.0002836695929414602,0.4763776593766422,1.000793866628937,0.9208774752618115,1.085180440315192,0.7610417891580409,0.7775513125198384,0.8,0.7793787635603493,0.7587321307911278,0.3236223406233578,0.362,0.0192
0.0,24,0.05,unweighted,271852,9604,10000,0.9604,1.279902100563049,1.279902100563049,0.0,500.0,1.0,0.0,0.0,0.0,0.0,0.0,1.0,1.0,1.0,0.9563975803641622,0.9640488339361188,0.95,0.95,0.95,0.95,0.35,0.0192
0.0,24,0.1,unweighted,271852,9121,10000,0.9121,1.20262348651886,1.20262348651886,0.0,500.0,1.0,0.0,0.0,0.0,0.0,0.0,1.0,1.0,1.0,0.9063909372467261,0.9174925712961622,0.9,0.9,0.9,0.9,0.35,0.0192
0.0,24,0.2,unweighted,271852,8176,10000,0.8176,1.0092549324035645,1.0092549324035645,0.0,500.0,1.0,0.0,0.0,0.0,0.0,0.0,1.0,1.0,1.0,0.8099096444730757,0.8250464397618705,0.8,0.8,0.8,0.8,0.35,0.0192
0.0,24,0.05,oracle_ratio,271852,9604,10000,0.9604,1.279902100563049,1.279902100563049,0.0,500.0,1.0,0.0,0.0,0.0,0.0,0.0,1.0,1.0,1.0,0.9563975803641622,0.9640488339361188,0.95,0.95,0.95,0.95,0.35,0.0192
0.0,24,0.1,oracle_ratio,271852,9121,10000,0.9121,1.20262348651886,1.20262348651886,0.0,500.0,1.0,0.0,0.0,0.0,0.0,0.0,1.0,1.0,1.0,0.9063909372467261,0.9174925712961622,0.9,0.9,0.9,0.9,0.35,0.0192
0.0,24,0.2,oracle_ratio,271852,8176,10000,0.8176,1.0092549324035645,1.0092549324035645,0.0,500.0,1.0,0.0,0.0,0.0,0.0,0.0,1.0,1.0,1.0,0.8099096444730757,0.8250464397618705,0.8,0.8,0.8,0.8,0.35,0.0192
0.0,24,0.05,estimated_ratio,271852,9604,10000,0.9604,1.279902100563049,1.279902100563049,0.0,499.80311326032864,1.0351079478994565,0.019847634568821288,0.008631682858267988,0.017269290062515028,4.967957790625506e-05,0.1993581258063088,1.0003545594452663,0.9663838784934272,1.0351079478994565,0.9563975803641622,0.9640488339361188,0.95,0.941368317141732,0.932730709937485,0.7506418741936911,0.35,0.0192
0.0,24,0.1,estimated_ratio,271852,9121,10000,0.9121,1.20262348651886,1.20262348651886,0.0,499.80311326032864,1.0351079478994565,0.019847634568821288,0.008631682858267988,0.017269290062515028,4.967957790625506e-05,0.1993581258063088,1.0003545594452663,0.9663838784934272,1.0351079478994565,0.9063909372467261,0.9174925712961622,0.9,0.891368317141732,0.882730709937485,0.7006418741936913,0.35,0.0192
0.0,24,0.2,estimated_ratio,271852,8230,10000,0.823,1.02435564994812,1.02435564994812,0.0,499.80311326032864,1.0351079478994565,0.019847634568821288,0.008631682858267988,0.017269290062515028,4.967957790625506e-05,0.1993581258063088,1.0003545594452663,0.9663838784934272,1.0351079478994565,0.8153958074009142,0.8303561296516286,0.8,0.7913683171417321,0.7827307099374851,0.6006418741936912,0.35,0.0192
0.0,24,0.05,estimated_ratio_clipped,271852,9604,10000,0.9604,1.279902100563049,1.279902100563049,0.0,499.80311326032864,1.0351079478994565,0.019847634568821288,0.008631682858267988,0.017269290062515028,4.967957790626535e-05,0.19935812580632944,1.0003545594452663,0.9663838784934272,1.0351079478994565,0.9563975803641622,0.9640488339361188,0.95,0.941368317141732,0.932730709937485,0.7506418741936705,0.35,0.0192
0.0,24,0.1,estimated_ratio_clipped,271852,9121,10000,0.9121,1.20262348651886,1.20262348651886,0.0,499.80311326032864,1.0351079478994565,0.019847634568821288,0.008631682858267988,0.017269290062515028,4.967957790626535e-05,0.19935812580632944,1.0003545594452663,0.9663838784934272,1.0351079478994565,0.9063909372467261,0.9174925712961622,0.9,0.891368317141732,0.882730709937485,0.7006418741936706,0.35,0.0192
0.0,24,0.2,estimated_ratio_clipped,271852,8230,10000,0.823,1.02435564994812,1.02435564994812,0.0,499.80311326032864,1.0351079478994565,0.019847634568821288,0.008631682858267988,0.017269290062515028,4.967957790626535e-05,0.19935812580632944,1.0003545594452663,0.9663838784934272,1.0351079478994565,0.8153958074009142,0.8303561296516286,0.8,0.7913683171417321,0.7827307099374851,0.6006418741936705,0.35,0.0192
0.0,25,0.05,unweighted,271853,9641,10000,0.9641,1.2823160886764526,1.2823160886764526,0.0,500.0,1.0,0.0,0.0,0.0,0.0,0.0,1.0,1.0,1.0,0.96027179996304,0.9675717727492977,0.95,0.95,0.95,0.95,0.354,0.0192
0.0,25,0.1,unweighted,271853,9129,10000,0.9129,1.20262348651886,1.20262348651886,0.0,500.0,1.0,0.0,0.0,0.0,0.0,0.0,1.0,1.0,1.0,0.9072134973590303,0.9182693967864649,0.9,0.9,0.9,0.9,0.354,0.0192
0.0,25,0.2,unweighted,271853,8171,10000,0.8171,1.0092549324035645,1.0092549324035645,0.0,500.0,1.0,0.0,0.0,0.0,0.0,0.0,1.0,1.0,1.0,0.8094017931321401,0.8245546751011769,0.8,0.8,0.8,0.8,0.354,0.0192
0.0,25,0.05,oracle_ratio,271853,9641,10000,0.9641,1.2823160886764526,1.2823160886764526,0.0,500.0,1.0,0.0,0.0,0.0,0.0,0.0,1.0,1.0,1.0,0.96027179996304,0.9675717727492977,0.95,0.95,0.95,0.95,0.354,0.0192
0.0,25,0.1,oracle_ratio,271853,9129,10000,0.9129,1.20262348651886,1.20262348651886,0.0,500.0,1.0,0.0,0.0,0.0,0.0,0.0,1.0,1.0,1.0,0.9072134973590303,0.9182693967864649,0.9,0.9,0.9,0.9,0.354,0.0192
0.0,25,0.2,oracle_ratio,271853,8171,10000,0.8171,1.0092549324035645,1.0092549324035645,0.0,500.0,1.0,0.0,0.0,0.0,0.0,0.0,1.0,1.0,1.0,0.8094017931321401,0.8245546751011769,0.8,0.8,0.8,0.8,0.354,0.0192
0.0,25,0.05,estimated_ratio,271853,9641,10000,0.9641,1.2823160886764526,1.2823160886764526,0.0,499.88061039174306,1.0263615840788876,0.015454327731916786,0.0065753528931864254,0.013150396364985894,2.8828211620310996e-05,0.15186365363788926,0.9999694742957677,0.9740313770468866,1.0263615840788876,0.96027179996304,0.9675717727492977,0.95,0.9434246471068135,0.936849603635014,0.7981363463621107,0.354,0.0192
0.0,25,0.1,estimated_ratio,271853,9129,10000,0.9129,1.20262348651886,1.20262348651886,0.0,499.88061039174306,1.0263615840788876,0.015454327731916786,0.0065753528931864254,0.013150396364985894,2.8828211620310996e-05,0.15186365363788926,0.9999694742957677,0.9740313770468866,1.0263615840788876,0.9072134973590303,0.9182693967864649,0.9,0.8934246471068136,0.8868496036350141,0.7481363463621108,0.354,0.0192
0.0,25,0.2,estimated_ratio,271853,8171,10000,0.8171,1.0092549324035645,1.0092549324035645,0.0,499.88061039174306,1.0263615840788876,0.015454327731916786,0.0065753528931864254,0.013150396364985894,2.8828211620310996e-05,0.15186365363788926,0.9999694742957677,0.9740313770468866,1.0263615840788876,0.8094017931321401,0.8245546751011769,0.8,0.7934246471068136,0.7868496036350141,0.6481363463621108,0.354,0.0192
0.0,25,0.05,estimated_ratio_clipped,271853,9641,10000,0.9641,1.2823160886764526,1.2823160886764526,0.0,499.88061039174306,1.0263615840788876,0.015454327731916786,0.0065753528931864254,0.013150396364985894,2.882821162031215e-05,0.15186365363789228,0.9999694742957677,0.9740313770468866,1.0263615840788876,0.96027179996304,0.9675717727492977,0.95,0.9434246471068135,0.936849603635014,0.7981363463621076,0.354,0.0192
0.0,25,0.1,estimated_ratio_clipped,271853,9129,10000,0.9129,1.20262348651886,1.20262348651886,0.0,499.88061039174306,1.0263615840788876,0.015454327731916786,0.0065753528931864254,0.013150396364985894,2.882821162031215e-05,0.15186365363789228,0.9999694742957677,0.9740313770468866,1.0263615840788876,0.9072134973590303,0.9182693967864649,0.9,0.8934246471068136,0.8868496036350141,0.7481363463621078,0.354,0.0192
0.0,25,0.2,estimated_ratio_clipped,271853,8171,10000,0.8171,1.0092549324035645,1.0092549324035645,0.0,499.88061039174306,1.0263615840788876,0.015454327731916786,0.0065753528931864254,0.013150396364985894,2.882821162031215e-05,0.15186365363789228,0.9999694742957677,0.9740313770468866,1.0263615840788876,0.8094017931321401,0.8245546751011769,0.8,0.7934246471068136,0.7868496036350141,0.6481363463621077,0.354,0.0192
0.0,26,0.05,unweighted,271854,9422,10000,0.9422,1.255275011062622,1.255275011062622,0.0,500.0,1.0,0.0,0.0,0.0,0.0,0.0,1.0,1.0,1.0,0.9374540553922868,0.946606336448687,0.95,0.95,0.95,0.95,0.358,0.0192
0.0,26,0.1,unweighted,271854,8900,10000,0.89,1.1501529216766355,1.1501529216766355,0.0,500.0,1.0,0.0,0.0,0.0,0.0,0.0,1.0,1.0,1.0,0.8837170629634203,0.895983418307452,0.9,0.9,0.9,0.9,0.358,0.0192
0.0,26,0.2,unweighted,271854,7986,10000,0.7986,0.9957479238510132,0.9957479238510132,0.0,500.0,1.0,0.0,0.0,0.0,0.0,0.0,1.0,1.0,1.0,0.7906256502646478,0.806345025908384,0.8,0.8,0.8,0.8,0.358,0.0192
0.0,26,0.05,oracle_ratio,271854,9422,10000,0.9422,1.255275011062622,1.255275011062622,0.0,500.0,1.0,0.0,0.0,0.0,0.0,0.0,1.0,1.0,1.0,0.9374540553922868,0.946606336448687,0.95,0.95,0.95,0.95,0.358,0.0192
0.0,26,0.1,oracle_ratio,271854,8900,10000,0.89,1.1501529216766355,1.1501529216766355,0.0,500.0,1.0,0.0,0.0,0.0,0.0,0.0,1.0,1.0,1.0,0.8837170629634203,0.895983418307452,0.9,0.9,0.9,0.9,0.358,0.0192
0.0,26,0.2,oracle_ratio,271854,7986,10000,0.7986,0.9957479238510132,0.9957479238510132,0.0,500.0,1.0,0.0,0.0,0.0,0.0,0.0,1.0,1.0,1.0,0.7906256502646478,0.806345025908384,0.8,0.8,0.8,0.8,0.358,0.0192
0.0,26,0.05,estimated_ratio,271854,9422,10000,0.9422,1.255275011062622,1.255275011062622,0.0,499.5176788615716,1.054555896696074,0.031073681952397156,0.013271077306154216,0.026560953131544995,0.00011745173101347016,0.3065312134363744,1.0007735486913187,0.9488422444208314,1.054555896696074,0.9374540553922868,0.946606336448687,0.95,0.9367289226938458,0.923439046868455,0.6434687865636255,0.358,0.0192
0.0,26,0.1,estimated_ratio,271854,8900,10000,0.89,1.1501529216766355,1.1501529216766355,0.0,499.5176788615716,1.054555896696074,0.031073681952397156,0.013271077306154216,0.026560953131544995,0.00011745173101347016,0.3065312134363744,1.0007735486913187,0.9488422444208314,1.054555896696074,0.8837170629634203,0.895983418307452,0.9,0.8867289226938458,0.873439046868455,0.5934687865636257,0.358,0.0192
0.0,26,0.2,estimated_ratio,271854,7827,10000,0.7827,0.9703732132911682,0.9703732132911682,0.0,499.5176788615716,1.054555896696074,0.031073681952397156,0.013271077306154216,0.026560953131544995,0.00011745173101347016,0.3065312134363744,1.0007735486913187,0.9488422444208314,1.054555896696074,0.7745092100582976,0.7906736772629216,0.8,0.7867289226938459,0.7734390468684551,0.49346878656362564,0.358,0.0192
0.0,26,0.05,estimated_ratio_clipped,271854,9422,10000,0.9422,1.255275011062622,1.255275011062622,0.0,499.5176788615716,1.054555896696074,0.031073681952397156,0.013271077306154216,0.026560953131544995,0.0001174517310134678,0.30653121343637135,1.0007735486913187,0.9488422444208314,1.054555896696074,0.9374540553922868,0.946606336448687,0.95,0.9367289226938458,0.923439046868455,0.6434687865636286,0.358,0.0192
0.0,26,0.1,estimated_ratio_clipped,271854,8900,10000,0.89,1.1501529216766355,1.1501529216766355,0.0,499.5176788615716,1.054555896696074,0.031073681952397156,0.013271077306154216,0.026560953131544995,0.0001174517310134678,0.30653121343637135,1.0007735486913187,0.9488422444208314,1.054555896696074,0.8837170629634203,0.895983418307452,0.9,0.8867289226938458,0.873439046868455,0.5934687865636287,0.358,0.0192
0.0,26,0.2,estimated_ratio_clipped,271854,7827,10000,0.7827,0.9703732132911682,0.9703732132911682,0.0,499.5176788615716,1.054555896696074,0.031073681952397156,0.013271077306154216,0.026560953131544995,0.0001174517310134678,0.30653121343637135,1.0007735486913187,0.9488422444208314,1.054555896696074,0.7745092100582976,0.7906736772629216,0.8,0.7867289226938459,0.7734390468684551,0.4934687865636287,0.358,0.0192
0.0,27,0.05,unweighted,271855,9484,10000,0.9484,1.257892370223999,1.257892370223999,0.0,500.0,1.0,0.0,0.0,0.0,0.0,0.0,1.0,1.0,1.0,0.9438894346891868,0.9525661955719904,0.95,0.95,0.95,0.95,0.36,0.0192
0.0,27,0.1,unweighted,271855,8843,10000,0.8843,1.1369203329086304,1.1369203329086304,0.0,500.0,1.0,0.0,0.0,0.0,0.0,0.0,1.0,1.0,1.0,0.8778826608329335,0.8904221980193643,0.9,0.9,0.9,0.9,0.36,0.0192
0.0,27,0.2,unweighted,271855,7847,10000,0.7847,0.9703732132911682,0.9703732132911682,0.0,500.0,1.0,0.0,0.0,0.0,0.0,0.0,1.0,1.0,1.0,0.7765354347622598,0.7926459165654768,0.8,0.8,0.8,0.8,0.36,0.0192
0.0,27,0.05,oracle_ratio,271855,9484,10000,0.9484,1.257892370223999,1.257892370223999,0.0,500.0,1.0,0.0,0.0,0.0,0.0,0.0,1.0,1.0,1.0,0.9438894346891868,0.9525661955719904,0.95,0.95,0.95,0.95,0.36,0.0192
0.0,27,0.1,oracle_ratio,271855,8843,10000,0.8843,1.1369203329086304,1.1369203329086304,0.0,500.0,1.0,0.0,0.0,0.0,0.0,0.0,1.0,1.0,1.0,0.8778826608329335,0.8904221980193643,0.9,0.9,0.9,0.9,0.36,0.0192
0.0,27,0.2,oracle_ratio,271855,7847,10000,0.7847,0.9703732132911682,0.9703732132911682,0.0,500.0,1.0,0.0,0.0,0.0,0.0,0.0,1.0,1.0,1.0,0.7765354347622598,0.7926459165654768,0.8,0.8,0.8,0.8,0.36,0.0192
0.0,27,0.05,estimated_ratio,271855,9484,10000,0.9484,1.257892370223999,1.257892370223999,0.0,499.9763771151063,1.0121485225839089,0.006873718211823936,0.003009295709433075,0.006019738577640701,6.038467837467695e-06,0.06950377162409357,1.0001248443430497,0.9881962711152679,1.0121485225839089,0.9438894346891868,0.9525661955719904,0.95,0.9469907042905669,0.9439802614223592,0.8804962283759064,0.36,0.0192
0.0,27,0.1,estimated_ratio,271855,8843,10000,0.8843,1.1369203329086304,1.1369203329086304,0.0,499.9763771151063,1.0121485225839089,0.006873718211823936,0.003009295709433075,0.006019738577640701,6.038467837467695e-06,0.06950377162409357,1.0001248443430497,0.9881962711152679,1.0121485225839089,0.8778826608329335,0.8904221980193643,0.9,0.8969907042905669,0.8939802614223593,0.8304962283759064,0.36,0.0192
0.0,27,0.2,estimated_ratio,271855,7847,10000,0.7847,0.9703732132911682,0.9703732132911682,0.0,499.9763771151063,1.0121485225839089,0.006873718211823936,0.003009295709433075,0.006019738577640701,6.038467837467695e-06,0.06950377162409357,1.0001248443430497,0.9881962711152679,1.0121485225839089,0.7765354347622598,0.7926459165654768,0.8,0.796990704290567,0.7939802614223593,0.7304962283759064,0.36,0.0192
0.0,27,0.05,estimated_ratio_clipped,271855,9484,10000,0.9484,1.257892370223999,1.257892370223999,0.0,499.9763771151063,1.0121485225839089,0.006873718211823936,0.003009295709433075,0.006019738577640701,6.038467837468288e-06,0.06950377162409699,1.0001248443430497,0.9881962711152679,1.0121485225839089,0.9438894346891868,0.9525661955719904,0.95,0.9469907042905669,0.9439802614223592,0.880496228375903,0.36,0.0192
0.0,27,0.1,estimated_ratio_clipped,271855,8843,10000,0.8843,1.1369203329086304,1.1369203329086304,0.0,499.9763771151063,1.0121485225839089,0.006873718211823936,0.003009295709433075,0.006019738577640701,6.038467837468288e-06,0.06950377162409699,1.0001248443430497,0.9881962711152679,1.0121485225839089,0.8778826608329335,0.8904221980193643,0.9,0.8969907042905669,0.8939802614223593,0.830496228375903,0.36,0.0192
0.0,27,0.2,estimated_ratio_clipped,271855,7847,10000,0.7847,0.9703732132911682,0.9703732132911682,0.0,499.9763771151063,1.0121485225839089,0.006873718211823936,0.003009295709433075,0.006019738577640701,6.038467837468288e-06,0.06950377162409699,1.0001248443430497,0.9881962711152679,1.0121485225839089,0.7765354347622598,0.7926459165654768,0.8,0.796990704290567,0.7939802614223593,0.7304962283759031,0.36,0.0192
0.0,28,0.05,unweighted,271856,9638,10000,0.9638,1.2823160886764526,1.2823160886764526,0.0,500.0,1.0,0.0,0.0,0.0,0.0,0.0,1.0,1.0,1.0,0.9599573070010954,0.967286496110265,0.95,0.95,0.95,0.95,0.36,0.0192
0.0,28,0.1,unweighted,271856,9006,10000,0.9006,1.1766608953475952,1.1766608953475952,0.0,500.0,1.0,0.0,0.0,0.0,0.0,0.0,1.0,1.0,1.0,0.8945810991112195,0.9063112413941943,0.9,0.9,0.9,0.9,0.36,0.0192
0.0,28,0.2,unweighted,271856,7812,10000,0.7812,0.9694963097572329,0.9694963097572328,0.0,500.0,1.0,0.0,0.0,0.0,0.0,0.0,1.0,1.0,1.0,0.7729897249030006,0.789194314413331,0.8,0.8,0.8,0.8,0.36,0.0192
0.0,28,0.05,oracle_ratio,271856,9638,10000,0.9638,1.2823160886764526,1.2823160886764526,0.0,500.0,1.0,0.0,0.0,0.0,0.0,0.0,1.0,1.0,1.0,0.9599573070010954,0.967286496110265,0.95,0.95,0.95,0.95,0.36,0.0192
0.0,28,0.1,oracle_ratio,271856,9006,10000,0.9006,1.1766608953475952,1.1766608953475952,0.0,500.0,1.0,0.0,0.0,0.0,0.0,0.0,1.0,1.0,1.0,0.8945810991112195,0.9063112413941943,0.9,0.9,0.9,0.9,0.36,0.0192
0.0,28,0.2,oracle_ratio,271856,7812,10000,0.7812,0.9694963097572329,0.9694963097572328,0.0,500.0,1.0,0.0,0.0,0.0,0.0,0.0,1.0,1.0,1.0,0.7729897249030006,0.789194314413331,0.8,0.8,0.8,0.8,0.36,0.0192
0.0,28,0.05,estimated_ratio,271856,9638,10000,0.9638,1.2823160886764526,1.2823160886764526,0.0,498.1530701321302,1.1097893125071674,0.060889694724067085,0.026254362450218772,0.05257065215370608,0.0004599789284154587,0.6066161411736147,1.0014752487105267,0.9004134564285751,1.1097893125071674,0.9599573070010954,0.967286496110265,0.95,0.9237456375497812,0.8974293478462939,0.3433838588263852,0.36,0.0192
0.0,28,0.1,estimated_ratio,271856,9133,10000,0.9133,1.20262348651886,1.20262348651886,0.0,498.1530701321302,1.1097893125071674,0.060889694724067085,0.026254362450218772,0.05257065215370608,0.0004599789284154587,0.6066161411736147,1.0014752487105267,0.9004134564285751,1.1097893125071674,0.9076248296616182,0.9186577572851805,0.9,0.8737456375497813,0.847429347846294,0.2933838588263853,0.36,0.0192
0.0,28,0.2,estimated_ratio,271856,8028,10000,0.8028,0.9957479238510132,0.9957479238510132,0.0,498.1530701321302,1.1097893125071674,0.060889694724067085,0.026254362450218772,0.05257065215370608,0.0004599789284154587,0.6066161411736147,1.0014752487105267,0.9004134564285751,1.1097893125071674,0.7948859607864188,0.8104814898002993,0.8,0.7737456375497813,0.747429347846294,0.1933838588263853,0.36,0.0192
0.0,28,0.05,estimated_ratio_clipped,271856,9638,10000,0.9638,1.2823160886764526,1.2823160886764526,0.0,498.1530701321302,1.1097893125071674,0.060889694724067085,0.026254362450218772,0.05257065215370608,0.00045997892841546115,0.6066161411736164,1.0014752487105267,0.9004134564285751,1.1097893125071674,0.9599573070010954,0.967286496110265,0.95,0.9237456375497812,0.8974293478462939,0.34338385882638356,0.36,0.0192
0.0,28,0.1,estimated_ratio_clipped,271856,9133,10000,0.9133,1.20262348651886,1.20262348651886,0.0,498.1530701321302,1.1097893125071674,0.060889694724067085,0.026254362450218772,0.05257065215370608,0.00045997892841546115,0.6066161411736164,1.0014752487105267,0.9004134564285751,1.1097893125071674,0.9076248296616182,0.9186577572851805,0.9,0.8737456375497813,0.847429347846294,0.2933838588263836,0.36,0.0192
0.0,28,0.2,estimated_ratio_clipped,271856,8028,10000,0.8028,0.9957479238510132,0.9957479238510132,0.0,498.1530701321302,1.1097893125071674,0.060889694724067085,0.026254362450218772,0.05257065215370608,0.00045997892841546115,0.6066161411736164,1.0014752487105267,0.9004134564285751,1.1097893125071674,0.7948859607864188,0.8104814898002993,0.8,0.7737456375497813,0.747429347846294,0.19338385882638365,0.36,0.0192
0.0,29,0.05,unweighted,271857,9625,10000,0.9625,1.2823160886764526,1.2823160886764526,0.0,500.0,1.0,0.0,0.0,0.0,0.0,0.0,1.0,1.0,1.0,0.9585952728131844,0.9660495286939397,0.95,0.95,0.95,0.95,0.346,0.0192
0.0,29,0.1,unweighted,271857,9189,10000,0.9189,1.2281887531280518,1.2281887531280518,0.0,500.0,1.0,0.0,0.0,0.0,0.0,0.0,1.0,1.0,1.0,0.9133872737935579,0.9240910123714893,0.9,0.9,0.9,0.9,0.346,0.0192
0.0,29,0.2,unweighted,271857,8180,10000,0.818,1.02435564994812,1.02435564994812,0.0,500.0,1.0,0.0,0.0,0.0,0.0,0.0,1.0,1.0,1.0,0.8103159408426345,0.8254398361936152,0.8,0.8,0.8,0.8,0.346,0.0192
0.0,29,0.05,oracle_ratio,271857,9625,10000,0.9625,1.2823160886764526,1.2823160886764526,0.0,500.0,1.0,0.0,0.0,0.0,0.0,0.0,1.0,1.0,1.0,0.9585952728131844,0.9660495286939397,0.95,0.95,0.95,0.95,0.346,0.0192
0.0,29,0.1,oracle_ratio,271857,9189,10000,0.9189,1.2281887531280518,1.2281887531280518,0.0,500.0,1.0,0.0,0.0,0.0,0.0,0.0,1.0,1.0,1.0,0.9133872737935579,0.9240910123714893,0.9,0.9,0.9,0.9,0.346,0.0192
0.0,29,0.2,oracle_ratio,271857,8180,10000,0.818,1.02435564994812,1.02435564994812,0.0,500.0,1.0,0.0,0.0,0.0,0.0,0.0,1.0,1.0,1.0,0.8103159408426345,0.8254398361936152,0.8,0.8,0.8,0.8,0.346,0.0192
0.0,29,0.05,estimated_ratio,271857,9625,10000,0.9625,1.2823160886764526,1.2823160886764526,0.0,499.8454716820472,1.0302289058528018,0.01758272394820335,0.007477196247477048,0.014957008111225679,3.7276105223414346e-05,0.172687243821689,1.0001749062205274,0.9707081324821303,1.0302289058528018,0.9585952728131844,0.9660495286939397,0.95,0.942522803752523,0.9350429918887743,0.777312756178311,0.346,0.0192
0.0,29,0.1,estimated_ratio,271857,9189,10000,0.9189,1.2281887531280518,1.2281887531280518,0.0,499.8454716820472,1.0302289058528018,0.01758272394820335,0.007477196247477048,0.014957008111225679,3.7276105223414346e-05,0.172687243821689,1.0001749062205274,0.9707081324821303,1.0302289058528018,0.9133872737935579,0.9240910123714893,0.9,0.892522803752523,0.8850429918887743,0.727312756178311,0.346,0.0192
0.0,29,0.2,estimated_ratio,271857,8068,10000,0.8068,1.0019125938415527,1.0019125938415527,0.0,499.8454716820472,1.0302289058528018,0.01758272394820335,0.007477196247477048,0.014957008111225679,3.7276105223414346e-05,0.172687243821689,1.0001749062205274,0.9707081324821303,1.0302289058528018,0.7989446735982898,0.8144197050014629,0.8,0.792522803752523,0.7850429918887744,0.6273127561783111,0.346,0.0192
0.0,29,0.05,estimated_ratio_clipped,271857,9625,10000,0.9625,1.2823160886764526,1.2823160886764526,0.0,499.8454716820472,1.0302289058528018,0.01758272394820335,0.007477196247477048,0.014957008111225679,3.727610522341577e-05,0.17268724382169232,1.0001749062205274,0.9707081324821303,1.0302289058528018,0.9585952728131844,0.9660495286939397,0.95,0.942522803752523,0.9350429918887743,0.7773127561783076,0.346,0.0192
0.0,29,0.1,estimated_ratio_clipped,271857,9189,10000,0.9189,1.2281887531280518,1.2281887531280518,0.0,499.8454716820472,1.0302289058528018,0.01758272394820335,0.007477196247477048,0.014957008111225679,3.727610522341577e-05,0.17268724382169232,1.0001749062205274,0.9707081324821303,1.0302289058528018,0.9133872737935579,0.9240910123714893,0.9,0.892522803752523,0.8850429918887743,0.7273127561783077,0.346,0.0192
0.0,29,0.2,estimated_ratio_clipped,271857,8068,10000,0.8068,1.0019125938415527,1.0019125938415527,0.0,499.8454716820472,1.0302289058528018,0.01758272394820335,0.007477196247477048,0.014957008111225679,3.727610522341577e-05,0.17268724382169232,1.0001749062205274,0.9707081324821303,1.0302289058528018,0.7989446735982898,0.8144197050014629,0.8,0.792522803752523,0.7850429918887744,0.6273127561783077,0.346,0.0192
0.0,30,0.05,unweighted,271858,9622,10000,0.9622,1.2823160886764526,1.2823160886764526,0.0,500.0,1.0,0.0,0.0,0.0,0.0,0.0,1.0,1.0,1.0,0.958281130278416,0.9657639016277306,0.95,0.95,0.95,0.95,0.354,0.0192
0.0,30,0.1,unweighted,271858,9036,10000,0.9036,1.1966276168823242,1.1966276168823242,0.0,500.0,1.0,0.0,0.0,0.0,0.0,0.0,1.0,1.0,1.0,0.8976594343825707,0.909230602132619,0.9,0.9,0.9,0.9,0.354,0.0192
0.0,30,0.2,unweighted,271858,7991,10000,0.7991,0.9957479238510132,0.9957479238510132,0.0,500.0,1.0,0.0,0.0,0.0,0.0,0.0,1.0,1.0,1.0,0.7911327592647781,0.8068375329098831,0.8,0.8,0.8,0.8,0.354,0.0192
0.0,30,0.05,oracle_ratio,271858,9622,10000,0.9622,1.2823160886764526,1.2823160886764526,0.0,500.0,1.0,0.0,0.0,0.0,0.0,0.0,1.0,1.0,1.0,0.958281130278416,0.9657639016277306,0.95,0.95,0.95,0.95,0.354,0.0192
0.0,30,0.1,oracle_ratio,271858,9036,10000,0.9036,1.1966276168823242,1.1966276168823242,0.0,500.0,1.0,0.0,0.0,0.0,0.0,0.0,1.0,1.0,1.0,0.8976594343825707,0.909230602132619,0.9,0.9,0.9,0.9,0.354,0.0192
0.0,30,0.2,oracle_ratio,271858,7991,10000,0.7991,0.9957479238510132,0.9957479238510132,0.0,500.0,1.0,0.0,0.0,0.0,0.0,0.0,1.0,1.0,1.0,0.7911327592647781,0.8068375329098831,0.8,0.8,0.8,0.8,0.354,0.0192
0.0,30,0.05,estimated_ratio,271858,9622,10000,0.9622,1.2823160886764526,1.2823160886764526,0.0,499.5345292665775,1.0529587470580326,0.030525545472830914,0.012995662820564087,0.0259981537593467,0.00011261701887147872,0.300155984609974,1.0003347311118524,0.949484941692361,1.0529587470580326,0.958281130278416,0.9657639016277306,0.95,0.9370043371794359,0.9240018462406533,0.649844015390026,0.354,0.0192
0.0,30,0.1,estimated_ratio,271858,9144,10000,0.9144,1.2281887531280518,1.2281887531280518,0.0,499.5345292665775,1.0529587470580326,0.030525545472830914,0.012995662820564087,0.0259981537593467,0.00011261701887147872,0.300155984609974,1.0003347311118524,0.949484941692361,1.0529587470580326,0.9087561752547046,0.9197255668956785,0.9,0.8870043371794359,0.8740018462406534,0.599844015390026,0.354,0.0192
0.0,30,0.2,estimated_ratio,271858,8026,10000,0.8026,1.0019125938415527,1.0019125938415527,0.0,499.5345292665775,1.0529587470580326,0.030525545472830914,0.012995662820564087,0.0259981537593467,0.00011261701887147872,0.300155984609974,1.0003347311118524,0.949484941692361,1.0529587470580326,0.7946830580275869,0.8102845461584797,0.8,0.787004337179436,0.7740018462406534,0.49984401539002604,0.354,0.0192
0.0,30,0.05,estimated_ratio_clipped,271858,9622,10000,0.9622,1.2823160886764526,1.2823160886764526,0.0,499.5345292665775,1.0529587470580326,0.030525545472830914,0.012995662820564087,0.0259981537593467,0.00011261701887148244,0.300155984609979,1.0003347311118524,0.949484941692361,1.0529587470580326,0.958281130278416,0.9657639016277306,0.95,0.9370043371794359,0.9240018462406533,0.6498440153900209,0.354,0.0192
0.0,30,0.1,estimated_ratio_clipped,271858,9144,10000,0.9144,1.2281887531280518,1.2281887531280518,0.0,499.5345292665775,1.0529587470580326,0.030525545472830914,0.012995662820564087,0.0259981537593467,0.00011261701887148244,0.300155984609979,1.0003347311118524,0.949484941692361,1.0529587470580326,0.9087561752547046,0.9197255668956785,0.9,0.8870043371794359,0.8740018462406534,0.5998440153900211,0.354,0.0192
0.0,30,0.2,estimated_ratio_clipped,271858,8026,10000,0.8026,1.0019125938415527,1.0019125938415527,0.0,499.5345292665775,1.0529587470580326,0.030525545472830914,0.012995662820564087,0.0259981537593467,0.00011261701887148244,0.300155984609979,1.0003347311118524,0.949484941692361,1.0529587470580326,0.7946830580275869,0.8102845461584797,0.8,0.787004337179436,0.7740018462406534,0.49984401539002105,0.354,0.0192
0.0,31,0.05,unweighted,271859,9692,10000,0.9692,1.2983108758926392,1.2983108758926392,0.0,500.0,1.0,0.0,0.0,0.0,0.0,0.0,1.0,1.0,1.0,0.9656293507761075,0.9724103051528495,0.95,0.95,0.95,0.95,0.356,0.0192
0.0,31,0.1,unweighted,271859,9336,10000,0.9336,1.245755910873413,1.245755910873413,0.0,500.0,1.0,0.0,0.0,0.0,0.0,0.0,1.0,1.0,1.0,0.9285516768051808,0.9383153198077684,0.9,0.9,0.9,0.9,0.356,0.0192
0.0,31,0.2,unweighted,271859,8438,10000,0.8438,1.0421744585037231,1.0421744585037231,0.0,500.0,1.0,0.0,0.0,0.0,0.0,0.0,1.0,1.0,1.0,0.8365525746104459,0.850783388109877,0.8,0.8,0.8,0.8,0.356,0.0192
0.0,31,0.05,oracle_ratio,271859,9692,10000,0.9692,1.2983108758926392,1.2983108758926392,0.0,500.0,1.0,0.0,0.0,0.0,0.0,0.0,1.0,1.0,1.0,0.9656293507761075,0.9724103051528495,0.95,0.95,0.95,0.95,0.356,0.0192
0.0,31,0.1,oracle_ratio,271859,9336,10000,0.9336,1.245755910873413,1.245755910873413,0.0,500.0,1.0,0.0,0.0,0.0,0.0,0.0,1.0,1.0,1.0,0.9285516768051808,0.9383153198077684,0.9,0.9,0.9,0.9,0.356,0.0192
0.0,31,0.2,oracle_ratio,271859,8438,10000,0.8438,1.0421744585037231,1.0421744585037231,0.0,500.0,1.0,0.0,0.0,0.0,0.0,0.0,1.0,1.0,1.0,0.8365525746104459,0.850783388109877,0.8,0.8,0.8,0.8,0.356,0.0192
0.0,31,0.05,estimated_ratio,271859,9692,10000,0.9692,1.2983108758926392,1.2983108758926392,0.0,499.9980191344306,1.0034595905318546,0.001990413734375243,0.0008676731548571443,0.001735351529506166,5.018918356409203e-07,0.020037800989947382,1.0000030079251827,0.9965543307827831,1.0034595905318546,0.9656293507761075,0.9724103051528495,0.95,0.9491323268451428,0.9482646484704937,0.9299621990100526,0.356,0.0192
0.0,31,0.1,estimated_ratio,271859,9383,10000,0.9383,1.2524614334106443,1.2524614334106443,0.0,499.9980191344306,1.0034595905318546,0.001990413734375243,0.0008676731548571443,0.001735351529506166,5.018918356409203e-07,0.020037800989947382,1.0000030079251827,0.9965543307827831,1.0034595905318546,0.9334137292299749,0.9428496577982899,0.9,0.8991323268451429,0.8982646484704938,0.8799621990100527,0.356,0.0192
0.0,31,0.2,estimated_ratio,271859,8438,10000,0.8438,1.0421744585037231,1.0421744585037231,0.0,499.9980191344306,1.0034595905318546,0.001990413734375243,0.0008676731548571443,0.001735351529506166,5.018918356409203e-07,0.020037800989947382,1.0000030079251827,0.9965543307827831,1.0034595905318546,0.8365525746104459,0.850783388109877,0.8,0.7991323268451429,0.7982646484704938,0.7799621990100527,0.356,0.0192
0.0,31,0.05,estimated_ratio_clipped,271859,9692,10000,0.9692,1.2983108758926392,1.2983108758926392,0.0,499.9980191344306,1.0034595905318546,0.001990413734375243,0.0008676731548571443,0.001735351529506166,5.018918356420859e-07,0.020037800989970645,1.0000030079251827,0.9965543307827831,1.0034595905318546,0.9656293507761075,0.9724103051528495,0.95,0.9491323268451428,0.9482646484704937,0.9299621990100293,0.356,0.0192
0.0,31,0.1,estimated_ratio_clipped,271859,9383,10000,0.9383,1.2524614334106443,1.2524614334106443,0.0,499.9980191344306,1.0034595905318546,0.001990413734375243,0.0008676731548571443,0.001735351529506166,5.018918356420859e-07,0.020037800989970645,1.0000030079251827,0.9965543307827831,1.0034595905318546,0.9334137292299749,0.9428496577982899,0.9,0.8991323268451429,0.8982646484704938,0.8799621990100294,0.356,0.0192
0.0,31,0.2,estimated_ratio_clipped,271859,8438,10000,0.8438,1.0421744585037231,1.0421744585037231,0.0,499.9980191344306,1.0034595905318546,0.001990413734375243,0.0008676731548571443,0.001735351529506166,5.018918356420859e-07,0.020037800989970645,1.0000030079251827,0.9965543307827831,1.0034595905318546,0.8365525746104459,0.850783388109877,0.8,0.7991323268451429,0.7982646484704938,0.7799621990100294,0.356,0.0192
0.0,32,0.05,unweighted,271860,9553,10000,0.9553,1.2739903926849363,1.2739903926849363,0.0,500.0,1.0,0.0,0.0,0.0,0.0,0.0,1.0,1.0,1.0,0.9510720147979599,0.9591783162857019,0.95,0.95,0.95,0.95,0.362,0.0192
0.0,32,0.1,unweighted,271860,8902,10000,0.8902,1.1369203329086304,1.1369203329086304,0.0,500.0,1.0,0.0,0.0,0.0,0.0,0.0,1.0,1.0,1.0,0.8839218710670056,0.8961784566045183,0.9,0.9,0.9,0.9,0.362,0.0192
0.0,32,0.2,unweighted,271860,7870,10000,0.787,0.9703732132911682,0.9703732132911682,0.0,500.0,1.0,0.0,0.0,0.0,0.0,0.0,1.0,1.0,1.0,0.7788659419845196,0.794913642950712,0.8,0.8,0.8,0.8,0.362,0.0192
0.0,32,0.05,oracle_ratio,271860,9553,10000,0.9553,1.2739903926849363,1.2739903926849363,0.0,500.0,1.0,0.0,0.0,0.0,0.0,0.0,1.0,1.0,1.0,0.9510720147979599,0.9591783162857019,0.95,0.95,0.95,0.95,0.362,0.0192
0.0,32,0.1,oracle_ratio,271860,8902,10000,0.8902,1.1369203329086304,1.1369203329086304,0.0,500.0,1.0,0.0,0.0,0.0,0.0,0.0,1.0,1.0,1.0,0.8839218710670056,0.8961784566045183,0.9,0.9,0.9,0.9,0.362,0.0192
0.0,32,0.2,oracle_ratio,271860,7870,10000,0.787,0.9703732132911682,0.9703732132911682,0.0,500.0,1.0,0.0,0.0,0.0,0.0,0.0,1.0,1.0,1.0,0.7788659419845196,0.794913642950712,0.8,0.8,0.8,0.8,0.362,0.0192
0.0,32,0.05,estimated_ratio,271860,9553,10000,0.9553,1.2739903926849363,1.2739903926849363,0.0,499.74704724243986,1.042436568559313,0.02249803513771251,0.010356118320183471,0.020726007900222387,7.152495665797708e-05,0.23920695083208107,1.0006339050290847,0.9599582456757446,1.042436568559313,0.9510720147979599,0.9591783162857019,0.95,0.9396438816798165,0.9292739920997776,0.7107930491679189,0.362,0.0192
0.0,32,0.1,estimated_ratio,271860,8967,10000,0.8967,1.1501529216766355,1.1501529216766355,0.0,499.74704724243986,1.042436568559313,0.02249803513771251,0.010356118320183471,0.020726007900222387,7.152495665797708e-05,0.23920695083208107,1.0006339050290847,0.9599582456757446,1.042436568559313,0.8905817117283228,0.9025136239643825,0.9,0.8896438816798166,0.8792739920997776,0.6607930491679189,0.362,0.0192
0.0,32,0.2,estimated_ratio,271860,7939,10000,0.7939,0.9745562672615053,0.9745562672615052,0.0,499.74704724243986,1.042436568559313,0.02249803513771251,0.010356118320183471,0.020726007900222387,7.152495665797708e-05,0.23920695083208107,1.0006339050290847,0.9599582456757446,1.042436568559313,0.7858597459860975,0.8017145397716189,0.8,0.7896438816798166,0.7792739920997777,0.5607930491679189,0.362,0.0192
0.0,32,0.05,estimated_ratio_clipped,271860,9553,10000,0.9553,1.2739903926849363,1.2739903926849363,0.0,499.74704724243986,1.042436568559313,0.02249803513771251,0.010356118320183471,0.020726007900222387,7.152495665797837e-05,0.23920695083208324,1.0006339050290847,0.9599582456757446,1.042436568559313,0.9510720147979599,0.9591783162857019,0.95,0.9396438816798165,0.9292739920997776,0.7107930491679167,0.362,0.0192
0.0,32,0.1,estimated_ratio_clipped,271860,8967,10000,0.8967,1.1501529216766355,1.1501529216766355,0.0,499.74704724243986,1.042436568559313,0.02249803513771251,0.010356118320183471,0.020726007900222387,7.152495665797837e-05,0.23920695083208324,1.0006339050290847,0.9599582456757446,1.042436568559313,0.8905817117283228,0.9025136239643825,0.9,0.8896438816798166,0.8792739920997776,0.6607930491679168,0.362,0.0192
0.0,32,0.2,estimated_ratio_clipped,271860,7939,10000,0.7939,0.9745562672615053,0.9745562672615052,0.0,499.74704724243986,1.042436568559313,0.02249803513771251,0.010356118320183471,0.020726007900222387,7.152495665797837e-05,0.23920695083208324,1.0006339050290847,0.9599582456757446,1.042436568559313,0.7858597459860975,0.8017145397716189,0.8,0.7896438816798166,0.7792739920997777,0.5607930491679168,0.362,0.0192
0.0,33,0.05,unweighted,271861,9537,10000,0.9537,1.2739903926849363,1.2739903926849363,0.0,500.0,1.0,0.0,0.0,0.0,0.0,0.0,1.0,1.0,1.0,0.9494043355656253,0.9576472243128226,0.95,0.95,0.95,0.95,0.358,0.0192
0.0,33,0.1,unweighted,271861,9079,10000,0.9079,1.1966276168823242,1.1966276168823242,0.0,500.0,1.0,0.0,0.0,0.0,0.0,0.0,1.0,1.0,1.0,0.9020747206480078,0.9134120134811943,0.9,0.9,0.9,0.9,0.358,0.0192
0.0,33,0.2,unweighted,271861,7804,10000,0.7804,0.9694963097572329,0.9694963097572328,0.0,500.0,1.0,0.0,0.0,0.0,0.0,0.0,1.0,1.0,1.0,0.7721793966316547,0.7884052570820698,0.8,0.8,0.8,0.8,0.358,0.0192
0.0,33,0.05,oracle_ratio,271861,9537,10000,0.9537,1.2739903926849363,1.2739903926849363,0.0,500.0,1.0,0.0,0.0,0.0,0.0,0.0,1.0,1.0,1.0,0.9494043355656253,0.9576472243128226,0.95,0.95,0.95,0.95,0.358,0.0192
0.0,33,0.1,oracle_ratio,271861,9079,10000,0.9079,1.1966276168823242,1.1966276168823242,0.0,500.0,1.0,0.0,0.0,0.0,0.0,0.0,1.0,1.0,1.0,0.9020747206480078,0.9134120134811943,0.9,0.9,0.9,0.9,0.358,0.0192
0.0,33,0.2,oracle_ratio,271861,7804,10000,0.7804,0.9694963097572329,0.9694963097572328,0.0,500.0,1.0,0.0,0.0,0.0,0.0,0.0,1.0,1.0,1.0,0.7721793966316547,0.7884052570820698,0.8,0.8,0.8,0.8,0.358,0.0192
0.0,33,0.05,estimated_ratio,271861,9588,10000,0.9588,1.279902100563049,1.279902100563049,0.0,499.80415086156,1.0352687189608478,0.019795246008597216,0.008666329432311246,0.017338928375998583,5.0079906139336674e-05,0.20015974847973142,1.0003735832979106,0.9662674661360079,1.0352687189608478,0.9547251092569602,0.9625225338381069,0.95,0.9413336705676887,0.9326610716240014,0.7498402515202686,0.358,0.0192
0.0,33,0.1,estimated_ratio,271861,9079,10000,0.9079,1.1966276168823242,1.1966276168823242,0.0,499.80415086156,1.0352687189608478,0.019795246008597216,0.008666329432311246,0.017338928375998583,5.0079906139336674e-05,0.20015974847973142,1.0003735832979106,0.9662674661360079,1.0352687189608478,0.9020747206480078,0.9134120134811943,0.9,0.8913336705676888,0.8826610716240014,0.6998402515202686,0.358,0.0192
0.0,33,0.2,estimated_ratio,271861,7902,10000,0.7902,0.9745562672615053,0.9745562672615052,0.0,499.80415086156,1.0352687189608478,0.019795246008597216,0.008666329432311246,0.017338928375998583,5.0079906139336674e-05,0.20015974847973142,1.0003735832979106,0.9662674661360079,1.0352687189608478,0.782109015529023,0.7980681118166363,0.8,0.7913336705676888,0.7826610716240014,0.5998402515202687,0.358,0.0192
0.0,33,0.05,estimated_ratio_clipped,271861,9588,10000,0.9588,1.279902100563049,1.279902100563049,0.0,499.80415086156,1.0352687189608478,0.019795246008597216,0.008666329432311246,0.017338928375998583,5.007990613933687e-05,0.20015974847973178,1.0003735832979106,0.9662674661360079,1.0352687189608478,0.9547251092569602,0.9625225338381069,0.95,0.9413336705676887,0.9326610716240014,0.7498402515202682,0.358,0.0192
0.0,33,0.1,estimated_ratio_clipped,271861,9079,10000,0.9079,1.1966276168823242,1.1966276168823242,0.0,499.80415086156,1.0352687189608478,0.019795246008597216,0.008666329432311246,0.017338928375998583,5.007990613933687e-05,0.20015974847973178,1.0003735832979106,0.9662674661360079,1.0352687189608478,0.9020747206480078,0.9134120134811943,0.9,0.8913336705676888,0.8826610716240014,0.6998402515202682,0.358,0.0192
0.0,33,0.2,estimated_ratio_clipped,271861,7902,10000,0.7902,0.9745562672615053,0.9745562672615052,0.0,499.80415086156,1.0352687189608478,0.019795246008597216,0.008666329432311246,0.017338928375998583,5.007990613933687e-05,0.20015974847973178,1.0003735832979106,0.9662674661360079,1.0352687189608478,0.782109015529023,0.7980681118166363,0.8,0.7913336705676888,0.7826610716240014,0.5998402515202683,0.358,0.0192
0.0,34,0.05,unweighted,271862,9672,10000,0.9672,1.2983108758926392,1.2983108758926392,0.0,500.0,1.0,0.0,0.0,0.0,0.0,0.0,1.0,1.0,1.0,0.9635257123350865,0.9705154795873531,0.95,0.95,0.95,0.95,0.358,0.0192
0.0,34,0.1,unweighted,271862,9140,10000,0.914,1.20262348651886,1.20262348651886,0.0,500.0,1.0,0.0,0.0,0.0,0.0,0.0,1.0,1.0,1.0,0.9083447458349277,0.919337303514152,0.9,0.9,0.9,0.9,0.358,0.0192
0.0,34,0.2,unweighted,271862,8215,10000,0.8215,1.0256803035736084,1.0256803035736084,0.0,500.0,1.0,0.0,0.0,0.0,0.0,0.0,1.0,1.0,1.0,0.8138716195852103,0.8288814694624447,0.8,0.8,0.8,0.8,0.358,0.0192
0.0,34,0.05,oracle_ratio,271862,9672,10000,0.9672,1.2983108758926392,1.2983108758926392,0.0,500.0,1.0,0.0,0.0,0.0,0.0,0.0,1.0,1.0,1.0,0.9635257123350865,0.9705154795873531,0.95,0.95,0.95,0.95,0.358,0.0192
0.0,34,0.1,oracle_ratio,271862,9140,10000,0.914,1.20262348651886,1.20262348651886,0.0,500.0,1.0,0.0,0.0,0.0,0.0,0.0,1.0,1.0,1.0,0.9083447458349277,0.919337303514152,0.9,0.9,0.9,0.9,0.358,0.0192
0.0,34,0.2,oracle_ratio,271862,8215,10000,0.8215,1.0256803035736084,1.0256803035736084,0.0,500.0,1.0,0.0,0.0,0.0,0.0,0.0,1.0,1.0,1.0,0.8138716195852103,0.8288814694624447,0.8,0.8,0.8,0.8,0.358,0.0192
0.0,34,0.05,estimated_ratio,271862,9672,10000,0.9672,1.2983108758926392,1.2983108758926392,0.0,499.8326303495851,1.0313075172537827,0.01829894501739077,0.007825035417641122,0.015649291505185174,4.083751548302051e-05,0.18074847824094234,0.9998510854365623,0.9690375828018384,1.0313075172537827,0.9635257123350865,0.9705154795873531,0.95,0.9421749645823588,0.9343507084948148,0.7692515217590576,0.358,0.0192
0.0,34,0.1,estimated_ratio,271862,9187,10000,0.9187,1.2281887531280518,1.2281887531280518,0.0,499.8326303495851,1.0313075172537827,0.01829894501739077,0.007825035417641122,0.015649291505185174,4.083751548302051e-05,0.18074847824094234,0.9998510854365623,0.9690375828018384,1.0313075172537827,0.9131813464615568,0.9238970933028385,0.9,0.8921749645823589,0.8843507084948149,0.7192515217590577,0.358,0.0192
0.0,34,0.2,estimated_ratio,271862,8215,10000,0.8215,1.0256803035736084,1.0256803035736084,0.0,499.8326303495851,1.0313075172537827,0.01829894501739077,0.007825035417641122,0.015649291505185174,4.083751548302051e-05,0.18074847824094234,0.9998510854365623,0.9690375828018384,1.0313075172537827,0.8138716195852103,0.8288814694624447,0.8,0.7921749645823589,0.7843507084948149,0.6192515217590577,0.358,0.0192
0.0,34,0.05,estimated_ratio_clipped,271862,9672,10000,0.9672,1.2983108758926392,1.2983108758926392,0.0,499.8326303495851,1.0313075172537827,0.01829894501739077,0.007825035417641122,0.015649291505185174,4.083751548302093e-05,0.18074847824094326,0.9998510854365623,0.9690375828018384,1.0313075172537827,0.9635257123350865,0.9705154795873531,0.95,0.9421749645823588,0.9343507084948148,0.7692515217590568,0.358,0.0192
0.0,34,0.1,estimated_ratio_clipped,271862,9187,10000,0.9187,1.2281887531280518,1.2281887531280518,0.0,499.8326303495851,1.0313075172537827,0.01829894501739077,0.007825035417641122,0.015649291505185174,4.083751548302093e-05,0.18074847824094326,0.9998510854365623,0.9690375828018384,1.0313075172537827,0.9131813464615568,0.9238970933028385,0.9,0.8921749645823589,0.8843507084948149,0.7192515217590567,0.358,0.0192
0.0,34,0.2,estimated_ratio_clipped,271862,8215,10000,0.8215,1.0256803035736084,1.0256803035736084,0.0,499.8326303495851,1.0313075172537827,0.01829894501739077,0.007825035417641122,0.015649291505185174,4.083751548302093e-05,0.18074847824094326,0.9998510854365623,0.9690375828018384,1.0313075172537827,0.8138716195852103,0.8288814694624447,0.8,0.7921749645823589,0.7843507084948149,0.6192515217590568,0.358,0.0192
0.0,35,0.05,unweighted,271863,9582,10000,0.9582,1.279902100563049,1.279902100563049,0.0,500.0,1.0,0.0,0.0,0.0,0.0,0.0,1.0,1.0,1.0,0.9540983478952283,0.9619497559978838,0.95,0.95,0.95,0.95,0.354,0.0192
0.0,35,0.1,unweighted,271863,9124,10000,0.9124,1.20262348651886,1.20262348651886,0.0,500.0,1.0,0.0,0.0,0.0,0.0,0.0,1.0,1.0,1.0,0.9066993810377157,0.91778389710615,0.9,0.9,0.9,0.9,0.354,0.0192
0.0,35,0.2,unweighted,271863,8001,10000,0.8001,0.98867267370224,0.98867267370224,0.0,500.0,1.0,0.0,0.0,0.0,0.0,0.0,1.0,1.0,1.0,0.7921470343989868,0.8078224897789331,0.8,0.8,0.8,0.8,0.354,0.0192
0.0,35,0.05,oracle_ratio,271863,9582,10000,0.9582,1.279902100563049,1.279902100563049,0.0,500.0,1.0,0.0,0.0,0.0,0.0,0.0,1.0,1.0,1.0,0.9540983478952283,0.9619497559978838,0.95,0.95,0.95,0.95,0.354,0.0192
0.0,35,0.1,oracle_ratio,271863,9124,10000,0.9124,1.20262348651886,1.20262348651886,0.0,500.0,1.0,0.0,0.0,0.0,0.0,0.0,1.0,1.0,1.0,0.9066993810377157,0.91778389710615,0.9,0.9,0.9,0.9,0.354,0.0192
0.0,35,0.2,oracle_ratio,271863,8001,10000,0.8001,0.98867267370224,0.98867267370224,0.0,500.0,1.0,0.0,0.0,0.0,0.0,0.0,1.0,1.0,1.0,0.7921470343989868,0.8078224897789331,0.8,0.8,0.8,0.8,0.354,0.0192
0.0,35,0.05,estimated_ratio,271863,9582,10000,0.9582,1.279902100563049,1.279902100563049,0.0,499.93197394719294,1.0201296589278297,0.011664931131739071,0.004995002692796026,0.009991200876739128,1.6634210239547502e-05,0.11535756668566652,1.0001196687189773,0.9803717101979635,1.0201296589278297,0.9540983478952283,0.9619497559978838,0.95,0.9450049973072039,0.9400087991232609,0.8346424333143334,0.354,0.0192
0.0,35,0.1,estimated_ratio,271863,9124,10000,0.9124,1.20262348651886,1.20262348651886,0.0,499.93197394719294,1.0201296589278297,0.011664931131739071,0.004995002692796026,0.009991200876739128,1.6634210239547502e-05,0.11535756668566652,1.0001196687189773,0.9803717101979635,1.0201296589278297,0.9066993810377157,0.91778389710615,0.9,0.895004997307204,0.8900087991232609,0.7846424333143335,0.354,0.0192
0.0,35,0.2,estimated_ratio,271863,8041,10000,0.8041,0.9957479238510132,0.9957479238510132,0.0,499.93197394719294,1.0201296589278297,0.011664931131739071,0.004995002692796026,0.009991200876739128,1.6634210239547502e-05,0.11535756668566652,1.0001196687189773,0.9803717101979635,1.0201296589278297,0.7962049046538964,0.8117615475370581,0.8,0.795004997307204,0.7900087991232609,0.6846424333143335,0.354,0.0192
0.0,35,0.05,estimated_ratio_clipped,271863,9582,10000,0.9582,1.279902100563049,1.279902100563049,0.0,499.93197394719294,1.0201296589278297,0.011664931131739071,0.004995002692796026,0.009991200876739128,1.663421023954488e-05,0.11535756668565743,1.0001196687189773,0.9803717101979635,1.0201296589278297,0.9540983478952283,0.9619497559978838,0.95,0.9450049973072039,0.9400087991232609,0.8346424333143425,0.354,0.0192
0.0,35,0.1,estimated_ratio_clipped,271863,9124,10000,0.9124,1.20262348651886,1.20262348651886,0.0,499.93197394719294,1.0201296589278297,0.011664931131739071,0.004995002692796026,0.009991200876739128,1.663421023954488e-05,0.11535756668565743,1.0001196687189773,0.9803717101979635,1.0201296589278297,0.9066993810377157,0.91778389710615,0.9,0.895004997307204,0.8900087991232609,0.7846424333143426,0.354,0.0192
0.0,35,0.2,estimated_ratio_clipped,271863,8041,10000,0.8041,0.9957479238510132,0.9957479238510132,0.0,499.93197394719294,1.0201296589278297,0.011664931131739071,0.004995002692796026,0.009991200876739128,1.663421023954488e-05,0.11535756668565743,1.0001196687189773,0.9803717101979635,1.0201296589278297,0.7962049046538964,0.8117615475370581,0.8,0.795004997307204,0.7900087991232609,0.6846424333143426,0.354,0.0192
0.0,36,0.05,unweighted,271864,9480,10000,0.948,1.257892370223999,1.257892370223999,0.0,500.0,1.0,0.0,0.0,0.0,0.0,0.0,1.0,1.0,1.0,0.943473754858438,0.9521821826014356,0.95,0.95,0.95,0.95,0.348,0.0192
0.0,36,0.1,unweighted,271864,8974,10000,0.8974,1.1766608953475952,1.1766608953475952,0.0,500.0,1.0,0.0,0.0,0.0,0.0,0.0,1.0,1.0,1.0,0.89129935220894,0.9031954458860462,0.9,0.9,0.9,0.9,0.348,0.0192
0.0,36,0.2,unweighted,271864,7826,10000,0.7826,0.9703732132911682,0.9703732132911682,0.0,500.0,1.0,0.0,0.0,0.0,0.0,0.0,1.0,1.0,1.0,0.7744079061750716,0.7905750579458218,0.8,0.8,0.8,0.8,0.348,0.0192
0.0,36,0.05,oracle_ratio,271864,9480,10000,0.948,1.257892370223999,1.257892370223999,0.0,500.0,1.0,0.0,0.0,0.0,0.0,0.0,1.0,1.0,1.0,0.943473754858438,0.9521821826014356,0.95,0.95,0.95,0.95,0.348,0.0192
0.0,36,0.1,oracle_ratio,271864,8974,10000,0.8974,1.1766608953475952,1.1766608953475952,0.0,500.0,1.0,0.0,0.0,0.0,0.0,0.0,1.0,1.0,1.0,0.89129935220894,0.9031954458860462,0.9,0.9,0.9,0.9,0.348,0.0192
0.0,36,0.2,oracle_ratio,271864,7826,10000,0.7826,0.9703732132911682,0.9703732132911682,0.0,500.0,1.0,0.0,0.0,0.0,0.0,0.0,1.0,1.0,1.0,0.7744079061750716,0.7905750579458218,0.8,0.8,0.8,0.8,0.348,0.0192
0.0,36,0.05,estimated_ratio,271864,9480,10000,0.948,1.257892370223999,1.257892370223999,0.0,498.7188694271149,1.0906089808181973,0.05068375669652611,0.021818333320197482,0.04367835134609139,0.0003175721279271921,0.5040413696729205,1.0011500717382016,0.916697430043888,1.0906089808181973,0.943473754858438,0.9521821826014356,0.95,0.9281816666798025,0.9063216486539085,0.4459586303270795,0.348,0.0192
0.0,36,0.1,estimated_ratio,271864,9018,10000,0.9018,1.1966276168823242,1.1966276168823242,0.0,498.7188694271149,1.0906089808181973,0.05068375669652611,0.021818333320197482,0.04367835134609139,0.0003175721279271921,0.5040413696729205,1.0011500717382016,0.916697430043888,1.0906089808181973,0.8958122321790761,0.9074791867302482,0.9,0.8781816666798026,0.8563216486539086,0.39595863032707956,0.348,0.0192
0.0,36,0.2,estimated_ratio,271864,7973,10000,0.7973,0.9957479238510132,0.9957479238510132,0.0,498.7188694271149,1.0906089808181973,0.05068375669652611,0.021818333320197482,0.04367835134609139,0.0003175721279271921,0.5040413696729205,1.0011500717382016,0.916697430043888,1.0906089808181973,0.7893072555309182,0.8050644190378775,0.8,0.7781816666798026,0.7563216486539086,0.2959586303270796,0.348,0.0192
0.0,36,0.05,estimated_ratio_clipped,271864,9480,10000,0.948,1.257892370223999,1.257892370223999,0.0,498.7188694271149,1.0906089808181973,0.05068375669652611,0.021818333320197482,0.04367835134609139,0.00031757212792719457,0.5040413696729223,1.0011500717382016,0.916697430043888,1.0906089808181973,0.943473754858438,0.9521821826014356,0.95,0.9281816666798025,0.9063216486539085,0.4459586303270776,0.348,0.0192
0.0,36,0.1,estimated_ratio_clipped,271864,9018,10000,0.9018,1.1966276168823242,1.1966276168823242,0.0,498.7188694271149,1.0906089808181973,0.05068375669652611,0.021818333320197482,0.04367835134609139,0.00031757212792719457,0.5040413696729223,1.0011500717382016,0.916697430043888,1.0906089808181973,0.8958122321790761,0.9074791867302482,0.9,0.8781816666798026,0.8563216486539086,0.3959586303270777,0.348,0.0192
0.0,36,0.2,estimated_ratio_clipped,271864,7973,10000,0.7973,0.9957479238510132,0.9957479238510132,0.0,498.7188694271149,1.0906089808181973,0.05068375669652611,0.021818333320197482,0.04367835134609139,0.00031757212792719457,0.5040413696729223,1.0011500717382016,0.916697430043888,1.0906089808181973,0.7893072555309182,0.8050644190378775,0.8,0.7781816666798026,0.7563216486539086,0.2959586303270777,0.348,0.0192
0.0,37,0.05,unweighted,271865,9623,10000,0.9623,1.2823160886764526,1.2823160886764526,0.0,500.0,1.0,0.0,0.0,0.0,0.0,0.0,1.0,1.0,1.0,0.9583858373846685,0.9658591177218039,0.95,0.95,0.95,0.95,0.352,0.0192
0.0,37,0.1,unweighted,271865,8910,10000,0.891,1.1501529216766355,1.1501529216766355,0.0,500.0,1.0,0.0,0.0,0.0,0.0,0.0,1.0,1.0,1.0,0.8847411676786084,0.8969585455955223,0.9,0.9,0.9,0.9,0.352,0.0192
0.0,37,0.2,unweighted,271865,7973,10000,0.7973,0.98867267370224,0.98867267370224,0.0,500.0,1.0,0.0,0.0,0.0,0.0,0.0,1.0,1.0,1.0,0.7893072555309182,0.8050644190378775,0.8,0.8,0.8,0.8,0.352,0.0192
0.0,37,0.05,oracle_ratio,271865,9623,10000,0.9623,1.2823160886764526,1.2823160886764526,0.0,500.0,1.0,0.0,0.0,0.0,0.0,0.0,1.0,1.0,1.0,0.9583858373846685,0.9658591177218039,0.95,0.95,0.95,0.95,0.352,0.0192
0.0,37,0.1,oracle_ratio,271865,8910,10000,0.891,1.1501529216766355,1.1501529216766355,0.0,500.0,1.0,0.0,0.0,0.0,0.0,0.0,1.0,1.0,1.0,0.8847411676786084,0.8969585455955223,0.9,0.9,0.9,0.9,0.352,0.0192
0.0,37,0.2,oracle_ratio,271865,7973,10000,0.7973,0.98867267370224,0.98867267370224,0.0,500.0,1.0,0.0,0.0,0.0,0.0,0.0,1.0,1.0,1.0,0.7893072555309182,0.8050644190378775,0.8,0.8,0.8,0.8,0.352,0.0192
0.0,37,0.05,estimated_ratio,271865,9623,10000,0.9623,1.2823160886764526,1.2823160886764526,0.0,499.9601076719833,1.0162519073707699,0.008932582052945247,0.004041145313097781,0.008082970109916125,1.0887549854147475e-05,0.09332759443657582,1.0000840706863914,0.9840877362864865,1.0162519073707699,0.9583858373846685,0.9658591177218039,0.95,0.9459588546869022,0.9419170298900839,0.8566724055634242,0.352,0.0192
0.0,37,0.1,estimated_ratio,271865,8965,10000,0.8965,1.172321081161499,1.172321081161499,0.0,499.9601076719833,1.0162519073707699,0.008932582052945247,0.004041145313097781,0.008082970109916125,1.0887549854147475e-05,0.09332759443657582,1.0000840706863914,0.9840877362864865,1.0162519073707699,0.8903766872428893,0.9023188020491639,0.9,0.8959588546869023,0.8919170298900839,0.8066724055634242,0.352,0.0192
0.0,37,0.2,estimated_ratio,271865,7973,10000,0.7973,0.98867267370224,0.98867267370224,0.0,499.9601076719833,1.0162519073707699,0.008932582052945247,0.004041145313097781,0.008082970109916125,1.0887549854147475e-05,0.09332759443657582,1.0000840706863914,0.9840877362864865,1.0162519073707699,0.7893072555309182,0.8050644190378775,0.8,0.7959588546869023,0.791917029890084,0.7066724055634243,0.352,0.0192
0.0,37,0.05,estimated_ratio_clipped,271865,9623,10000,0.9623,1.2823160886764526,1.2823160886764526,0.0,499.9601076719833,1.0162519073707699,0.008932582052945247,0.004041145313097781,0.008082970109916125,1.0887549854142524e-05,0.0933275944365546,1.0000840706863914,0.9840877362864865,1.0162519073707699,0.9583858373846685,0.9658591177218039,0.95,0.9459588546869022,0.9419170298900839,0.8566724055634454,0.352,0.0192
0.0,37,0.1,estimated_ratio_clipped,271865,8965,10000,0.8965,1.172321081161499,1.172321081161499,0.0,499.9601076719833,1.0162519073707699,0.008932582052945247,0.004041145313097781,0.008082970109916125,1.0887549854142524e-05,0.0933275944365546,1.0000840706863914,0.9840877362864865,1.0162519073707699,0.8903766872428893,0.9023188020491639,0.9,0.8959588546869023,0.8919170298900839,0.8066724055634454,0.352,0.0192
0.0,37,0.2,estimated_ratio_clipped,271865,7973,10000,0.7973,0.98867267370224,0.98867267370224,0.0,499.9601076719833,1.0162519073707699,0.008932582052945247,0.004041145313097781,0.008082970109916125,1.0887549854142524e-05,0.0933275944365546,1.0000840706863914,0.9840877362864865,1.0162519073707699,0.7893072555309182,0.8050644190378775,0.8,0.7959588546869023,0.791917029890084,0.7066724055634455,0.352,0.0192
0.0,38,0.05,unweighted,271866,9531,10000,0.9531,1.2739903926849363,1.2739903926849363,0.0,500.0,1.0,0.0,0.0,0.0,0.0,0.0,1.0,1.0,1.0,0.9487793069088936,0.9570727137675991,0.95,0.95,0.95,0.95,0.354,0.0192
0.0,38,0.1,unweighted,271866,8848,10000,0.8848,1.1369203329086304,1.1369203329086304,0.0,500.0,1.0,0.0,0.0,0.0,0.0,0.0,1.0,1.0,1.0,0.878394251461595,0.8909102233923323,0.9,0.9,0.9,0.9,0.354,0.0192
0.0,38,0.2,unweighted,271866,7850,10000,0.785,0.9694963097572329,0.9694963097572328,0.0,500.0,1.0,0.0,0.0,0.0,0.0,0.0,1.0,1.0,1.0,0.7768393927215448,0.7929417282071697,0.8,0.8,0.8,0.8,0.354,0.0192
0.0,38,0.05,oracle_ratio,271866,9531,10000,0.9531,1.2739903926849363,1.2739903926849363,0.0,500.0,1.0,0.0,0.0,0.0,0.0,0.0,1.0,1.0,1.0,0.9487793069088936,0.9570727137675991,0.95,0.95,0.95,0.95,0.354,0.0192
0.0,38,0.1,oracle_ratio,271866,8848,10000,0.8848,1.1369203329086304,1.1369203329086304,0.0,500.0,1.0,0.0,0.0,0.0,0.0,0.0,1.0,1.0,1.0,0.878394251461595,0.8909102233923323,0.9,0.9,0.9,0.9,0.354,0.0192
0.0,38,0.2,oracle_ratio,271866,7850,10000,0.785,0.9694963097572329,0.9694963097572328,0.0,500.0,1.0,0.0,0.0,0.0,0.0,0.0,1.0,1.0,1.0,0.7768393927215448,0.7929417282071697,0.8,0.8,0.8,0.8,0.354,0.0192
0.0,38,0.05,estimated_ratio,271866,9531,10000,0.9531,1.2739903926849363,1.2739903926849363,0.0,499.7990124535956,1.035784900794687,0.0200533473954599,0.008801288520231737,0.017608341422300614,5.165029879700065e-05,0.20327380312671997,1.0003412152581905,0.9657112876935562,1.035784900794687,0.9487793069088936,0.9570727137675991,0.95,0.9411987114797682,0.9323916585776993,0.74672619687328,0.354,0.0192
0.0,38,0.1,estimated_ratio,271866,8801,10000,0.8801,1.135647535324097,1.135647535324097,0.0,499.7990124535956,1.035784900794687,0.0200533473954599,0.008801288520231737,0.017608341422300614,5.165029879700065e-05,0.20327380312671997,1.0003412152581905,0.9657112876935562,1.035784900794687,0.873586755206689,0.8863213292319226,0.9,0.8911987114797683,0.8823916585776994,0.6967261968732801,0.354,0.0192
0.0,38,0.2,estimated_ratio,271866,7803,10000,0.7803,0.9664736986160278,0.9664736986160278,0.0,499.7990124535956,1.035784900794687,0.0200533473954599,0.008801288520231737,0.017608341422300614,5.165029879700065e-05,0.20327380312671997,1.0003412152581905,0.9657112876935562,1.035784900794687,0.7720781087066547,0.7883066218067439,0.8,0.7911987114797683,0.7823916585776994,0.5967261968732801,0.354,0.0192
0.0,38,0.05,estimated_ratio_clipped,271866,9531,10000,0.9531,1.2739903926849363,1.2739903926849363,0.0,499.7990124535956,1.035784900794687,0.0200533473954599,0.008801288520231737,0.017608341422300614,5.165029879700088e-05,0.20327380312672047,1.0003412152581905,0.9657112876935562,1.035784900794687,0.9487793069088936,0.9570727137675991,0.95,0.9411987114797682,0.9323916585776993,0.7467261968732795,0.354,0.0192
0.0,38,0.1,estimated_ratio_clipped,271866,8801,10000,0.8801,1.135647535324097,1.135647535324097,0.0,499.7990124535956,1.035784900794687,0.0200533473954599,0.008801288520231737,0.017608341422300614,5.165029879700088e-05,0.20327380312672047,1.0003412152581905,0.9657112876935562,1.035784900794687,0.873586755206689,0.8863213292319226,0.9,0.8911987114797683,0.8823916585776994,0.6967261968732795,0.354,0.0192
0.0,38,0.2,estimated_ratio_clipped,271866,7803,10000,0.7803,0.9664736986160278,0.9664736986160278,0.0,499.7990124535956,1.035784900794687,0.0200533473954599,0.008801288520231737,0.017608341422300614,5.165029879700088e-05,0.20327380312672047,1.0003412152581905,0.9657112876935562,1.035784900794687,0.7720781087066547,0.7883066218067439,0.8,0.7911987114797683,0.7823916585776994,0.5967261968732795,0.354,0.0192
0.0,39,0.05,unweighted,271867,9516,10000,0.9516,1.2739903926849363,1.2739903926849363,0.0,500.0,1.0,0.0,0.0,0.0,0.0,0.0,1.0,1.0,1.0,0.947217542000509,0.9556356306710959,0.95,0.95,0.95,0.95,0.358,0.0192
0.0,39,0.1,unweighted,271867,8786,10000,0.8786,1.135647535324097,1.135647535324097,0.0,500.0,1.0,0.0,0.0,0.0,0.0,0.0,1.0,1.0,1.0,0.872053119530155,0.8848561169035688,0.9,0.9,0.9,0.9,0.358,0.0192
0.0,39,0.2,unweighted,271867,7729,10000,0.7729,0.9663662910461426,0.9663662910461426,0.0,500.0,1.0,0.0,0.0,0.0,0.0,0.0,1.0,1.0,1.0,0.7645846939387724,0.7810057197505125,0.8,0.8,0.8,0.8,0.358,0.0192
0.0,39,0.05,oracle_ratio,271867,9516,10000,0.9516,1.2739903926849363,1.2739903926849363,0.0,500.0,1.0,0.0,0.0,0.0,0.0,0.0,1.0,1.0,1.0,0.947217542000509,0.9556356306710959,0.95,0.95,0.95,0.95,0.358,0.0192
0.0,39,0.1,oracle_ratio,271867,8786,10000,0.8786,1.135647535324097,1.135647535324097,0.0,500.0,1.0,0.0,0.0,0.0,0.0,0.0,1.0,1.0,1.0,0.872053119530155,0.8848561169035688,0.9,0.9,0.9,0.9,0.358,0.0192
0.0,39,0.2,oracle_ratio,271867,7729,10000,0.7729,0.9663662910461426,0.9663662910461426,0.0,500.0,1.0,0.0,0.0,0.0,0.0,0.0,1.0,1.0,1.0,0.7645846939387724,0.7810057197505125,0.8,0.8,0.8,0.8,0.358,0.0192
0.0,39,0.05,estimated_ratio,271867,9516,10000,0.9516,1.2739903926849363,1.2739903926849363,0.0,499.9998456434502,1.0009636481198438,0.0005556196495280789,0.0002428382424124434,0.0004856750508398268,3.9313755651718944e-08,0.005608119517393968,0.999997047448034,0.9990310659979063,1.0009636481198438,0.947217542000509,0.9556356306710959,0.95,0.9497571617575875,0.9495143249491601,0.944391880482606,0.358,0.0192
0.0,39,0.1,estimated_ratio,271867,8786,10000,0.8786,1.135647535324097,1.135647535324097,0.0,499.9998456434502,1.0009636481198438,0.0005556196495280789,0.0002428382424124434,0.0004856750508398268,3.9313755651718944e-08,0.005608119517393968,0.999997047448034,0.9990310659979063,1.0009636481198438,0.872053119530155,0.8848561169035688,0.9,0.8997571617575876,0.8995143249491602,0.8943918804826061,0.358,0.0192
0.0,39,0.2,estimated_ratio,271867,7729,10000,0.7729,0.9663662910461426,0.9663662910461426,0.0,499.9998456434502,1.0009636481198438,0.0005556196495280789,0.0002428382424124434,0.0004856750508398268,3.9313755651718944e-08,0.005608119517393968,0.999997047448034,0.9990310659979063,1.0009636481198438,0.7645846939387724,0.7810057197505125,0.8,0.7997571617575876,0.7995143249491602,0.7943918804826061,0.358,0.0192
0.0,39,0.05,estimated_ratio_clipped,271867,9516,10000,0.9516,1.2739903926849363,1.2739903926849363,0.0,499.9998456434502,1.0009636481198438,0.0005556196495280789,0.0002428382424124434,0.0004856750508398268,3.931375565200773e-08,0.005608119517414566,0.999997047448034,0.9990310659979063,1.0009636481198438,0.947217542000509,0.9556356306710959,0.95,0.9497571617575875,0.9495143249491601,0.9443918804825854,0.358,0.0192
0.0,39,0.1,estimated_ratio_clipped,271867,8786,10000,0.8786,1.135647535324097,1.135647535324097,0.0,499.9998456434502,1.0009636481198438,0.0005556196495280789,0.0002428382424124434,0.0004856750508398268,3.931375565200773e-08,0.005608119517414566,0.999997047448034,0.9990310659979063,1.0009636481198438,0.872053119530155,0.8848561169035688,0.9,0.8997571617575876,0.8995143249491602,0.8943918804825854,0.358,0.0192
0.0,39,0.2,estimated_ratio_clipped,271867,7729,10000,0.7729,0.9663662910461426,0.9663662910461426,0.0,499.9998456434502,1.0009636481198438,0.0005556196495280789,0.0002428382424124434,0.0004856750508398268,3.931375565200773e-08,0.005608119517414566,0.999997047448034,0.9990310659979063,1.0009636481198438,0.7645846939387724,0.7810057197505125,0.8,0.7997571617575876,0.7995143249491602,0.7943918804825855,0.358,0.0192
0.0,40,0.05,unweighted,271868,9636,10000,0.9636,1.2823160886764526,1.2823160886764526,0.0,500.0,1.0,0.0,0.0,0.0,0.0,0.0,1.0,1.0,1.0,0.9597476825156893,0.9670962741950192,0.95,0.95,0.95,0.95,0.348,0.0192
0.0,40,0.1,unweighted,271868,9105,10000,0.9105,1.1966276168823242,1.1966276168823242,0.0,500.0,1.0,0.0,0.0,0.0,0.0,0.0,1.0,1.0,1.0,0.9047462290294601,0.9159385083082143,0.9,0.9,0.9,0.9,0.348,0.0192
0.0,40,0.2,unweighted,271868,8343,10000,0.8343,1.031848669052124,1.031848669052124,0.0,500.0,1.0,0.0,0.0,0.0,0.0,0.0,1.0,1.0,1.0,0.8268845337900904,0.8414587248992752,0.8,0.8,0.8,0.8,0.348,0.0192
0.0,40,0.05,oracle_ratio,271868,9636,10000,0.9636,1.2823160886764526,1.2823160886764526,0.0,500.0,1.0,0.0,0.0,0.0,0.0,0.0,1.0,1.0,1.0,0.9597476825156893,0.9670962741950192,0.95,0.95,0.95,0.95,0.348,0.0192
0.0,40,0.1,oracle_ratio,271868,9105,10000,0.9105,1.1966276168823242,1.1966276168823242,0.0,500.0,1.0,0.0,0.0,0.0,0.0,0.0,1.0,1.0,1.0,0.9047462290294601,0.9159385083082143,0.9,0.9,0.9,0.9,0.348,0.0192
0.0,40,0.2,oracle_ratio,271868,8343,10000,0.8343,1.031848669052124,1.031848669052124,0.0,500.0,1.0,0.0,0.0,0.0,0.0,0.0,1.0,1.0,1.0,0.8268845337900904,0.8414587248992752,0.8,0.8,0.8,0.8,0.348,0.0192
0.0,40,0.05,estimated_ratio,271868,9636,10000,0.9636,1.2823160886764526,1.2823160886764526,0.0,499.81236440165037,1.033421534335491,0.01937555361890292,0.008209418415077711,0.016425438920691822,4.4940143058812484e-05,0.18961042810734324,1.0003855873308347,0.9680576627336366,1.033421534335491,0.9597476825156893,0.9670962741950192,0.95,0.9417905815849222,0.9335745610793081,0.7603895718926568,0.348,0.0192
0.0,40,0.1,estimated_ratio,271868,9060,10000,0.906,1.1766608953475952,1.1766608953475952,0.0,499.81236440165037,1.033421534335491,0.01937555361890292,0.008209418415077711,0.016425438920691822,4.4940143058812484e-05,0.18961042810734324,1.0003855873308347,0.9680576627336366,1.033421534335491,0.9001233324563265,0.9115648608666842,0.9,0.8917905815849223,0.8835745610793082,0.7103895718926567,0.348,0.0192
0.0,40,0.2,estimated_ratio,271868,8253,10000,0.8253,1.02435564994812,1.02435564994812,0.0,499.81236440165037,1.033421534335491,0.01937555361890292,0.008209418415077711,0.016425438920691822,4.4940143058812484e-05,0.18961042810734324,1.0003855873308347,0.9680576627336366,1.033421534335491,0.8177332808311709,0.832616889828867,0.8,0.7917905815849223,0.7835745610793082,0.6103895718926569,0.348,0.0192
0.0,40,0.05,estimated_ratio_clipped,271868,9636,10000,0.9636,1.2823160886764526,1.2823160886764526,0.0,499.81236440165037,1.033421534335491,0.01937555361890292,0.008209418415077711,0.016425438920691822,4.494014305881251e-05,0.1896104281073433,1.0003855873308347,0.9680576627336366,1.033421534335491,0.9597476825156893,0.9670962741950192,0.95,0.9417905815849222,0.9335745610793081,0.7603895718926567,0.348,0.0192
0.0,40,0.1,estimated_ratio_clipped,271868,9060,10000,0.906,1.1766608953475952,1.1766608953475952,0.0,499.81236440165037,1.033421534335491,0.01937555361890292,0.008209418415077711,0.016425438920691822,4.494014305881251e-05,0.1896104281073433,1.0003855873308347,0.9680576627336366,1.033421534335491,0.9001233324563265,0.9115648608666842,0.9,0.8917905815849223,0.8835745610793082,0.7103895718926567,0.348,0.0192
0.0,40,0.2,estimated_ratio_clipped,271868,8253,10000,0.8253,1.02435564994812,1.02435564994812,0.0,499.81236440165037,1.033421534335491,0.01937555361890292,0.008209418415077711,0.016425438920691822,4.494014305881251e-05,0.1896104281073433,1.0003855873308347,0.9680576627336366,1.033421534335491,0.8177332808311709,0.832616889828867,0.8,0.7917905815849223,0.7835745610793082,0.6103895718926567,0.348,0.0192
0.0,41,0.05,unweighted,271869,9430,10000,0.943,1.255275011062622,1.255275011062622,0.0,500.0,1.0,0.0,0.0,0.0,0.0,0.0,1.0,1.0,1.0,0.9382835457662696,0.9473762316773108,0.95,0.95,0.95,0.95,0.35,0.0192
0.0,41,0.1,unweighted,271869,8923,10000,0.8923,1.1501529216766355,1.1501529216766355,0.0,500.0,1.0,0.0,0.0,0.0,0.0,0.0,1.0,1.0,1.0,0.8860727457811958,0.8982259690971713,0.9,0.9,0.9,0.9,0.35,0.0192
0.0,41,0.2,unweighted,271869,7991,10000,0.7991,0.98867267370224,0.98867267370224,0.0,500.0,1.0,0.0,0.0,0.0,0.0,0.0,1.0,1.0,1.0,0.7911327592647781,0.8068375329098831,0.8,0.8,0.8,0.8,0.35,0.0192
0.0,41,0.05,oracle_ratio,271869,9430,10000,0.943,1.255275011062622,1.255275011062622,0.0,500.0,1.0,0.0,0.0,0.0,0.0,0.0,1.0,1.0,1.0,0.9382835457662696,0.9473762316773108,0.95,0.95,0.95,0.95,0.35,0.0192
0.0,41,0.1,oracle_ratio,271869,8923,10000,0.8923,1.1501529216766355,1.1501529216766355,0.0,500.0,1.0,0.0,0.0,0.0,0.0,0.0,1.0,1.0,1.0,0.8860727457811958,0.8982259690971713,0.9,0.9,0.9,0.9,0.35,0.0192
0.0,41,0.2,oracle_ratio,271869,7991,10000,0.7991,0.98867267370224,0.98867267370224,0.0,500.0,1.0,0.0,0.0,0.0,0.0,0.0,1.0,1.0,1.0,0.7911327592647781,0.8068375329098831,0.8,0.8,0.8,0.8,0.35,0.0192
0.0,41,0.05,estimated_ratio,271869,9430,10000,0.943,1.255275011062622,1.255275011062622,0.0,499.99044860161945,1.0077341727465956,0.004370716381183939,0.0019306759667985594,0.0038614748715700585,2.485019983309631e-06,0.04458717289364402,1.000031838064766,0.9923686458689939,1.0077341727465956,0.9382835457662696,0.9473762316773108,0.95,0.9480693240332014,0.9461385251284299,0.905412827106356,0.35,0.0192
0.0,41,0.1,estimated_ratio,271869,8923,10000,0.8923,1.1501529216766355,1.1501529216766355,0.0,499.99044860161945,1.0077341727465956,0.004370716381183939,0.0019306759667985594,0.0038614748715700585,2.485019983309631e-06,0.04458717289364402,1.000031838064766,0.9923686458689939,1.0077341727465956,0.8860727457811958,0.8982259690971713,0.9,0.8980693240332015,0.89613852512843,0.855412827106356,0.35,0.0192
0.0,41,0.2,estimated_ratio,271869,7991,10000,0.7991,0.98867267370224,0.98867267370224,0.0,499.99044860161945,1.0077341727465956,0.004370716381183939,0.0019306759667985594,0.0038614748715700585,2.485019983309631e-06,0.04458717289364402,1.000031838064766,0.9923686458689939,1.0077341727465956,0.7911327592647781,0.8068375329098831,0.8,0.7980693240332015,0.79613852512843,0.755412827106356,0.35,0.0192
0.0,41,0.05,estimated_ratio_clipped,271869,9430,10000,0.943,1.255275011062622,1.255275011062622,0.0,499.99044860161945,1.0077341727465956,0.004370716381183939,0.0019306759667985594,0.0038614748715700585,2.4850199833067277e-06,0.04458717289361798,1.000031838064766,0.9923686458689939,1.0077341727465956,0.9382835457662696,0.9473762316773108,0.95,0.9480693240332014,0.9461385251284299,0.9054128271063819,0.35,0.0192
0.0,41,0.1,estimated_ratio_clipped,271869,8923,10000,0.8923,1.1501529216766355,1.1501529216766355,0.0,499.99044860161945,1.0077341727465956,0.004370716381183939,0.0019306759667985594,0.0038614748715700585,2.4850199833067277e-06,0.04458717289361798,1.000031838064766,0.9923686458689939,1.0077341727465956,0.8860727457811958,0.8982259690971713,0.9,0.8980693240332015,0.89613852512843,0.855412827106382,0.35,0.0192
0.0,41,0.2,estimated_ratio_clipped,271869,7991,10000,0.7991,0.98867267370224,0.98867267370224,0.0,499.99044860161945,1.0077341727465956,0.004370716381183939,0.0019306759667985594,0.0038614748715700585,2.4850199833067277e-06,0.04458717289361798,1.000031838064766,0.9923686458689939,1.0077341727465956,0.7911327592647781,0.8068375329098831,0.8,0.7980693240332015,0.79613852512843,0.755412827106382,0.35,0.0192
0.0,42,0.05,unweighted,271870,9455,10000,0.9455,1.255275011062622,1.255275011062622,0.0,500.0,1.0,0.0,0.0,0.0,0.0,0.0,1.0,1.0,1.0,0.9408773441290929,0.9497805133226344,0.95,0.95,0.95,0.95,0.344,0.0192
0.0,42,0.1,unweighted,271870,9163,10000,0.9163,1.20262348651886,1.20262348651886,0.0,500.0,1.0,0.0,0.0,0.0,0.0,0.0,1.0,1.0,1.0,0.9107109569329683,0.9215693260236062,0.9,0.9,0.9,0.9,0.344,0.0192
0.0,42,0.2,unweighted,271870,8263,10000,0.8263,1.0256803035736084,1.0256803035736084,0.0,500.0,1.0,0.0,0.0,0.0,0.0,0.0,1.0,1.0,1.0,0.8187497207295015,0.8335996819337951,0.8,0.8,0.8,0.8,0.344,0.0192
0.0,42,0.05,oracle_ratio,271870,9455,10000,0.9455,1.255275011062622,1.255275011062622,0.0,500.0,1.0,0.0,0.0,0.0,0.0,0.0,1.0,1.0,1.0,0.9408773441290929,0.9497805133226344,0.95,0.95,0.95,0.95,0.344,0.0192
0.0,42,0.1,oracle_ratio,271870,9163,10000,0.9163,1.20262348651886,1.20262348651886,0.0,500.0,1.0,0.0,0.0,0.0,0.0,0.0,1.0,1.0,1.0,0.9107109569329683,0.9215693260236062,0.9,0.9,0.9,0.9,0.344,0.0192
0.0,42,0.2,oracle_ratio,271870,8263,10000,0.8263,1.0256803035736084,1.0256803035736084,0.0,500.0,1.0,0.0,0.0,0.0,0.0,0.0,1.0,1.0,1.0,0.8187497207295015,0.8335996819337951,0.8,0.8,0.8,0.8,0.344,0.0192
0.0,42,0.05,estimated_ratio,271870,9455,10000,0.9455,1.255275011062622,1.255275011062622,0.0,499.9970615791969,1.0040963444280055,0.0024242269167319107,0.0010192126173372497,0.0020386126810341696,6.926432710708445e-07,0.023539639267768645,1.0000351254270092,0.9959848147690291,1.0040963444280055,0.9408773441290929,0.9497805133226344,0.95,0.9489807873826627,0.9479613873189657,0.9264603607322313,0.344,0.0192
0.0,42,0.1,estimated_ratio,271870,9163,10000,0.9163,1.20262348651886,1.20262348651886,0.0,499.9970615791969,1.0040963444280055,0.0024242269167319107,0.0010192126173372497,0.0020386126810341696,6.926432710708445e-07,0.023539639267768645,1.0000351254270092,0.9959848147690291,1.0040963444280055,0.9107109569329683,0.9215693260236062,0.9,0.8989807873826627,0.8979613873189658,0.8764603607322313,0.344,0.0192
0.0,42,0.2,estimated_ratio,271870,8263,10000,0.8263,1.0256803035736084,1.0256803035736084,0.0,499.9970615791969,1.0040963444280055,0.0024242269167319107,0.0010192126173372497,0.0020386126810341696,6.926432710708445e-07,0.023539639267768645,1.0000351254270092,0.9959848147690291,1.0040963444280055,0.8187497207295015,0.8335996819337951,0.8,0.7989807873826628,0.7979613873189658,0.7764603607322313,0.344,0.0192
0.0,42,0.05,estimated_ratio_clipped,271870,9455,10000,0.9455,1.255275011062622,1.255275011062622,0.0,499.9970615791969,1.0040963444280055,0.0024242269167319107,0.0010192126173372497,0.0020386126810341696,6.926432710696856e-07,0.023539639267748953,1.0000351254270092,0.9959848147690291,1.0040963444280055,0.9408773441290929,0.9497805133226344,0.95,0.9489807873826627,0.9479613873189657,0.926460360732251,0.344,0.0192
0.0,42,0.1,estimated_ratio_clipped,271870,9163,10000,0.9163,1.20262348651886,1.20262348651886,0.0,499.9970615791969,1.0040963444280055,0.0024242269167319107,0.0010192126173372497,0.0020386126810341696,6.926432710696856e-07,0.023539639267748953,1.0000351254270092,0.9959848147690291,1.0040963444280055,0.9107109569329683,0.9215693260236062,0.9,0.8989807873826627,0.8979613873189658,0.8764603607322511,0.344,0.0192
0.0,42,0.2,estimated_ratio_clipped,271870,8263,10000,0.8263,1.0256803035736084,1.0256803035736084,0.0,499.9970615791969,1.0040963444280055,0.0024242269167319107,0.0010192126173372497,0.0020386126810341696,6.926432710696856e-07,0.023539639267748953,1.0000351254270092,0.9959848147690291,1.0040963444280055,0.8187497207295015,0.8335996819337951,0.8,0.7989807873826628,0.7979613873189658,0.7764603607322511,0.344,0.0192
0.0,43,0.05,unweighted,271871,9574,10000,0.9574,1.279902100563049,1.279902100563049,0.0,500.0,1.0,0.0,0.0,0.0,0.0,0.0,1.0,1.0,1.0,0.95326300641954,0.961185711870965,0.95,0.95,0.95,0.95,0.354,0.0192
0.0,43,0.1,unweighted,271871,9309,10000,0.9309,1.245755910873413,1.245755910873413,0.0,500.0,1.0,0.0,0.0,0.0,0.0,0.0,1.0,1.0,1.0,0.9257617947322282,0.9357072754719226,0.9,0.9,0.9,0.9,0.354,0.0192
0.0,43,0.2,unweighted,271871,8147,10000,0.8147,1.02435564994812,1.02435564994812,0.0,500.0,1.0,0.0,0.0,0.0,0.0,0.0,1.0,1.0,1.0,0.8069644003776943,0.8221939110478018,0.8,0.8,0.8,0.8,0.354,0.0192
0.0,43,0.05,oracle_ratio,271871,9574,10000,0.9574,1.279902100563049,1.279902100563049,0.0,500.0,1.0,0.0,0.0,0.0,0.0,0.0,1.0,1.0,1.0,0.95326300641954,0.961185711870965,0.95,0.95,0.95,0.95,0.354,0.0192
0.0,43,0.1,oracle_ratio,271871,9309,10000,0.9309,1.245755910873413,1.245755910873413,0.0,500.0,1.0,0.0,0.0,0.0,0.0,0.0,1.0,1.0,1.0,0.9257617947322282,0.9357072754719226,0.9,0.9,0.9,0.9,0.354,0.0192
0.0,43,0.2,oracle_ratio,271871,8147,10000,0.8147,1.02435564994812,1.02435564994812,0.0,500.0,1.0,0.0,0.0,0.0,0.0,0.0,1.0,1.0,1.0,0.8069644003776943,0.8221939110478018,0.8,0.8,0.8,0.8,0.354,0.0192
0.0,43,0.05,estimated_ratio,271871,9528,10000,0.9528,1.2739903926849363,1.2739903926849363,0.0,499.07785879518144,1.0746238428904176,0.04298476557962539,0.01809026857099718,0.03620571261328623,0.00021826570612677477,0.41786668316751435,1.0008387252802278,0.9304936869634881,1.0746238428904176,0.9484668625628512,0.956785388512664,0.95,0.9319097314290028,0.9137942873867138,0.5321333168324855,0.354,0.0192
0.0,43,0.1,estimated_ratio,271871,9254,10000,0.9254,1.2339407205581665,1.2339407205581665,0.0,499.07785879518144,1.0746238428904176,0.04298476557962539,0.01809026857099718,0.03620571261328623,0.00021826570612677477,0.41786668316751435,1.0008387252802278,0.9304936869634881,1.0746238428904176,0.9200853414089106,0.9303879527773177,0.9,0.8819097314290029,0.8637942873867138,0.48213331683248567,0.354,0.0192
0.0,43,0.2,estimated_ratio,271871,8051,10000,0.8051,1.0030367058753968,1.0019125938415527,0.0,499.07785879518144,1.0746238428904176,0.04298476557962539,0.01809026857099718,0.03620571261328623,0.00021826570612677477,0.41786668316751435,1.0008387252802278,0.9304936869634881,1.0746238428904176,0.7972195668559101,0.812746117338303,0.8,0.7819097314290029,0.7637942873867138,0.3821333168324857,0.354,0.0192
0.0,43,0.05,estimated_ratio_clipped,271871,9528,10000,0.9528,1.2739903926849363,1.2739903926849363,0.0,499.07785879518144,1.0746238428904176,0.04298476557962539,0.01809026857099718,0.03620571261328623,0.0002182657061267783,0.4178666831675177,1.0008387252802278,0.9304936869634881,1.0746238428904176,0.9484668625628512,0.956785388512664,0.95,0.9319097314290028,0.9137942873867138,0.5321333168324822,0.354,0.0192
0.0,43,0.1,estimated_ratio_clipped,271871,9254,10000,0.9254,1.2339407205581665,1.2339407205581665,0.0,499.07785879518144,1.0746238428904176,0.04298476557962539,0.01809026857099718,0.03620571261328623,0.0002182657061267783,0.4178666831675177,1.0008387252802278,0.9304936869634881,1.0746238428904176,0.9200853414089106,0.9303879527773177,0.9,0.8819097314290029,0.8637942873867138,0.48213331683248234,0.354,0.0192
0.0,43,0.2,estimated_ratio_clipped,271871,8051,10000,0.8051,1.0030367058753968,1.0019125938415527,0.0,499.07785879518144,1.0746238428904176,0.04298476557962539,0.01809026857099718,0.03620571261328623,0.0002182657061267783,0.4178666831675177,1.0008387252802278,0.9304936869634881,1.0746238428904176,0.7972195668559101,0.812746117338303,0.8,0.7819097314290029,0.7637942873867138,0.38213331683248236,0.354,0.0192
0.0,44,0.05,unweighted,271872,9225,10000,0.9225,1.2339407205581665,1.2339407205581665,0.0,500.0,1.0,0.0,0.0,0.0,0.0,0.0,1.0,1.0,1.0,0.9170956423085934,0.9275798790681848,0.95,0.95,0.95,0.95,0.352,0.0192
0.0,44,0.1,unweighted,271872,8728,10000,0.8728,1.1282352209091189,1.1282352209091189,0.0,500.0,1.0,0.0,0.0,0.0,0.0,0.0,1.0,1.0,1.0,0.8661259914211681,0.8791876993936554,0.9,0.9,0.9,0.9,0.352,0.0192
0.0,44,0.2,unweighted,271872,7885,10000,0.7885,0.9745562672615053,0.9745562672615052,0.0,500.0,1.0,0.0,0.0,0.0,0.0,0.0,1.0,1.0,1.0,0.7803860410207829,0.7963923919193366,0.8,0.8,0.8,0.8,0.352,0.0192
0.0,44,0.05,oracle_ratio,271872,9225,10000,0.9225,1.2339407205581665,1.2339407205581665,0.0,500.0,1.0,0.0,0.0,0.0,0.0,0.0,1.0,1.0,1.0,0.9170956423085934,0.9275798790681848,0.95,0.95,0.95,0.95,0.352,0.0192
0.0,44,0.1,oracle_ratio,271872,8728,10000,0.8728,1.1282352209091189,1.1282352209091189,0.0,500.0,1.0,0.0,0.0,0.0,0.0,0.0,1.0,1.0,1.0,0.8661259914211681,0.8791876993936554,0.9,0.9,0.9,0.9,0.352,0.0192
0.0,44,0.2,oracle_ratio,271872,7885,10000,0.7885,0.9745562672615053,0.9745562672615052,0.0,500.0,1.0,0.0,0.0,0.0,0.0,0.0,1.0,1.0,1.0,0.7803860410207829,0.7963923919193366,0.8,0.8,0.8,0.8,0.352,0.0192
0.0,44,0.05,estimated_ratio,271872,9225,10000,0.9225,1.2339407205581665,1.2339407205581665,0.0,499.6901925101546,1.0439837713010662,0.02489978193570916,0.010980486332031933,0.02196274699458438,8.039827515085029e-05,0.25361115929840355,1.0001248069775288,0.9570543882963716,1.0444615801188089,0.9170956423085934,0.9275798790681848,0.95,0.939019513667968,0.9280372530054156,0.6963888407015963,0.352,0.0192
0.0,44,0.1,estimated_ratio,271872,8728,10000,0.8728,1.1282352209091189,1.1282352209091189,0.0,499.6901925101546,1.0439837713010662,0.02489978193570916,0.010980486332031933,0.02196274699458438,8.039827515085029e-05,0.25361115929840355,1.0001248069775288,0.9570543882963716,1.0444615801188089,0.8661259914211681,0.8791876993936554,0.9,0.889019513667968,0.8780372530054157,0.6463888407015965,0.352,0.0192
0.0,44,0.2,estimated_ratio,271872,7885,10000,0.7885,0.9745562672615053,0.9745562672615052,0.0,499.6901925101546,1.0439837713010662,0.02489978193570916,0.010980486332031933,0.02196274699458438,8.039827515085029e-05,0.25361115929840355,1.0001248069775288,0.9570543882963716,1.0444615801188089,0.7803860410207829,0.7963923919193366,0.8,0.7890195136679681,0.7780372530054157,0.5463888407015964,0.352,0.0192
0.0,44,0.05,estimated_ratio_clipped,271872,9225,10000,0.9225,1.2339407205581665,1.2339407205581665,0.0,499.6901925101546,1.0439837713010662,0.02489978193570916,0.010980486332031933,0.02196274699458438,8.039827515084637e-05,0.2536111592983974,1.0001248069775288,0.9570543882963716,1.0444615801188089,0.9170956423085934,0.9275798790681848,0.95,0.939019513667968,0.9280372530054156,0.6963888407016026,0.352,0.0192
0.0,44,0.1,estimated_ratio_clipped,271872,8728,10000,0.8728,1.1282352209091189,1.1282352209091189,0.0,499.6901925101546,1.0439837713010662,0.02489978193570916,0.010980486332031933,0.02196274699458438,8.039827515084637e-05,0.2536111592983974,1.0001248069775288,0.9570543882963716,1.0444615801188089,0.8661259914211681,0.8791876993936554,0.9,0.889019513667968,0.8780372530054157,0.6463888407016026,0.352,0.0192
0.0,44,0.2,estimated_ratio_clipped,271872,7885,10000,0.7885,0.9745562672615053,0.9745562672615052,0.0,499.6901925101546,1.0439837713010662,0.02489978193570916,0.010980486332031933,0.02196274699458438,8.039827515084637e-05,0.2536111592983974,1.0001248069775288,0.9570543882963716,1.0444615801188089,0.7803860410207829,0.7963923919193366,0.8,0.7890195136679681,0.7780372530054157,0.5463888407016027,0.352,0.0192
0.0,45,0.05,unweighted,271873,9659,10000,0.9659,1.2823160886764526,1.2823160886764526,0.0,500.0,1.0,0.0,0.0,0.0,0.0,0.0,1.0,1.0,1.0,0.9621602196717023,0.9692819706465012,0.95,0.95,0.95,0.95,0.354,0.0192
0.0,45,0.1,unweighted,271873,9116,10000,0.9116,1.20262348651886,1.20262348651886,0.0,500.0,1.0,0.0,0.0,0.0,0.0,0.0,1.0,1.0,1.0,0.9058769073092542,0.9170069852320047,0.9,0.9,0.9,0.9,0.354,0.0192
0.0,45,0.2,unweighted,271873,8236,10000,0.8236,1.031848669052124,1.031848669052124,0.0,500.0,1.0,0.0,0.0,0.0,0.0,0.0,1.0,1.0,1.0,0.8160055378849556,0.8309459383695426,0.8,0.8,0.8,0.8,0.354,0.0192
0.0,45,0.05,oracle_ratio,271873,9659,10000,0.9659,1.2823160886764526,1.2823160886764526,0.0,500.0,1.0,0.0,0.0,0.0,0.0,0.0,1.0,1.0,1.0,0.9621602196717023,0.9692819706465012,0.95,0.95,0.95,0.95,0.354,0.0192
0.0,45,0.1,oracle_ratio,271873,9116,10000,0.9116,1.20262348651886,1.20262348651886,0.0,500.0,1.0,0.0,0.0,0.0,0.0,0.0,1.0,1.0,1.0,0.9058769073092542,0.9170069852320047,0.9,0.9,0.9,0.9,0.354,0.0192
0.0,45,0.2,oracle_ratio,271873,8236,10000,0.8236,1.031848669052124,1.031848669052124,0.0,500.0,1.0,0.0,0.0,0.0,0.0,0.0,1.0,1.0,1.0,0.8160055378849556,0.8309459383695426,0.8,0.8,0.8,0.8,0.354,0.0192
0.0,45,0.05,estimated_ratio,271873,9659,10000,0.9659,1.2823160886764526,1.2823160886764526,0.0,499.6950774650828,1.041088173522264,0.024702574922262053,0.010199783329672325,0.020399097753942663,6.938008519465575e-05,0.23559301380924816,0.9999530291395959,0.9599103747634584,1.041088173522264,0.9621602196717023,0.9692819706465012,0.95,0.9398002166703276,0.9296009022460573,0.7144069861907518,0.354,0.0192
0.0,45,0.1,estimated_ratio,271873,9168,10000,0.9168,1.2281887531280518,1.2281887531280518,0.0,499.6950774650828,1.041088173522264,0.024702574922262053,0.010199783329672325,0.020399097753942663,6.938008519465575e-05,0.23559301380924816,0.9999530291395959,0.9599103747634584,1.041088173522264,0.9112255102904047,0.9220543886677991,0.9,0.8898002166703277,0.8796009022460574,0.6644069861907519,0.354,0.0192
0.0,45,0.2,estimated_ratio,271873,8298,10000,0.8298,1.0344692468643188,1.0344692468643188,0.0,499.6950774650828,1.041088173522264,0.024702574922262053,0.010199783329672325,0.020399097753942663,6.938008519465575e-05,0.23559301380924816,0.9999530291395959,0.9599103747634584,1.041088173522264,0.822307973376452,0.8370387412982496,0.8,0.7898002166703277,0.7796009022460574,0.5644069861907519,0.354,0.0192
0.0,45,0.05,estimated_ratio_clipped,271873,9659,10000,0.9659,1.2823160886764526,1.2823160886764526,0.0,499.6950774650828,1.041088173522264,0.024702574922262053,0.010199783329672325,0.020399097753942663,6.938008519465353e-05,0.23559301380924438,0.9999530291395959,0.9599103747634584,1.041088173522264,0.9621602196717023,0.9692819706465012,0.95,0.9398002166703276,0.9296009022460573,0.7144069861907556,0.354,0.0192
0.0,45,0.1,estimated_ratio_clipped,271873,9168,10000,0.9168,1.2281887531280518,1.2281887531280518,0.0,499.6950774650828,1.041088173522264,0.024702574922262053,0.010199783329672325,0.020399097753942663,6.938008519465353e-05,0.23559301380924438,0.9999530291395959,0.9599103747634584,1.041088173522264,0.9112255102904047,0.9220543886677991,0.9,0.8898002166703277,0.8796009022460574,0.6644069861907557,0.354,0.0192
0.0,45,0.2,estimated_ratio_clipped,271873,8298,10000,0.8298,1.0344692468643188,1.0344692468643188,0.0,499.6950774650828,1.041088173522264,0.024702574922262053,0.010199783329672325,0.020399097753942663,6.938008519465353e-05,0.23559301380924438,0.9999530291395959,0.9599103747634584,1.041088173522264,0.822307973376452,0.8370387412982496,0.8,0.7898002166703277,0.7796009022460574,0.5644069861907557,0.354,0.0192
0.0,46,0.05,unweighted,271874,9664,10000,0.9664,1.2823160886764526,1.2823160886764526,0.0,500.0,1.0,0.0,0.0,0.0,0.0,0.0,1.0,1.0,1.0,0.9626852416755118,0.9697565646443211,0.95,0.95,0.95,0.95,0.36,0.0192
0.0,46,0.1,unweighted,271874,9183,10000,0.9183,1.2281887531280518,1.2281887531280518,0.0,500.0,1.0,0.0,0.0,0.0,0.0,0.0,1.0,1.0,1.0,0.912769520515378,0.9235092264477139,0.9,0.9,0.9,0.9,0.36,0.0192
0.0,46,0.2,unweighted,271874,8058,10000,0.8058,0.9957479238510132,0.9957479238510132,0.0,500.0,1.0,0.0,0.0,0.0,0.0,0.0,1.0,1.0,1.0,0.7979298772314973,0.8134352693649967,0.8,0.8,0.8,0.8,0.36,0.0192
0.0,46,0.05,oracle_ratio,271874,9664,10000,0.9664,1.2823160886764526,1.2823160886764526,0.0,500.0,1.0,0.0,0.0,0.0,0.0,0.0,1.0,1.0,1.0,0.9626852416755118,0.9697565646443211,0.95,0.95,0.95,0.95,0.36,0.0192
0.0,46,0.1,oracle_ratio,271874,9183,10000,0.9183,1.2281887531280518,1.2281887531280518,0.0,500.0,1.0,0.0,0.0,0.0,0.0,0.0,1.0,1.0,1.0,0.912769520515378,0.9235092264477139,0.9,0.9,0.9,0.9,0.36,0.0192
0.0,46,0.2,oracle_ratio,271874,8058,10000,0.8058,0.9957479238510132,0.9957479238510132,0.0,500.0,1.0,0.0,0.0,0.0,0.0,0.0,1.0,1.0,1.0,0.7979298772314973,0.8134352693649967,0.8,0.8,0.8,0.8,0.36,0.0192
0.0,46,0.05,estimated_ratio,271874,9664,10000,0.9664,1.2823160886764526,1.2823160886764526,0.0,499.9988710779016,1.0025153722317217,0.001502614153638933,0.000631268856507273,0.001262539419072227,2.6565995649975273e-07,0.014578338903997332,1.0000013512924546,0.9974915148459724,1.0025153722317217,0.9626852416755118,0.9697565646443211,0.95,0.9493687311434926,0.9487374605809278,0.9354216610960027,0.36,0.0192
0.0,46,0.1,estimated_ratio,271874,9183,10000,0.9183,1.2281887531280518,1.2281887531280518,0.0,499.9988710779016,1.0025153722317217,0.001502614153638933,0.000631268856507273,0.001262539419072227,2.6565995649975273e-07,0.014578338903997332,1.0000013512924546,0.9974915148459724,1.0025153722317217,0.912769520515378,0.9235092264477139,0.9,0.8993687311434927,0.8987374605809278,0.8854216610960027,0.36,0.0192
0.0,46,0.2,estimated_ratio,271874,8058,10000,0.8058,0.9957479238510132,0.9957479238510132,0.0,499.9988710779016,1.0025153722317217,0.001502614153638933,0.000631268856507273,0.001262539419072227,2.6565995649975273e-07,0.014578338903997332,1.0000013512924546,0.9974915148459724,1.0025153722317217,0.7979298772314973,0.8134352693649967,0.8,0.7993687311434927,0.7987374605809279,0.7854216610960028,0.36,0.0192
0.0,46,0.05,estimated_ratio_clipped,271874,9664,10000,0.9664,1.2823160886764526,1.2823160886764526,0.0,499.9988710779016,1.0025153722317217,0.001502614153638933,0.000631268856507273,0.001262539419072227,2.6565995649802187e-07,0.014578338903949842,1.0000013512924546,0.9974915148459724,1.0025153722317217,0.9626852416755118,0.9697565646443211,0.95,0.9493687311434926,0.9487374605809278,0.9354216610960501,0.36,0.0192
0.0,46,0.1,estimated_ratio_clipped,271874,9183,10000,0.9183,1.2281887531280518,1.2281887531280518,0.0,499.9988710779016,1.0025153722317217,0.001502614153638933,0.000631268856507273,0.001262539419072227,2.6565995649802187e-07,0.014578338903949842,1.0000013512924546,0.9974915148459724,1.0025153722317217,0.912769520515378,0.9235092264477139,0.9,0.8993687311434927,0.8987374605809278,0.8854216610960501,0.36,0.0192
0.0,46,0.2,estimated_ratio_clipped,271874,8058,10000,0.8058,0.9957479238510132,0.9957479238510132,0.0,499.9988710779016,1.0025153722317217,0.001502614153638933,0.000631268856507273,0.001262539419072227,2.6565995649802187e-07,0.014578338903949842,1.0000013512924546,0.9974915148459724,1.0025153722317217,0.7979298772314973,0.8134352693649967,0.8,0.7993687311434927,0.7987374605809279,0.7854216610960502,0.36,0.0192
0.0,47,0.05,unweighted,271875,9584,10000,0.9584,1.2823160886764526,1.2823160886764526,0.0,500.0,1.0,0.0,0.0,0.0,0.0,0.0,1.0,1.0,1.0,0.9543072437610572,0.9621407065327064,0.95,0.95,0.95,0.95,0.356,0.0192
0.0,47,0.1,unweighted,271875,9109,10000,0.9109,1.20262348651886,1.20262348651886,0.0,500.0,1.0,0.0,0.0,0.0,0.0,0.0,1.0,1.0,1.0,0.9051573551064757,0.9163270750325024,0.9,0.9,0.9,0.9,0.356,0.0192
0.0,47,0.2,unweighted,271875,8256,10000,0.8256,1.031848669052124,1.031848669052124,0.0,500.0,1.0,0.0,0.0,0.0,0.0,0.0,1.0,1.0,1.0,0.8180382033847557,0.8329117368762595,0.8,0.8,0.8,0.8,0.356,0.0192
0.0,47,0.05,oracle_ratio,271875,9584,10000,0.9584,1.2823160886764526,1.2823160886764526,0.0,500.0,1.0,0.0,0.0,0.0,0.0,0.0,1.0,1.0,1.0,0.9543072437610572,0.9621407065327064,0.95,0.95,0.95,0.95,0.356,0.0192
0.0,47,0.1,oracle_ratio,271875,9109,10000,0.9109,1.20262348651886,1.20262348651886,0.0,500.0,1.0,0.0,0.0,0.0,0.0,0.0,1.0,1.0,1.0,0.9051573551064757,0.9163270750325024,0.9,0.9,0.9,0.9,0.356,0.0192
0.0,47,0.2,oracle_ratio,271875,8256,10000,0.8256,1.031848669052124,1.031848669052124,0.0,500.0,1.0,0.0,0.0,0.0,0.0,0.0,1.0,1.0,1.0,0.8180382033847557,0.8329117368762595,0.8,0.8,0.8,0.8,0.356,0.0192
0.0,47,0.05,estimated_ratio,271875,9584,10000,0.9584,1.2823160886764526,1.2823160886764526,0.0,499.9579621181669,1.0163065098698028,0.009169669186756713,0.003977116327770435,0.007961164896302123,1.0560290203227758e-05,0.09191426528337267,1.0003913008025576,0.9846422533127118,1.0163065098698028,0.9543072437610572,0.9621407065327064,0.95,0.9460228836722295,0.9420388351036978,0.8580857347166273,0.356,0.0192
0.0,47,0.1,estimated_ratio,271875,9109,10000,0.9109,1.20262348651886,1.20262348651886,0.0,499.9579621181669,1.0163065098698028,0.009169669186756713,0.003977116327770435,0.007961164896302123,1.0560290203227758e-05,0.09191426528337267,1.0003913008025576,0.9846422533127118,1.0163065098698028,0.9051573551064757,0.9163270750325024,0.9,0.8960228836722296,0.8920388351036979,0.8080857347166274,0.356,0.0192
0.0,47,0.2,estimated_ratio,271875,8256,10000,0.8256,1.031848669052124,1.031848669052124,0.0,499.9579621181669,1.0163065098698028,0.009169669186756713,0.003977116327770435,0.007961164896302123,1.0560290203227758e-05,0.09191426528337267,1.0003913008025576,0.9846422533127118,1.0163065098698028,0.8180382033847557,0.8329117368762595,0.8,0.7960228836722296,0.7920388351036979,0.7080857347166274,0.356,0.0192
0.0,47,0.05,estimated_ratio_clipped,271875,9584,10000,0.9584,1.2823160886764526,1.2823160886764526,0.0,499.9579621181669,1.0163065098698028,0.009169669186756713,0.003977116327770435,0.007961164896302123,1.0560290203231514e-05,0.091914265283389,1.0003913008025576,0.9846422533127118,1.0163065098698028,0.9543072437610572,0.9621407065327064,0.95,0.9460228836722295,0.9420388351036978,0.858085734716611,0.356,0.0192
0.0,47,0.1,estimated_ratio_clipped,271875,9109,10000,0.9109,1.20262348651886,1.20262348651886,0.0,499.9579621181669,1.0163065098698028,0.009169669186756713,0.003977116327770435,0.007961164896302123,1.0560290203231514e-05,0.091914265283389,1.0003913008025576,0.9846422533127118,1.0163065098698028,0.9051573551064757,0.9163270750325024,0.9,0.8960228836722296,0.8920388351036979,0.808085734716611,0.356,0.0192
0.0,47,0.2,estimated_ratio_clipped,271875,8256,10000,0.8256,1.031848669052124,1.031848669052124,0.0,499.9579621181669,1.0163065098698028,0.009169669186756713,0.003977116327770435,0.007961164896302123,1.0560290203231514e-05,0.091914265283389,1.0003913008025576,0.9846422533127118,1.0163065098698028,0.8180382033847557,0.8329117368762595,0.8,0.7960228836722296,0.7920388351036979,0.7080857347166111,0.356,0.0192
0.0,48,0.05,unweighted,271876,9467,10000,0.9467,1.255275011062622,1.255275011062622,0.0,500.0,1.0,0.0,0.0,0.0,0.0,0.0,1.0,1.0,1.0,0.9421232846992142,0.9509336511564233,0.95,0.95,0.95,0.95,0.36,0.0192
0.0,48,0.1,unweighted,271876,8843,10000,0.8843,1.135647535324097,1.135647535324097,0.0,500.0,1.0,0.0,0.0,0.0,0.0,0.0,1.0,1.0,1.0,0.8778826608329335,0.8904221980193643,0.9,0.9,0.9,0.9,0.36,0.0192
0.0,48,0.2,unweighted,271876,7880,10000,0.788,0.9703732132911682,0.9703732132911682,0.0,500.0,1.0,0.0,0.0,0.0,0.0,0.0,1.0,1.0,1.0,0.7798793234323418,0.7958994935061485,0.8,0.8,0.8,0.8,0.36,0.0192
0.0,48,0.05,oracle_ratio,271876,9467,10000,0.9467,1.255275011062622,1.255275011062622,0.0,500.0,1.0,0.0,0.0,0.0,0.0,0.0,1.0,1.0,1.0,0.9421232846992142,0.9509336511564233,0.95,0.95,0.95,0.95,0.36,0.0192
0.0,48,0.1,oracle_ratio,271876,8843,10000,0.8843,1.135647535324097,1.135647535324097,0.0,500.0,1.0,0.0,0.0,0.0,0.0,0.0,1.0,1.0,1.0,0.8778826608329335,0.8904221980193643,0.9,0.9,0.9,0.9,0.36,0.0192
0.0,48,0.2,oracle_ratio,271876,7880,10000,0.788,0.9703732132911682,0.9703732132911682,0.0,500.0,1.0,0.0,0.0,0.0,0.0,0.0,1.0,1.0,1.0,0.7798793234323418,0.7958994935061485,0.8,0.8,0.8,0.8,0.36,0.0192
0.0,48,0.05,estimated_ratio,271876,9467,10000,0.9467,1.255275011062622,1.255275011062622,0.0,499.99098275046987,1.0071607759336243,0.004246742788236297,0.0018024417277102511,0.003604781350306928,2.165992328898171e-06,0.04162684065742363,0.999971675890543,0.9928166892966923,1.0071607759336243,0.9421232846992142,0.9509336511564233,0.95,0.9481975582722897,0.946395218649693,0.9083731593425763,0.36,0.0192
0.0,48,0.1,estimated_ratio,271876,8843,10000,0.8843,1.135647535324097,1.135647535324097,0.0,499.99098275046987,1.0071607759336243,0.004246742788236297,0.0018024417277102511,0.003604781350306928,2.165992328898171e-06,0.04162684065742363,0.999971675890543,0.9928166892966923,1.0071607759336243,0.8778826608329335,0.8904221980193643,0.9,0.8981975582722898,0.8963952186496931,0.8583731593425764,0.36,0.0192
0.0,48,0.2,estimated_ratio,271876,7880,10000,0.788,0.9703732132911682,0.9703732132911682,0.0,499.99098275046987,1.0071607759336243,0.004246742788236297,0.0018024417277102511,0.003604781350306928,2.165992328898171e-06,0.04162684065742363,0.999971675890543,0.9928166892966923,1.0071607759336243,0.7798793234323418,0.7958994935061485,0.8,0.7981975582722898,0.7963952186496931,0.7583731593425764,0.36,0.0192
0.0,48,0.05,estimated_ratio_clipped,271876,9467,10000,0.9467,1.255275011062622,1.255275011062622,0.0,499.99098275046987,1.0071607759336243,0.004246742788236297,0.0018024417277102511,0.003604781350306928,2.1659923289016033e-06,0.04162684065745661,0.999971675890543,0.9928166892966923,1.0071607759336243,0.9421232846992142,0.9509336511564233,0.95,0.9481975582722897,0.946395218649693,0.9083731593425434,0.36,0.0192
0.0,48,0.1,estimated_ratio_clipped,271876,8843,10000,0.8843,1.135647535324097,1.135647535324097,0.0,499.99098275046987,1.0071607759336243,0.004246742788236297,0.0018024417277102511,0.003604781350306928,2.1659923289016033e-06,0.04162684065745661,0.999971675890543,0.9928166892966923,1.0071607759336243,0.8778826608329335,0.8904221980193643,0.9,0.8981975582722898,0.8963952186496931,0.8583731593425434,0.36,0.0192
0.0,48,0.2,estimated_ratio_clipped,271876,7880,10000,0.788,0.9703732132911682,0.9703732132911682,0.0,499.99098275046987,1.0071607759336243,0.004246742788236297,0.0018024417277102511,0.003604781350306928,2.1659923289016033e-06,0.04162684065745661,0.999971675890543,0.9928166892966923,1.0071607759336243,0.7798793234323418,0.7958994935061485,0.8,0.7981975582722898,0.7963952186496931,0.7583731593425435,0.36,0.0192
0.0,49,0.05,unweighted,271877,9572,10000,0.9572,1.279902100563049,1.279902100563049,0.0,500.0,1.0,0.0,0.0,0.0,0.0,0.0,1.0,1.0,1.0,0.9530542307327177,0.9609946411571357,0.95,0.95,0.95,0.95,0.364,0.0192
0.0,49,0.1,unweighted,271877,8945,10000,0.8945,1.172321081161499,1.172321081161499,0.0,500.0,1.0,0.0,0.0,0.0,0.0,0.0,1.0,1.0,1.0,0.888326820300863,0.9003702049846731,0.9,0.9,0.9,0.9,0.364,0.0192
0.0,49,0.2,unweighted,271877,7767,10000,0.7767,0.9694963097572329,0.9694963097572328,0.0,500.0,1.0,0.0,0.0,0.0,0.0,0.0,1.0,1.0,1.0,0.768432200174003,0.7847552951276643,0.8,0.8,0.8,0.8,0.364,0.0192
0.0,49,0.05,oracle_ratio,271877,9572,10000,0.9572,1.279902100563049,1.279902100563049,0.0,500.0,1.0,0.0,0.0,0.0,0.0,0.0,1.0,1.0,1.0,0.9530542307327177,0.9609946411571357,0.95,0.95,0.95,0.95,0.364,0.0192
0.0,49,0.1,oracle_ratio,271877,8945,10000,0.8945,1.172321081161499,1.172321081161499,0.0,500.0,1.0,0.0,0.0,0.0,0.0,0.0,1.0,1.0,1.0,0.888326820300863,0.9003702049846731,0.9,0.9,0.9,0.9,0.364,0.0192
0.0,49,0.2,oracle_ratio,271877,7767,10000,0.7767,0.9694963097572329,0.9694963097572328,0.0,500.0,1.0,0.0,0.0,0.0,0.0,0.0,1.0,1.0,1.0,0.768432200174003,0.7847552951276643,0.8,0.8,0.8,0.8,0.364,0.0192
0.0,49,0.05,estimated_ratio,271877,9572,10000,0.9572,1.279902100563049,1.279902100563049,0.0,499.9361903297337,1.0196507604870753,0.011297593961009472,0.0048774519217497465,0.009756023843872837,1.586044633596215e-05,0.11264260769695329,1.000114814086465,0.9808287096865452,1.0196507604870753,0.9530542307327177,0.9609946411571357,0.95,0.9451225480782502,0.9402439761561271,0.8373573923030466,0.364,0.0192
0.0,49,0.1,estimated_ratio,271877,8945,10000,0.8945,1.172321081161499,1.172321081161499,0.0,499.9361903297337,1.0196507604870753,0.011297593961009472,0.0048774519217497465,0.009756023843872837,1.586044633596215e-05,0.11264260769695329,1.000114814086465,0.9808287096865452,1.0196507604870753,0.888326820300863,0.9003702049846731,0.9,0.8951225480782503,0.8902439761561272,0.7873573923030467,0.364,0.0192
0.0,49,0.2,estimated_ratio,271877,7724,10000,0.7724,0.9664736986160278,0.9664736986160278,0.0,499.9361903297337,1.0196507604870753,0.011297593961009472,0.0048774519217497465,0.009756023843872837,1.586044633596215e-05,0.11264260769695329,1.000114814086465,0.9808287096865452,1.0196507604870753,0.7640785150592239,0.7805122826284315,0.8,0.7951225480782503,0.7902439761561272,0.6873573923030467,0.364,0.0192
0.0,49,0.05,estimated_ratio_clipped,271877,9572,10000,0.9572,1.279902100563049,1.279902100563049,0.0,499.9361903297337,1.0196507604870753,0.011297593961009472,0.0048774519217497465,0.009756023843872837,1.5860446335962463e-05,0.11264260769695439,1.000114814086465,0.9808287096865452,1.0196507604870753,0.9530542307327177,0.9609946411571357,0.95,0.9451225480782502,0.9402439761561271,0.8373573923030455,0.364,0.0192
0.0,49,0.1,estimated_ratio_clipped,271877,8945,10000,0.8945,1.172321081161499,1.172321081161499,0.0,499.9361903297337,1.0196507604870753,0.011297593961009472,0.0048774519217497465,0.009756023843872837,1.5860446335962463e-05,0.11264260769695439,1.000114814086465,0.9808287096865452,1.0196507604870753,0.888326820300863,0.9003702049846731,0.9,0.8951225480782503,0.8902439761561272,0.7873573923030457,0.364,0.0192
0.0,49,0.2,estimated_ratio_clipped,271877,7724,10000,0.7724,0.9664736986160278,0.9664736986160278,0.0,499.9361903297337,1.0196507604870753,0.011297593961009472,0.0048774519217497465,0.009756023843872837,1.5860446335962463e-05,0.11264260769695439,1.000114814086465,0.9808287096865452,1.0196507604870753,0.7640785150592239,0.7805122826284315,0.8,0.7951225480782503,0.7902439761561272,0.6873573923030456,0.364,0.0192
0.5,0,0.05,unweighted,371828,9083,10000,0.9083,1.245755910873413,1.245755910873413,0.0,500.0,1.0,0.0,0.24614865332573765,0.4922973066514753,0.040395960972489514,5.684783969333541,1.0,1.0,1.0,0.9024856316011236,0.9138007953293819,0.95,0.7038513466742623,0.45770269334852465,-4.734783969333541,0.364,0.0192
0.5,0,0.1,unweighted,371828,8111,10000,0.8111,1.0730522871017456,1.0730522871017456,0.0,500.0,1.0,0.0,0.24614865332573765,0.4922973066514753,0.040395960972489514,5.684783969333541,1.0,1.0,1.0,0.8033092103949278,0.8186518658188373,0.9,0.6538513466742624,0.4077026933485247,-4.7847839693335406,0.364,0.0192
0.5,0,0.2,unweighted,371828,6655,10000,0.6655,0.9356918334960938,0.9356918334960938,0.0,500.0,1.0,0.0,0.24614865332573765,0.4922973066514753,0.040395960972489514,5.684783969333541,1.0,1.0,1.0,0.656190594057134,0.674682302482172,0.8,0.5538513466742624,0.30770269334852474,-4.884783969333541,0.364,0.0192
0.5,0,0.05,oracle_ratio,371828,9645,10000,0.9645,1.3028135299682615,1.3028135299682615,0.0,366.17225837896245,2.7182818284590446,0.6045473966374829,8.456776945386935e-18,0.0,0.0,0.0,1.0,0.3678794411714424,2.7182818284590446,0.9606912301502475,0.9679520353633939,0.95,0.95,0.95,0.95,0.364,0.0192
0.5,0,0.1,oracle_ratio,371828,9166,10000,0.9166,1.2524614334106443,1.2524614334106443,0.0,366.17225837896245,2.7182818284590446,0.6045473966374829,8.456776945386935e-18,0.0,0.0,0.0,1.0,0.3678794411714424,2.7182818284590446,0.9110196820093808,0.9218603705481714,0.9,0.9,0.9,0.9,0.364,0.0192
0.5,0,0.2,oracle_ratio,371828,7962,10000,0.7962,1.0479202731251716,1.048194169998169,0.0,366.17225837896245,2.7182818284590446,0.6045473966374829,8.456776945386935e-18,0.0,0.0,0.0,1.0,0.3678794411714424,2.7182818284590446,0.7881917902566894,0.8039807291085218,0.8,0.8,0.8,0.8,0.364,0.0192
0.5,0,0.05,estimated_ratio,371828,9645,10000,0.9645,1.3023258925318717,1.3028135299682615,0.0,370.8764281603846,2.6514269335237253,0.5900490964913748,0.005913752052110015,0.01257988245477612,2.2284164625853225e-05,0.13351903123031778,0.9954918598434328,0.3767141175522811,2.6514269335237253,0.9606912301502475,0.9679520353633939,0.95,0.94408624794789,0.9374201175452238,0.8164809687696821,0.364,0.0192
0.5,0,0.1,estimated_ratio,371828,9166,10000,0.9166,1.2524614334106443,1.2524614334106443,0.0,370.8764281603846,2.6514269335237253,0.5900490964913748,0.005913752052110015,0.01257988245477612,2.2284164625853225e-05,0.13351903123031778,0.9954918598434328,0.3767141175522811,2.6514269335237253,0.9110196820093808,0.9218603705481714,0.9,0.89408624794789,0.8874201175452239,0.7664809687696823,0.364,0.0192
0.5,0,0.2,estimated_ratio,371828,7898,10000,0.7898,1.0437118928194047,1.0421744585037231,0.0,370.8764281603846,2.6514269335237253,0.5900490964913748,0.005913752052110015,0.01257988245477612,2.2284164625853225e-05,0.13351903123031778,0.9954918598434328,0.3767141175522811,2.6514269335237253,0.7817035909743775,0.7976738435699782,0.8,0.7940862479478901,0.7874201175452239,0.6664809687696822,0.364,0.0192
0.5,0,0.05,estimated_ratio_clipped,371828,9645,10000,0.9645,1.3023258925318717,1.3028135299682615,0.0,370.8764281603846,2.6514269335237253,0.5900490964913748,0.005913752052110015,0.01257988245477612,2.2284164625857074e-05,0.13351903123032932,0.9954918598434328,0.3767141175522811,2.6514269335237253,0.9606912301502475,0.9679520353633939,0.95,0.94408624794789,0.9374201175452238,0.8164809687696706,0.364,0.0192
0.5,0,0.1,estimated_ratio_clipped,371828,9166,10000,0.9166,1.2524614334106443,1.2524614334106443,0.0,370.8764281603846,2.6514269335237253,0.5900490964913748,0.005913752052110015,0.01257988245477612,2.2284164625857074e-05,0.13351903123032932,0.9954918598434328,0.3767141175522811,2.6514269335237253,0.9110196820093808,0.9218603705481714,0.9,0.89408624794789,0.8874201175452239,0.7664809687696708,0.364,0.0192
0.5,0,0.2,estimated_ratio_clipped,371828,7898,10000,0.7898,1.0437118928194047,1.0421744585037231,0.0,370.8764281603846,2.6514269335237253,0.5900490964913748,0.005913752052110015,0.01257988245477612,2.2284164625857074e-05,0.13351903123032932,0.9954918598434328,0.3767141175522811,2.6514269335237253,0.7817035909743775,0.7976738435699782,0.8,0.7940862479478901,0.7874201175452239,0.6664809687696707,0.364,0.0192
0.5,1,0.05,unweighted,371829,8972,10000,0.8972,1.2339407205581665,1.2339407205581665,0.0,500.0,1.0,0.0,0.24614865332573765,0.4922973066514753,0.040395960972489514,5.684783969333541,1.0,1.0,1.0,0.8910943033499873,0.9030006483443472,0.95,0.7038513466742623,0.45770269334852465,-4.734783969333541,0.338,0.0192
0.5,1,0.1,unweighted,371829,8124,10000,0.8124,1.0730522871017456,1.0730522871017456,0.0,500.0,1.0,0.0,0.24614865332573765,0.4922973066514753,0.040395960972489514,5.684783969333541,1.0,1.0,1.0,0.804629016852811,0.8199310609651902,0.9,0.6538513466742624,0.4077026933485247,-4.7847839693335406,0.338,0.0192
0.5,1,0.2,unweighted,371829,6787,10000,0.6787,0.9388169050216677,0.9388169050216676,0.0,500.0,1.0,0.0,0.24614865332573765,0.4922973066514753,0.040395960972489514,5.684783969333541,1.0,1.0,1.0,0.6694803240048409,0.6877824349774792,0.8,0.5538513466742624,0.30770269334852474,-4.884783969333541,0.338,0.0192
0.5,1,0.05,oracle_ratio,371829,9615,10000,0.9615,1.3028135299682615,1.3028135299682615,0.0,371.03124170344586,2.6899666501187367,0.5895722301967037,8.456776945386935e-18,0.0,0.0,0.0,1.0,0.3678794411714424,2.7182818284590446,0.9575483760657594,0.9650971934381062,0.95,0.95,0.95,0.95,0.338,0.0192
0.5,1,0.1,oracle_ratio,371829,9059,10000,0.9059,1.245755910873413,1.245755910873413,0.0,371.03124170344586,2.6899666501187367,0.5895722301967037,8.456776945386935e-18,0.0,0.0,0.0,1.0,0.3678794411714424,2.7182818284590446,0.9000206476675309,0.911467622455154,0.9,0.9,0.9,0.9,0.338,0.0192
0.5,1,0.2,oracle_ratio,371829,7934,10000,0.7934,1.0421744585037231,1.0421744585037231,0.0,371.03124170344586,2.6899666501187367,0.5895722301967037,8.456776945386935e-18,0.0,0.0,0.0,1.0,0.3678794411714424,2.7182818284590446,0.7853528317860525,0.8012218379700344,0.8,0.8,0.8,0.8,0.338,0.0192
0.5,1,0.05,estimated_ratio,371829,9695,10000,0.9695,1.305554116296768,1.3028135299682615,0.0,361.03817578134954,2.813944633907915,0.6203991444784629,0.012458559009575026,0.02531017846358779,0.00010302029472209956,0.2870822805010432,1.0030599327289471,0.3473599221619515,2.845098559420796,0.9659452143861812,0.9726942111437534,0.95,0.9375414409904249,0.9246898215364122,0.6629177194989568,0.338,0.0192
0.5,1,0.1,estimated_ratio,371829,9137,10000,0.9137,1.2468515932559967,1.245755910873413,0.0,361.03817578134954,2.813944633907915,0.6203991444784629,0.012458559009575026,0.02531017846358779,0.00010302029472209956,0.2870822805010432,1.0030599327289471,0.3473599221619515,2.845098559420796,0.9080361970856379,0.9190460826624642,0.9,0.887541440990425,0.8746898215364123,0.6129177194989568,0.338,0.0192
0.5,1,0.2,estimated_ratio,371829,7934,10000,0.7934,1.0440327434420587,1.0421744585037231,0.0,361.03817578134954,2.813944633907915,0.6203991444784629,0.012458559009575026,0.02531017846358779,0.00010302029472209956,0.2870822805010432,1.0030599327289471,0.3473599221619515,2.845098559420796,0.7853528317860525,0.8012218379700344,0.8,0.787541440990425,0.7746898215364123,0.5129177194989569,0.338,0.0192
0.5,1,0.05,estimated_ratio_clipped,371829,9695,10000,0.9695,1.305554116296768,1.3028135299682615,0.0,361.03817578134954,2.813944633907915,0.6203991444784629,0.012458559009575026,0.02531017846358779,0.00010302029472209823,0.28708228050104134,1.0030599327289471,0.3473599221619515,2.845098559420796,0.9659452143861812,0.9726942111437534,0.95,0.9375414409904249,0.9246898215364122,0.6629177194989586,0.338,0.0192
0.5,1,0.1,estimated_ratio_clipped,371829,9137,10000,0.9137,1.2468515932559967,1.245755910873413,0.0,361.03817578134954,2.813944633907915,0.6203991444784629,0.012458559009575026,0.02531017846358779,0.00010302029472209823,0.28708228050104134,1.0030599327289471,0.3473599221619515,2.845098559420796,0.9080361970856379,0.9190460826624642,0.9,0.887541440990425,0.8746898215364123,0.6129177194989587,0.338,0.0192
0.5,1,0.2,estimated_ratio_clipped,371829,7934,10000,0.7934,1.0440327434420587,1.0421744585037231,0.0,361.03817578134954,2.813944633907915,0.6203991444784629,0.012458559009575026,0.02531017846358779,0.00010302029472209823,0.28708228050104134,1.0030599327289471,0.3473599221619515,2.845098559420796,0.7853528317860525,0.8012218379700344,0.8,0.787541440990425,0.7746898215364123,0.5129177194989587,0.338,0.0192
0.5,2,0.05,unweighted,371830,8730,10000,0.873,1.20262348651886,1.20262348651886,0.0,500.0,1.0,0.0,0.24614865332573765,0.4922973066514753,0.040395960972489514,5.684783969333541,1.0,1.0,1.0,0.8663302995327313,0.879383237682744,0.95,0.7038513466742623,0.45770269334852465,-4.734783969333541,0.348,0.0192
0.5,2,0.1,unweighted,371830,8035,10000,0.8035,1.0627883672714231,1.0627883672714231,0.0,500.0,1.0,0.0,0.24614865332573765,0.4922973066514753,0.040395960972489514,5.684783969333541,1.0,1.0,1.0,0.7955961449469584,0.8111707680420408,0.9,0.6538513466742624,0.4077026933485247,-4.7847839693335406,0.348,0.0192
0.5,2,0.2,unweighted,371830,7005,10000,0.7005,0.95711350440979,0.95711350440979,0.0,500.0,1.0,0.0,0.24614865332573765,0.4922973066514753,0.040395960972489514,5.684783969333541,1.0,1.0,1.0,0.6914470019827579,0.7093990146706008,0.8,0.5538513466742624,0.30770269334852474,-4.884783969333541,0.348,0.0192
0.5,2,0.05,oracle_ratio,371830,9235,10000,0.9235,1.257892370223999,1.257892370223999,0.0,358.3170293955213,2.7182818284590446,0.6288181991474225,8.456776945386935e-18,0.0,0.0,0.0,1.0,0.3678794411714424,2.7182818284590446,0.9181263242787567,0.9285484291012802,0.95,0.95,0.95,0.95,0.348,0.0192
0.5,2,0.1,oracle_ratio,371830,8924,10000,0.8924,1.230456753885746,1.2281887531280518,0.0,358.3170293955213,2.7182818284590446,0.6288181991474225,8.456776945386935e-18,0.0,0.0,0.0,1.0,0.3678794411714424,2.7182818284590446,0.8861751863061391,0.8983234517725538,0.9,0.9,0.9,0.9,0.348,0.0192
0.5,2,0.2,oracle_ratio,371830,7913,10000,0.7913,1.0431008921027183,1.0421744585037231,0.0,358.3170293955213,2.7182818284590446,0.6288181991474225,8.456776945386935e-18,0.0,0.0,0.0,1.0,0.3678794411714424,2.7182818284590446,0.7832239929622815,0.7991522895869623,0.8,0.8,0.8,0.8,0.348,0.0192
0.5,2,0.05,estimated_ratio,371830,9235,10000,0.9235,1.257862008857727,1.257892370223999,0.0,360.6128898418151,2.6652960226865976,0.6217140528201006,0.002750465677356248,0.01041025140267932,1.2886138959485686e-05,0.10153280833104415,0.9898319539689109,0.3689675612409358,2.6652960226865976,0.9181263242787567,0.9285484291012802,0.95,0.9472495343226437,0.9395897485973206,0.8484671916689558,0.348,0.0192
0.5,2,0.1,estimated_ratio,371830,8924,10000,0.8924,1.2296158162474633,1.2281887531280518,0.0,360.6128898418151,2.6652960226865976,0.6217140528201006,0.002750465677356248,0.01041025140267932,1.2886138959485686e-05,0.10153280833104415,0.9898319539689109,0.3689675612409358,2.6652960226865976,0.8861751863061391,0.8983234517725538,0.9,0.8972495343226438,0.8895897485973207,0.7984671916689559,0.348,0.0192
0.5,2,0.2,estimated_ratio,371830,7913,10000,0.7913,1.0421744585037231,1.0421744585037231,0.0,360.6128898418151,2.6652960226865976,0.6217140528201006,0.002750465677356248,0.01041025140267932,1.2886138959485686e-05,0.10153280833104415,0.9898319539689109,0.3689675612409358,2.6652960226865976,0.7832239929622815,0.7991522895869623,0.8,0.7972495343226438,0.7895897485973207,0.6984671916689559,0.348,0.0192
0.5,2,0.05,estimated_ratio_clipped,371830,9235,10000,0.9235,1.257862008857727,1.257892370223999,0.0,360.6128898418151,2.6652960226865976,0.6217140528201006,0.002750465677356248,0.01041025140267932,1.2886138959485154e-05,0.10153280833104206,0.9898319539689109,0.3689675612409358,2.6652960226865976,0.9181263242787567,0.9285484291012802,0.95,0.9472495343226437,0.9395897485973206,0.8484671916689579,0.348,0.0192
0.5,2,0.1,estimated_ratio_clipped,371830,8924,10000,0.8924,1.2296158162474633,1.2281887531280518,0.0,360.6128898418151,2.6652960226865976,0.6217140528201006,0.002750465677356248,0.01041025140267932,1.2886138959485154e-05,0.10153280833104206,0.9898319539689109,0.3689675612409358,2.6652960226865976,0.8861751863061391,0.8983234517725538,0.9,0.8972495343226438,0.8895897485973207,0.798467191668958,0.348,0.0192
0.5,2,0.2,estimated_ratio_clipped,371830,7913,10000,0.7913,1.0421744585037231,1.0421744585037231,0.0,360.6128898418151,2.6652960226865976,0.6217140528201006,0.002750465677356248,0.01041025140267932,1.2886138959485154e-05,0.10153280833104206,0.9898319539689109,0.3689675612409358,2.6652960226865976,0.7832239929622815,0.7991522895869623,0.8,0.7972495343226438,0.7895897485973207,0.698467191668958,0.348,0.0192
0.5,3,0.05,unweighted,371831,9163,10000,0.9163,1.255275011062622,1.255275011062622,0.0,500.0,1.0,0.0,0.24614865332573765,0.4922973066514753,0.040395960972489514,5.684783969333541,1.0,1.0,1.0,0.9107109569329683,0.9215693260236062,0.95,0.7038513466742623,0.45770269334852465,-4.734783969333541,0.346,0.0192
0.5,3,0.1,unweighted,371831,8552,10000,0.8552,1.1501529216766355,1.1501529216766355,0.0,500.0,1.0,0.0,0.24614865332573765,0.4922973066514753,0.040395960972489514,5.684783969333541,1.0,1.0,1.0,0.8481664841766673,0.8619607233808039,0.9,0.6538513466742624,0.4077026933485247,-4.7847839693335406,0.346,0.0192
0.5,3,0.2,unweighted,371831,6882,10000,0.6882,0.9402768015861513,0.9402768015861512,0.0,500.0,1.0,0.0,0.24614865332573765,0.4922973066514753,0.040395960972489514,5.684783969333541,1.0,1.0,1.0,0.6790500729454414,0.6972053900678359,0.8,0.5538513466742624,0.30770269334852474,-4.884783969333541,0.346,0.0192
0.5,3,0.05,oracle_ratio,371831,9697,10000,0.9697,1.314333438873291,1.314333438873291,0.0,355.1691306387949,2.7182818284590446,0.6385765448040188,8.456776945386935e-18,0.0,0.0,0.0,1.0,0.3678794411714424,2.7182818284590446,0.9661558379998407,0.9728834339307457,0.95,0.95,0.95,0.95,0.346,0.0192
0.5,3,0.1,oracle_ratio,371831,9331,10000,0.9331,1.2643750438690184,1.257892370223999,0.0,355.1691306387949,2.7182818284590446,0.6385765448040188,8.456776945386935e-18,0.0,0.0,0.0,1.0,0.3678794411714424,2.7182818284590446,0.9280348615716755,0.9378325190396445,0.9,0.9,0.9,0.9,0.346,0.0192
0.5,3,0.2,oracle_ratio,371831,8552,10000,0.8552,1.1501529216766355,1.1501529216766355,0.0,355.1691306387949,2.7182818284590446,0.6385765448040188,8.456776945386935e-18,0.0,0.0,0.0,1.0,0.3678794411714424,2.7182818284590446,0.8481664841766673,0.8619607233808039,0.8,0.8,0.8,0.8,0.346,0.0192
0.5,3,0.05,estimated_ratio,371831,9697,10000,0.9697,1.314333438873291,1.314333438873291,0.0,351.85298520042676,2.7653902899568825,0.6488821574421778,0.0037944787924228504,0.008501915949832236,9.44390275685505e-06,0.08692020596779576,1.0041770048447074,0.36272652501063124,2.7653902899568825,0.9661558379998407,0.9728834339307457,0.95,0.9462055212075771,0.9414980840501678,0.8630797940322041,0.346,0.0192
0.5,3,0.1,estimated_ratio,371831,9331,10000,0.9331,1.2678554363250731,1.2739903926849363,0.0,351.85298520042676,2.7653902899568825,0.6488821574421778,0.0037944787924228504,0.008501915949832236,9.44390275685505e-06,0.08692020596779576,1.0041770048447074,0.36272652501063124,2.7653902899568825,0.9280348615716755,0.9378325190396445,0.9,0.8962055212075771,0.8914980840501678,0.8130797940322043,0.346,0.0192
0.5,3,0.2,estimated_ratio,371831,8552,10000,0.8552,1.1501529216766355,1.1501529216766355,0.0,351.85298520042676,2.7653902899568825,0.6488821574421778,0.0037944787924228504,0.008501915949832236,9.44390275685505e-06,0.08692020596779576,1.0041770048447074,0.36272652501063124,2.7653902899568825,0.8481664841766673,0.8619607233808039,0.8,0.7962055212075771,0.7914980840501679,0.7130797940322042,0.346,0.0192
0.5,3,0.05,estimated_ratio_clipped,371831,9697,10000,0.9697,1.314333438873291,1.314333438873291,0.0,351.85298520042676,2.7653902899568825,0.6488821574421778,0.0037944787924228504,0.008501915949832236,9.443902756858838e-06,0.0869202059678132,1.0041770048447074,0.36272652501063124,2.7653902899568825,0.9661558379998407,0.9728834339307457,0.95,0.9462055212075771,0.9414980840501678,0.8630797940321867,0.346,0.0192
0.5,3,0.1,estimated_ratio_clipped,371831,9331,10000,0.9331,1.2678554363250731,1.2739903926849363,0.0,351.85298520042676,2.7653902899568825,0.6488821574421778,0.0037944787924228504,0.008501915949832236,9.443902756858838e-06,0.0869202059678132,1.0041770048447074,0.36272652501063124,2.7653902899568825,0.9280348615716755,0.9378325190396445,0.9,0.8962055212075771,0.8914980840501678,0.8130797940321868,0.346,0.0192
0.5,3,0.2,estimated_ratio_clipped,371831,8552,10000,0.8552,1.1501529216766355,1.1501529216766355,0.0,351.85298520042676,2.7653902899568825,0.6488821574421778,0.0037944787924228504,0.008501915949832236,9.443902756858838e-06,0.0869202059678132,1.0041770048447074,0.36272652501063124,2.7653902899568825,0.8481664841766673,0.8619607233808039,0.8,0.7962055212075771,0.7914980840501679,0.7130797940321868,0.346,0.0192
0.5,4,0.05,unweighted,371832,9094,10000,0.9094,1.2524614334106443,1.2524614334106443,0.0,500.0,1.0,0.0,0.24614865332573765,0.4922973066514753,0.040395960972489514,5.684783969333541,1.0,1.0,1.0,0.9036158051806247,0.9148697769534653,0.95,0.7038513466742623,0.45770269334852465,-4.734783969333541,0.352,0.0192
0.5,4,0.1,unweighted,371832,8462,10000,0.8462,1.1369203329086304,1.1369203329086304,0.0,500.0,1.0,0.0,0.24614865332573765,0.4922973066514753,0.040395960972489514,5.684783969333541,1.0,1.0,1.0,0.8389964617626915,0.8531376577654519,0.9,0.6538513466742624,0.4077026933485247,-4.7847839693335406,0.352,0.0192
0.5,4,0.2,unweighted,371832,6828,10000,0.6828,0.9429588913917542,0.9429588913917542,0.0,500.0,1.0,0.0,0.24614865332573765,0.4922973066514753,0.040395960972489514,5.684783969333541,1.0,1.0,1.0,0.6736098877803067,0.6918497224153739,0.8,0.5538513466742624,0.30770269334852474,-4.884783969333541,0.352,0.0192
0.5,4,0.05,oracle_ratio,371832,9710,10000,0.971,1.314333438873291,1.314333438873291,0.0,353.4757709078837,2.7182818284590446,0.6438354675634377,8.456776945386935e-18,0.0,0.0,0.0,1.0,0.3678794411714424,2.7182818284590446,0.9675258524449173,0.9741124210899053,0.95,0.95,0.95,0.95,0.352,0.0192
0.5,4,0.1,oracle_ratio,371832,9156,10000,0.9156,1.255275011062622,1.255275011062622,0.0,353.4757709078837,2.7182818284590446,0.6438354675634377,8.456776945386935e-18,0.0,0.0,0.0,1.0,0.3678794411714424,2.7182818284590446,0.9099906788405526,0.9208901417137408,0.9,0.9,0.9,0.9,0.352,0.0192
0.5,4,0.2,oracle_ratio,371832,8407,10000,0.8407,1.135647535324097,1.135647535324097,0.0,353.4757709078837,2.7182818284590446,0.6438354675634377,8.456776945386935e-18,0.0,0.0,0.0,1.0,0.3678794411714424,2.7182818284590446,0.8333967575405693,0.8477415859696517,0.8,0.8,0.8,0.8,0.352,0.0192
0.5,4,0.05,estimated_ratio,371832,9710,10000,0.971,1.311564052772522,1.314333438873291,0.0,360.31403989287287,2.6280687230277677,0.622638234613553,0.007811424149334756,0.016821998911817158,3.9113630393722374e-05,0.1768923523360405,0.9932233450641885,0.3792557958492539,2.6280687230277677,0.9675258524449173,0.9741124210899053,0.95,0.9421885758506652,0.9331780010881828,0.7731076476639595,0.352,0.0192
0.5,4,0.1,estimated_ratio,371832,9156,10000,0.9156,1.255275011062622,1.255275011062622,0.0,360.31403989287287,2.6280687230277677,0.622638234613553,0.007811424149334756,0.016821998911817158,3.9113630393722374e-05,0.1768923523360405,0.9932233450641885,0.3792557958492539,2.6280687230277677,0.9099906788405526,0.9208901417137408,0.9,0.8921885758506652,0.8831780010881829,0.7231076476639595,0.352,0.0192
0.5,4,0.2,estimated_ratio,371832,8407,10000,0.8407,1.135647535324097,1.135647535324097,0.0,360.31403989287287,2.6280687230277677,0.622638234613553,0.007811424149334756,0.016821998911817158,3.9113630393722374e-05,0.1768923523360405,0.9932233450641885,0.3792557958492539,2.6280687230277677,0.8333967575405693,0.8477415859696517,0.8,0.7921885758506653,0.7831780010881829,0.6231076476639595,0.352,0.0192
0.5,4,0.05,estimated_ratio_clipped,371832,9710,10000,0.971,1.311564052772522,1.314333438873291,0.0,360.31403989287287,2.6280687230277677,0.622638234613553,0.007811424149334756,0.016821998911817158,3.9113630393719094e-05,0.1768923523360331,0.9932233450641885,0.3792557958492539,2.6280687230277677,0.9675258524449173,0.9741124210899053,0.95,0.9421885758506652,0.9331780010881828,0.7731076476639669,0.352,0.0192
0.5,4,0.1,estimated_ratio_clipped,371832,9156,10000,0.9156,1.255275011062622,1.255275011062622,0.0,360.31403989287287,2.6280687230277677,0.622638234613553,0.007811424149334756,0.016821998911817158,3.9113630393719094e-05,0.1768923523360331,0.9932233450641885,0.3792557958492539,2.6280687230277677,0.9099906788405526,0.9208901417137408,0.9,0.8921885758506652,0.8831780010881829,0.723107647663967,0.352,0.0192
0.5,4,0.2,estimated_ratio_clipped,371832,8407,10000,0.8407,1.135647535324097,1.135647535324097,0.0,360.31403989287287,2.6280687230277677,0.622638234613553,0.007811424149334756,0.016821998911817158,3.9113630393719094e-05,0.1768923523360331,0.9932233450641885,0.3792557958492539,2.6280687230277677,0.8333967575405693,0.8477415859696517,0.8,0.7921885758506653,0.7831780010881829,0.623107647663967,0.352,0.0192
0.5,5,0.05,unweighted,371833,9169,10000,0.9169,1.255275011062622,1.255275011062622,0.0,500.0,1.0,0.0,0.24614865332573765,0.4922973066514753,0.040395960972489514,5.684783969333541,1.0,1.0,1.0,0.9113284279112934,0.9221513942472366,0.95,0.7038513466742623,0.45770269334852465,-4.734783969333541,0.34,0.0192
0.5,5,0.1,unweighted,371833,8038,10000,0.8038,1.0627883672714231,1.0627883672714231,0.0,500.0,1.0,0.0,0.24614865332573765,0.4922973066514753,0.040395960972489514,5.684783969333541,1.0,1.0,1.0,0.7959005212829301,0.8114661613070467,0.9,0.6538513466742624,0.4077026933485247,-4.7847839693335406,0.34,0.0192
0.5,5,0.2,unweighted,371833,6810,10000,0.681,0.9402768015861513,0.9402768015861512,0.0,500.0,1.0,0.0,0.24614865332573765,0.4922973066514753,0.040395960972489514,5.684783969333541,1.0,1.0,1.0,0.6717968084957524,0.6900641840940627,0.8,0.5538513466742624,0.30770269334852474,-4.884783969333541,0.34,0.0192
0.5,5,0.05,oracle_ratio,371833,9671,10000,0.9671,1.3130328411579133,1.314333438873291,0.0,364.20097880127514,2.7182818284590446,0.6106294774160977,8.456776945386935e-18,0.0,0.0,0.0,1.0,0.3678794411714424,2.7182818284590446,0.9634206236823176,0.9704206450397962,0.95,0.95,0.95,0.95,0.34,0.0192
0.5,5,0.1,oracle_ratio,371833,9260,10000,0.926,1.257892370223999,1.257892370223999,0.0,364.20097880127514,2.7182818284590446,0.6106294774160977,8.456776945386935e-18,0.0,0.0,0.0,1.0,0.3678794411714424,2.7182818284590446,0.9207041789901058,0.9309686543980777,0.9,0.9,0.9,0.9,0.34,0.0192
0.5,5,0.2,oracle_ratio,371833,8038,10000,0.8038,1.0612501388788222,1.0627883672714231,0.0,364.20097880127514,2.7182818284590446,0.6106294774160977,8.456776945386935e-18,0.0,0.0,0.0,1.0,0.3678794411714424,2.7182818284590446,0.7959005212829301,0.8114661613070467,0.8,0.8,0.8,0.8,0.34,0.0192
0.5,5,0.05,estimated_ratio,371833,9744,10000,0.9744,1.314549839258194,1.314333438873291,0.0,348.7645246410066,2.9256611978517095,0.6585074401795119,0.018536638041145075,0.038902979428111925,0.0002207344859051682,0.4202232605700624,1.0104687211707302,0.3395956174596527,2.9256611978517095,0.971117526897777,0.9773181354481251,0.95,0.9314633619588549,0.911097020571888,0.5297767394299375,0.34,0.0192
0.5,5,0.1,estimated_ratio,371833,9320,10000,0.932,1.2689034175872802,1.2739903926849363,0.0,348.7645246410066,2.9256611978517095,0.6585074401795119,0.018536638041145075,0.038902979428111925,0.0002207344859051682,0.4202232605700624,1.0104687211707302,0.3395956174596527,2.9256611978517095,0.9268981427551122,0.9367700826526233,0.9,0.881463361958855,0.8610970205718881,0.47977673942993765,0.34,0.0192
0.5,5,0.2,estimated_ratio,371833,8038,10000,0.8038,1.0627883672714231,1.0627883672714231,0.0,348.7645246410066,2.9256611978517095,0.6585074401795119,0.018536638041145075,0.038902979428111925,0.0002207344859051682,0.4202232605700624,1.0104687211707302,0.3395956174596527,2.9256611978517095,0.7959005212829301,0.8114661613070467,0.8,0.781463361958855,0.7610970205718881,0.37977673942993767,0.34,0.0192
0.5,5,0.05,estimated_ratio_clipped,371833,9744,10000,0.9744,1.314549839258194,1.314333438873291,0.0,348.7645246410066,2.9256611978517095,0.6585074401795119,0.018536638041145075,0.038902979428111925,0.0002207344859051698,0.4202232605700639,1.0104687211707302,0.3395956174596527,2.9256611978517095,0.971117526897777,0.9773181354481251,0.95,0.9314633619588549,0.911097020571888,0.5297767394299361,0.34,0.0192
0.5,5,0.1,estimated_ratio_clipped,371833,9320,10000,0.932,1.2689034175872802,1.2739903926849363,0.0,348.7645246410066,2.9256611978517095,0.6585074401795119,0.018536638041145075,0.038902979428111925,0.0002207344859051698,0.4202232605700639,1.0104687211707302,0.3395956174596527,2.9256611978517095,0.9268981427551122,0.9367700826526233,0.9,0.881463361958855,0.8610970205718881,0.47977673942993615,0.34,0.0192
0.5,5,0.2,estimated_ratio_clipped,371833,8038,10000,0.8038,1.0627883672714231,1.0627883672714231,0.0,348.7645246410066,2.9256611978517095,0.6585074401795119,0.018536638041145075,0.038902979428111925,0.0002207344859051698,0.4202232605700639,1.0104687211707302,0.3395956174596527,2.9256611978517095,0.7959005212829301,0.8114661613070467,0.8,0.781463361958855,0.7610970205718881,0.37977673942993617,0.34,0.0192
0.5,6,0.05,unweighted,371834,9248,10000,0.9248,1.257892370223999,1.257892370223999,0.0,500.0,1.0,0.0,0.24614865332573765,0.4922973066514753,0.040395960972489514,5.684783969333541,1.0,1.0,1.0,0.9194666008765829,0.9298071541076901,0.95,0.7038513466742623,0.45770269334852465,-4.734783969333541,0.352,0.0192
0.5,6,0.1,unweighted,371834,8424,10000,0.8424,1.1369203329086304,1.1369203329086304,0.0,500.0,1.0,0.0,0.24614865332573765,0.4922973066514753,0.040395960972489514,5.684783969333541,1.0,1.0,1.0,0.8351272465844295,0.8494097913313312,0.9,0.6538513466742624,0.4077026933485247,-4.7847839693335406,0.352,0.0192
0.5,6,0.2,unweighted,371834,7030,10000,0.703,0.9646281003952026,0.9646281003952026,0.0,500.0,1.0,0.0,0.24614865332573765,0.4922973066514753,0.040395960972489514,5.684783969333541,1.0,1.0,1.0,0.6939676371119914,0.7118764595495137,0.8,0.5538513466742624,0.30770269334852474,-4.884783969333541,0.352,0.0192
0.5,6,0.05,oracle_ratio,371834,9754,10000,0.9754,1.3149404525756836,1.3149404525756836,0.0,361.9433283311779,2.7182818284590446,0.6176015988661696,8.456776945386935e-18,0.0,0.0,0.0,1.0,0.3678794411714424,2.7182818284590446,0.9721765089971893,0.9782583853519714,0.95,0.95,0.95,0.95,0.352,0.0192
0.5,6,0.1,oracle_ratio,371834,9328,10000,0.9328,1.2739903926849363,1.2739903926849363,0.0,361.9433283311779,2.7182818284590446,0.6176015988661696,8.456776945386935e-18,0.0,0.0,0.0,1.0,0.3678794411714424,2.7182818284590446,0.9277248100970104,0.9375428009133318,0.9,0.9,0.9,0.9,0.352,0.0192
0.5,6,0.2,oracle_ratio,371834,8383,10000,0.8383,1.135647535324097,1.135647535324097,0.0,361.9433283311779,2.7182818284590446,0.6176015988661696,8.456776945386935e-18,0.0,0.0,0.0,1.0,0.3678794411714424,2.7182818284590446,0.8309542046936925,0.8453859820087078,0.8,0.8,0.8,0.8,0.352,0.0192
0.5,6,0.05,estimated_ratio,371834,9754,10000,0.9754,1.3149404525756836,1.3149404525756836,0.0,351.4700591929933,2.8556589421105136,0.6500740600784217,0.012513674600262092,0.026098884523246865,0.00010059670325393077,0.283685323207149,1.0065948034652594,0.348489842599885,2.8556589421105136,0.9721765089971893,0.9782583853519714,0.95,0.9374863253997379,0.9239011154767531,0.666314676792851,0.352,0.0192
0.5,6,0.1,estimated_ratio,371834,9328,10000,0.9328,1.2739903926849363,1.2739903926849363,0.0,351.4700591929933,2.8556589421105136,0.6500740600784217,0.012513674600262092,0.026098884523246865,0.00010059670325393077,0.283685323207149,1.0065948034652594,0.348489842599885,2.8556589421105136,0.9277248100970104,0.9375428009133318,0.9,0.8874863253997379,0.8739011154767532,0.616314676792851,0.352,0.0192
0.5,6,0.2,estimated_ratio,371834,8424,10000,0.8424,1.1369203329086304,1.1369203329086304,0.0,351.4700591929933,2.8556589421105136,0.6500740600784217,0.012513674600262092,0.026098884523246865,0.00010059670325393077,0.283685323207149,1.0065948034652594,0.348489842599885,2.8556589421105136,0.8351272465844295,0.8494097913313312,0.8,0.787486325399738,0.7739011154767532,0.516314676792851,0.352,0.0192
0.5,6,0.05,estimated_ratio_clipped,371834,9754,10000,0.9754,1.3149404525756836,1.3149404525756836,0.0,351.4700591929933,2.8556589421105136,0.6500740600784217,0.012513674600262092,0.026098884523246865,0.00010059670325392959,0.28368532320714734,1.0065948034652594,0.348489842599885,2.8556589421105136,0.9721765089971893,0.9782583853519714,0.95,0.9374863253997379,0.9239011154767531,0.6663146767928526,0.352,0.0192
0.5,6,0.1,estimated_ratio_clipped,371834,9328,10000,0.9328,1.2739903926849363,1.2739903926849363,0.0,351.4700591929933,2.8556589421105136,0.6500740600784217,0.012513674600262092,0.026098884523246865,0.00010059670325392959,0.28368532320714734,1.0065948034652594,0.348489842599885,2.8556589421105136,0.9277248100970104,0.9375428009133318,0.9,0.8874863253997379,0.8739011154767532,0.6163146767928527,0.352,0.0192
0.5,6,0.2,estimated_ratio_clipped,371834,8424,10000,0.8424,1.1369203329086304,1.1369203329086304,0.0,351.4700591929933,2.8556589421105136,0.6500740600784217,0.012513674600262092,0.026098884523246865,0.00010059670325392959,0.28368532320714734,1.0065948034652594,0.348489842599885,2.8556589421105136,0.8351272465844295,0.8494097913313312,0.8,0.787486325399738,0.7739011154767532,0.5163146767928527,0.352,0.0192
0.5,7,0.05,unweighted,371835,8771,10000,0.8771,1.20262348651886,1.20262348651886,0.0,500.0,1.0,0.0,0.24614865332573765,0.4922973066514753,0.040395960972489514,5.684783969333541,1.0,1.0,1.0,0.870519799926446,0.8833905885023896,0.95,0.7038513466742623,0.45770269334852465,-4.734783969333541,0.364,0.0192
0.5,7,0.1,unweighted,371835,7995,10000,0.7995,1.0627883672714231,1.0627883672714231,0.0,500.0,1.0,0.0,0.24614865332573765,0.4922973066514753,0.040395960972489514,5.684783969333541,1.0,1.0,1.0,0.7915384601616814,0.8072315248142833,0.9,0.6538513466742624,0.4077026933485247,-4.7847839693335406,0.364,0.0192
0.5,7,0.2,unweighted,371835,6883,10000,0.6883,0.9496273398399351,0.9496273398399352,0.0,500.0,1.0,0.0,0.24614865332573765,0.4922973066514753,0.040395960972489514,5.684783969333541,1.0,1.0,1.0,0.6791508306000379,0.6973045556135654,0.8,0.5538513466742624,0.30770269334852474,-4.884783969333541,0.364,0.0192
0.5,7,0.05,oracle_ratio,371835,9372,10000,0.9372,1.2604763125658036,1.257892370223999,0.0,377.55783842596094,2.7182818284590446,0.569473800451654,8.456776945386935e-18,0.0,0.0,0.0,1.0,0.3678794411714424,2.7182818284590446,0.932275136344256,0.9417890954804243,0.95,0.95,0.95,0.95,0.364,0.0192
0.5,7,0.1,oracle_ratio,371835,8771,10000,0.8771,1.2007084057569504,1.20262348651886,0.0,377.55783842596094,2.7182818284590446,0.569473800451654,8.456776945386935e-18,0.0,0.0,0.0,1.0,0.3678794411714424,2.7182818284590446,0.870519799926446,0.8833905885023896,0.9,0.9,0.9,0.9,0.364,0.0192
0.5,7,0.2,oracle_ratio,371835,7797,10000,0.7797,1.0317094226121903,1.031848669052124,0.0,377.55783842596094,2.7182818284590446,0.569473800451654,8.456776945386935e-18,0.0,0.0,0.0,1.0,0.3678794411714424,2.7182818284590446,0.771470395629393,0.7877147956820504,0.8,0.8,0.8,0.8,0.364,0.0192
0.5,7,0.05,estimated_ratio,371835,9291,10000,0.9291,1.257892370223999,1.257892370223999,0.0,384.73648472332667,2.5943175763426285,0.5473488928212841,0.009555227130965184,0.022360152074307964,6.44264919887834e-05,0.22702685654130597,0.9864140374840411,0.3797761631963579,2.5943175763426285,0.9239030947424598,0.9339673578558256,0.95,0.9404447728690347,0.927639847925692,0.722973143458694,0.364,0.0192
0.5,7,0.1,estimated_ratio,371835,8704,10000,0.8704,1.197685288286209,1.1966276168823242,0.0,384.73648472332667,2.5943175763426285,0.5473488928212841,0.009555227130965184,0.022360152074307964,6.44264919887834e-05,0.22702685654130597,0.9864140374840411,0.3797761631963579,2.5943175763426285,0.8636747038113881,0.8768408301956145,0.9,0.8904447728690348,0.877639847925692,0.6729731434586941,0.364,0.0192
0.5,7,0.2,estimated_ratio,371835,7693,10000,0.7693,1.0256803035736084,1.0256803035736084,0.0,384.73648472332667,2.5943175763426285,0.5473488928212841,0.009555227130965184,0.022360152074307964,6.44264919887834e-05,0.22702685654130597,0.9864140374840411,0.3797761631963579,2.5943175763426285,0.7609405751607076,0.777452603316846,0.8,0.7904447728690348,0.7776398479256921,0.5729731434586941,0.364,0.0192
0.5,7,0.05,estimated_ratio_clipped,371835,9291,10000,0.9291,1.257892370223999,1.257892370223999,0.0,384.73648472332667,2.5943175763426285,0.5473488928212841,0.009555227130965184,0.022360152074307964,6.442649198878402e-05,0.22702685654130703,0.9864140374840411,0.3797761631963579,2.5943175763426285,0.9239030947424598,0.9339673578558256,0.95,0.9404447728690347,0.927639847925692,0.7229731434586929,0.364,0.0192
0.5,7,0.1,estimated_ratio_clipped,371835,8704,10000,0.8704,1.197685288286209,1.1966276168823242,0.0,384.73648472332667,2.5943175763426285,0.5473488928212841,0.009555227130965184,0.022360152074307964,6.442649198878402e-05,0.22702685654130703,0.9864140374840411,0.3797761631963579,2.5943175763426285,0.8636747038113881,0.8768408301956145,0.9,0.8904447728690348,0.877639847925692,0.672973143458693,0.364,0.0192
0.5,7,0.2,estimated_ratio_clipped,371835,7693,10000,0.7693,1.0256803035736084,1.0256803035736084,0.0,384.73648472332667,2.5943175763426285,0.5473488928212841,0.009555227130965184,0.022360152074307964,6.442649198878402e-05,0.22702685654130703,0.9864140374840411,0.3797761631963579,2.5943175763426285,0.7609405751607076,0.777452603316846,0.8,0.7904447728690348,0.7776398479256921,0.572973143458693,0.364,0.0192
0.5,8,0.05,unweighted,371836,8974,10000,0.8974,1.245755910873413,1.245755910873413,0.0,500.0,1.0,0.0,0.24614865332573765,0.4922973066514753,0.040395960972489514,5.684783969333541,1.0,1.0,1.0,0.89129935220894,0.9031954458860462,0.95,0.7038513466742623,0.45770269334852465,-4.734783969333541,0.346,0.0192
0.5,8,0.1,unweighted,371836,7820,10000,0.782,1.0421744585037231,1.0421744585037231,0.0,500.0,1.0,0.0,0.24614865332573765,0.4922973066514753,0.040395960972489514,5.684783969333541,1.0,1.0,1.0,0.7738000975136813,0.7899833274052571,0.9,0.6538513466742624,0.4077026933485247,-4.7847839693335406,0.346,0.0192
0.5,8,0.2,unweighted,371836,6555,10000,0.6555,0.9334120154380798,0.9334120154380798,0.0,500.0,1.0,0.0,0.24614865332573765,0.4922973066514753,0.040395960972489514,5.684783969333541,1.0,1.0,1.0,0.6461280392468478,0.6647525372598717,0.8,0.5538513466742624,0.30770269334852474,-4.884783969333541,0.346,0.0192
0.5,8,0.05,oracle_ratio,371836,9527,10000,0.9527,1.2983108758926392,1.2983108758926392,0.0,374.8104662612489,2.7182818284590446,0.5779338818991077,8.456776945386935e-18,0.0,0.0,0.0,1.0,0.3678794411714424,2.7182818284590446,0.9483627247108418,0.9566896031643476,0.95,0.95,0.95,0.95,0.346,0.0192
0.5,8,0.1,oracle_ratio,371836,9072,10000,0.9072,1.2497517317533493,1.2524614334106443,0.0,374.8104662612489,2.7182818284590446,0.5779338818991077,8.456776945386935e-18,0.0,0.0,0.0,1.0,0.3678794411714424,2.7182818284590446,0.9013557042522808,0.9127315674746401,0.9,0.9,0.9,0.9,0.346,0.0192
0.5,8,0.2,oracle_ratio,371836,7746,10000,0.7746,1.032647421169281,1.031848669052124,0.0,374.8104662612489,2.7182818284590446,0.5779338818991077,8.456776945386935e-18,0.0,0.0,0.0,1.0,0.3678794411714424,2.7182818284590446,0.7663058268607574,0.7826832812340669,0.8,0.8,0.8,0.8,0.346,0.0192
0.5,8,0.05,estimated_ratio,371836,9527,10000,0.9527,1.2983108758926392,1.2983108758926392,0.0,373.27905065946817,2.7235554246028326,0.5826495299685512,0.001947006403800579,0.005104451681515307,6.671755384664896e-06,0.07305754107367642,0.9952657028883628,0.362725931208666,2.7235554246028326,0.9483627247108418,0.9566896031643476,0.95,0.9480529935961993,0.9448955483184847,0.8769424589263235,0.346,0.0192
0.5,8,0.1,estimated_ratio,371836,9072,10000,0.9072,1.2506496012210846,1.2524614334106443,0.0,373.27905065946817,2.7235554246028326,0.5826495299685512,0.001947006403800579,0.005104451681515307,6.671755384664896e-06,0.07305754107367642,0.9952657028883628,0.362725931208666,2.7235554246028326,0.9013557042522808,0.9127315674746401,0.9,0.8980529935961994,0.8948955483184847,0.8269424589263236,0.346,0.0192
0.5,8,0.2,estimated_ratio,371836,7746,10000,0.7746,1.0331901428341865,1.0344692468643188,0.0,373.27905065946817,2.7235554246028326,0.5826495299685512,0.001947006403800579,0.005104451681515307,6.671755384664896e-06,0.07305754107367642,0.9952657028883628,0.362725931208666,2.7235554246028326,0.7663058268607574,0.7826832812340669,0.8,0.7980529935961994,0.7948955483184847,0.7269424589263236,0.346,0.0192
0.5,8,0.05,estimated_ratio_clipped,371836,9527,10000,0.9527,1.2983108758926392,1.2983108758926392,0.0,373.27905065946817,2.7235554246028326,0.5826495299685512,0.001947006403800579,0.005104451681515307,6.671755384665164e-06,0.07305754107367789,0.9952657028883628,0.362725931208666,2.7235554246028326,0.9483627247108418,0.9566896031643476,0.95,0.9480529935961993,0.9448955483184847,0.876942458926322,0.346,0.0192
0.5,8,0.1,estimated_ratio_clipped,371836,9072,10000,0.9072,1.2506496012210846,1.2524614334106443,0.0,373.27905065946817,2.7235554246028326,0.5826495299685512,0.001947006403800579,0.005104451681515307,6.671755384665164e-06,0.07305754107367789,0.9952657028883628,0.362725931208666,2.7235554246028326,0.9013557042522808,0.9127315674746401,0.9,0.8980529935961994,0.8948955483184847,0.8269424589263221,0.346,0.0192
0.5,8,0.2,estimated_ratio_clipped,371836,7746,10000,0.7746,1.0331901428341865,1.0344692468643188,0.0,373.27905065946817,2.7235554246028326,0.5826495299685512,0.001947006403800579,0.005104451681515307,6.671755384665164e-06,0.07305754107367789,0.9952657028883628,0.362725931208666,2.7235554246028326,0.7663058268607574,0.7826832812340669,0.8,0.7980529935961994,0.7948955483184847,0.7269424589263221,0.346,0.0192
0.5,9,0.05,unweighted,371837,8662,10000,0.8662,1.1766608953475952,1.1766608953475952,0.0,500.0,1.0,0.0,0.24614865332573765,0.4922973066514753,0.040395960972489514,5.684783969333541,1.0,1.0,1.0,0.8593867305291647,0.8727320290641516,0.95,0.7038513466742623,0.45770269334852465,-4.734783969333541,0.348,0.0192
0.5,9,0.1,unweighted,371837,8019,10000,0.8019,1.0627883672714231,1.0627883672714231,0.0,500.0,1.0,0.0,0.24614865332573765,0.4922973066514753,0.040395960972489514,5.684783969333541,1.0,1.0,1.0,0.7939729228015238,0.8095952189822615,0.9,0.6538513466742624,0.4077026933485247,-4.7847839693335406,0.348,0.0192
0.5,9,0.2,unweighted,371837,6697,10000,0.6697,0.9388169050216677,0.9388169050216676,0.0,500.0,1.0,0.0,0.24614865332573765,0.4922973066514753,0.040395960972489514,5.684783969333541,1.0,1.0,1.0,0.6604182515406947,0.6788514194122977,0.8,0.5538513466742624,0.30770269334852474,-4.884783969333541,0.348,0.0192
0.5,9,0.05,oracle_ratio,371837,9778,10000,0.9778,1.3054519706010819,1.3028135299682615,0.0,364.024899490431,2.6899666501187367,0.6111729844124576,8.456776945386935e-18,0.0,0.0,0.0,1.0,0.3678794411714424,2.7182818284590446,0.974723572600068,0.9805094785569133,0.95,0.95,0.95,0.95,0.348,0.0192
0.5,9,0.1,oracle_ratio,371837,8720,10000,0.872,1.189783024740219,1.1966276168823242,0.0,364.024899490431,2.6899666501187367,0.6111729844124576,8.456776945386935e-18,0.0,0.0,0.0,1.0,0.3678794411714424,2.7182818284590446,0.8653088117842375,0.8784054934279791,0.9,0.9,0.9,0.9,0.348,0.0192
0.5,9,0.2,oracle_ratio,371837,7826,10000,0.7826,1.0349839314818383,1.0344692468643188,0.0,364.024899490431,2.6899666501187367,0.6111729844124576,8.456776945386935e-18,0.0,0.0,0.0,1.0,0.3678794411714424,2.7182818284590446,0.7744079061750716,0.7905750579458218,0.8,0.8,0.8,0.8,0.348,0.0192
0.5,9,0.05,estimated_ratio,371837,9778,10000,0.9778,1.3058344868183136,1.3028135299682615,0.0,363.5273776551852,2.706881630558139,0.6127089250128637,0.0005954642614786135,0.004257673404886706,1.924110407887427e-06,0.03923376513043251,1.0042576734048867,0.3683906350854592,2.7354451148376753,0.974723572600068,0.9805094785569133,0.95,0.9494045357385213,0.9457423265951133,0.9107662348695674,0.348,0.0192
0.5,9,0.1,estimated_ratio,371837,8720,10000,0.872,1.1906336070775985,1.1966276168823242,0.0,363.5273776551852,2.706881630558139,0.6127089250128637,0.0005954642614786135,0.004257673404886706,1.924110407887427e-06,0.03923376513043251,1.0042576734048867,0.3683906350854592,2.7354451148376753,0.8653088117842375,0.8784054934279791,0.9,0.8994045357385214,0.8957423265951133,0.8607662348695675,0.348,0.0192
0.5,9,0.2,estimated_ratio,371837,7826,10000,0.7826,1.0355082235455513,1.0344692468643188,0.0,363.5273776551852,2.706881630558139,0.6127089250128637,0.0005954642614786135,0.004257673404886706,1.924110407887427e-06,0.03923376513043251,1.0042576734048867,0.3683906350854592,2.7354451148376753,0.7744079061750716,0.7905750579458218,0.8,0.7994045357385214,0.7957423265951133,0.7607662348695675,0.348,0.0192
0.5,9,0.05,estimated_ratio_clipped,371837,9778,10000,0.9778,1.3058344868183136,1.3028135299682615,0.0,363.5273776551852,2.706881630558139,0.6127089250128637,0.0005954642614786135,0.004257673404886706,1.9241104078902444e-06,0.03923376513046123,1.0042576734048867,0.3683906350854592,2.7354451148376753,0.974723572600068,0.9805094785569133,0.95,0.9494045357385213,0.9457423265951133,0.9107662348695387,0.348,0.0192
0.5,9,0.1,estimated_ratio_clipped,371837,8720,10000,0.872,1.1906336070775985,1.1966276168823242,0.0,363.5273776551852,2.706881630558139,0.6127089250128637,0.0005954642614786135,0.004257673404886706,1.9241104078902444e-06,0.03923376513046123,1.0042576734048867,0.3683906350854592,2.7354451148376753,0.8653088117842375,0.8784054934279791,0.9,0.8994045357385214,0.8957423265951133,0.8607662348695388,0.348,0.0192
0.5,9,0.2,estimated_ratio_clipped,371837,7826,10000,0.7826,1.0355082235455513,1.0344692468643188,0.0,363.5273776551852,2.706881630558139,0.6127089250128637,0.0005954642614786135,0.004257673404886706,1.9241104078902444e-06,0.03923376513046123,1.0042576734048867,0.3683906350854592,2.7354451148376753,0.7744079061750716,0.7905750579458218,0.8,0.7994045357385214,0.7957423265951133,0.7607662348695388,0.348,0.0192
0.5,10,0.05,unweighted,371838,9012,10000,0.9012,1.245755910873413,1.245755910873413,0.0,500.0,1.0,0.0,0.24614865332573765,0.4922973066514753,0.040395960972489514,5.684783969333541,1.0,1.0,1.0,0.895196632501863,0.9068952472055061,0.95,0.7038513466742623,0.45770269334852465,-4.734783969333541,0.338,0.0192
0.5,10,0.1,unweighted,371838,8177,10000,0.8177,1.0906329154968262,1.0906329154968262,0.0,500.0,1.0,0.0,0.24614865332573765,0.4922973066514753,0.040395960972489514,5.684783969333541,1.0,1.0,1.0,0.810011217289103,0.825144790146169,0.9,0.6538513466742624,0.4077026933485247,-4.7847839693335406,0.338,0.0192
0.5,10,0.2,unweighted,371838,6667,10000,0.6667,0.9356918334960938,0.9356918334960938,0.0,500.0,1.0,0.0,0.24614865332573765,0.4922973066514753,0.040395960972489514,5.684783969333541,1.0,1.0,1.0,0.6573984119352442,0.6758735630079721,0.8,0.5538513466742624,0.30770269334852474,-4.884783969333541,0.338,0.0192
0.5,10,0.05,oracle_ratio,371838,9565,10000,0.9565,1.2998269195199013,1.2983108758926392,0.0,361.13483645425697,2.6899666501187367,0.620100330628313,8.456776945386935e-18,0.0,0.0,0.0,1.0,0.3678794411714424,2.7182818284590446,0.9523237002906056,0.9603257091969667,0.95,0.95,0.95,0.95,0.338,0.0192
0.5,10,0.1,oracle_ratio,371838,9359,10000,0.9359,1.2739903926849363,1.2739903926849363,0.0,361.13483645425697,2.6899666501187367,0.620100330628313,8.456776945386935e-18,0.0,0.0,0.0,1.0,0.3678794411714424,2.7182818284590446,0.9309300598615782,0.9405351703588658,0.9,0.9,0.9,0.9,0.338,0.0192
0.5,10,0.2,oracle_ratio,371838,8128,10000,0.8128,1.0753374418377877,1.0730522871017456,0.0,361.13483645425697,2.6899666501187367,0.620100330628313,8.456776945386935e-18,0.0,0.0,0.0,1.0,0.3678794411714424,2.7182818284590446,0.8050351390700937,0.8203246315492109,0.8,0.8,0.8,0.8,0.338,0.0192
0.5,10,0.05,estimated_ratio,371838,9565,10000,0.9565,1.2992402236938476,1.2983108758926392,0.0,365.3631706002239,2.6383722335893505,0.6070431379484656,0.0048962510398328956,0.010179753532555387,1.5287270285110927e-05,0.11058849952905926,0.9972938588616367,0.37557364555741973,2.665582158144868,0.9523237002906056,0.9603257091969667,0.95,0.945103748960167,0.9398202464674446,0.8394115004709407,0.338,0.0192
0.5,10,0.1,estimated_ratio,371838,9359,10000,0.9359,1.2663994338989257,1.2739903926849363,0.0,365.3631706002239,2.6383722335893505,0.6070431379484656,0.0048962510398328956,0.010179753532555387,1.5287270285110927e-05,0.11058849952905926,0.9972938588616367,0.37557364555741973,2.665582158144868,0.9309300598615782,0.9405351703588658,0.9,0.8951037489601671,0.8898202464674446,0.7894115004709408,0.338,0.0192
0.5,10,0.2,estimated_ratio,371838,8055,10000,0.8055,1.0730522871017456,1.0730522871017456,0.0,365.3631706002239,2.6383722335893505,0.6070431379484656,0.0048962510398328956,0.010179753532555387,1.5287270285110927e-05,0.11058849952905926,0.9972938588616367,0.37557364555741973,2.665582158144868,0.7976254537634688,0.8131399232320478,0.8,0.7951037489601671,0.7898202464674446,0.6894115004709408,0.338,0.0192
0.5,10,0.05,estimated_ratio_clipped,371838,9565,10000,0.9565,1.2992402236938476,1.2983108758926392,0.0,365.3631706002239,2.6383722335893505,0.6070431379484656,0.0048962510398328956,0.010179753532555387,1.528727028511141e-05,0.110588499529061,0.9972938588616367,0.37557364555741973,2.665582158144868,0.9523237002906056,0.9603257091969667,0.95,0.945103748960167,0.9398202464674446,0.8394115004709389,0.338,0.0192
0.5,10,0.1,estimated_ratio_clipped,371838,9359,10000,0.9359,1.2663994338989257,1.2739903926849363,0.0,365.3631706002239,2.6383722335893505,0.6070431379484656,0.0048962510398328956,0.010179753532555387,1.528727028511141e-05,0.110588499529061,0.9972938588616367,0.37557364555741973,2.665582158144868,0.9309300598615782,0.9405351703588658,0.9,0.8951037489601671,0.8898202464674446,0.789411500470939,0.338,0.0192
0.5,10,0.2,estimated_ratio_clipped,371838,8055,10000,0.8055,1.0730522871017456,1.0730522871017456,0.0,365.3631706002239,2.6383722335893505,0.6070431379484656,0.0048962510398328956,0.010179753532555387,1.528727028511141e-05,0.110588499529061,0.9972938588616367,0.37557364555741973,2.665582158144868,0.7976254537634688,0.8131399232320478,0.8,0.7951037489601671,0.7898202464674446,0.689411500470939,0.338,0.0192
0.5,11,0.05,unweighted,371839,9230,10000,0.923,1.257892370223999,1.257892370223999,0.0,500.0,1.0,0.0,0.24614865332573765,0.4922973066514753,0.040395960972489514,5.684783969333541,1.0,1.0,1.0,0.9176109510321446,0.9280641863462631,0.95,0.7038513466742623,0.45770269334852465,-4.734783969333541,0.342,0.0192
0.5,11,0.1,unweighted,371839,7896,10000,0.7896,1.048194169998169,1.048194169998169,0.0,500.0,1.0,0.0,0.24614865332573765,0.4922973066514753,0.040395960972489514,5.684783969333541,1.0,1.0,1.0,0.781500883041053,0.797476705102651,0.9,0.6538513466742624,0.4077026933485247,-4.7847839693335406,0.342,0.0192
0.5,11,0.2,unweighted,371839,5909,10000,0.5909,0.9118360280990598,0.91183602809906,0.0,500.0,1.0,0.0,0.24614865332573765,0.4922973066514753,0.040395960972489514,5.684783969333541,1.0,1.0,1.0,0.581230370603824,0.6004998184923869,0.8,0.5538513466742624,0.30770269334852474,-4.884783969333541,0.342,0.0192
0.5,11,0.05,oracle_ratio,371839,9538,10000,0.9538,1.2983108758926392,1.2983108758926392,0.0,373.77296955893985,2.7182818284590446,0.5811285834064335,8.456776945386935e-18,0.0,0.0,0.0,1.0,0.3678794411714424,2.7182818284590446,0.9495085253373826,0.9577429577413913,0.95,0.95,0.95,0.95,0.342,0.0192
0.5,11,0.1,oracle_ratio,371839,9303,10000,0.9303,1.2622420558929444,1.257892370223999,0.0,373.77296955893985,2.7182818284590446,0.5811285834064335,8.456776945386935e-18,0.0,0.0,0.0,1.0,0.3678794411714424,2.7182818284590446,0.9251421218896245,0.9351274091125712,0.9,0.9,0.9,0.9,0.342,0.0192
0.5,11,0.2,oracle_ratio,371839,7619,10000,0.7619,1.0285677154541015,1.0256803035736084,0.0,373.77296955893985,2.7182818284590446,0.5811285834064335,8.456776945386935e-18,0.0,0.0,0.0,1.0,0.3678794411714424,2.7182818284590446,0.7534525367729009,0.7701463248805388,0.8,0.8,0.8,0.8,0.342,0.0192
0.5,11,0.05,estimated_ratio,371839,9538,10000,0.9538,1.2983108758926392,1.2983108758926392,0.0,372.8263793580525,2.730367504057556,0.5840435085774942,0.0011785730173476307,0.0024053109623491087,9.047010173533748e-07,0.02690280308597414,1.0003888790170015,0.3659440966979749,2.730367504057556,0.9495085253373826,0.9577429577413913,0.95,0.9488214269826524,0.9475946890376509,0.9230971969140258,0.342,0.0192
0.5,11,0.1,estimated_ratio,371839,9303,10000,0.9303,1.2631338863372803,1.257892370223999,0.0,372.8263793580525,2.730367504057556,0.5840435085774942,0.0011785730173476307,0.0024053109623491087,9.047010173533748e-07,0.02690280308597414,1.0003888790170015,0.3659440966979749,2.730367504057556,0.9251421218896245,0.9351274091125712,0.9,0.8988214269826524,0.8975946890376509,0.8730971969140259,0.342,0.0192
0.5,11,0.2,estimated_ratio,371839,7619,10000,0.7619,1.0293412284851073,1.031848669052124,0.0,372.8263793580525,2.730367504057556,0.5840435085774942,0.0011785730173476307,0.0024053109623491087,9.047010173533748e-07,0.02690280308597414,1.0003888790170015,0.3659440966979749,2.730367504057556,0.7534525367729009,0.7701463248805388,0.8,0.7988214269826525,0.797594689037651,0.7730971969140259,0.342,0.0192
0.5,11,0.05,estimated_ratio_clipped,371839,9538,10000,0.9538,1.2983108758926392,1.2983108758926392,0.0,372.8263793580525,2.730367504057556,0.5840435085774942,0.0011785730173476307,0.0024053109623491087,9.04701017352446e-07,0.026902803085960332,1.0003888790170015,0.3659440966979749,2.730367504057556,0.9495085253373826,0.9577429577413913,0.95,0.9488214269826524,0.9475946890376509,0.9230971969140396,0.342,0.0192
0.5,11,0.1,estimated_ratio_clipped,371839,9303,10000,0.9303,1.2631338863372803,1.257892370223999,0.0,372.8263793580525,2.730367504057556,0.5840435085774942,0.0011785730173476307,0.0024053109623491087,9.04701017352446e-07,0.026902803085960332,1.0003888790170015,0.3659440966979749,2.730367504057556,0.9251421218896245,0.9351274091125712,0.9,0.8988214269826524,0.8975946890376509,0.8730971969140396,0.342,0.0192
0.5,11,0.2,estimated_ratio_clipped,371839,7619,10000,0.7619,1.0293412284851073,1.031848669052124,0.0,372.8263793580525,2.730367504057556,0.5840435085774942,0.0011785730173476307,0.0024053109623491087,9.04701017352446e-07,0.026902803085960332,1.0003888790170015,0.3659440966979749,2.730367504057556,0.7534525367729009,0.7701463248805388,0.8,0.7988214269826525,0.797594689037651,0.7730971969140397,0.342,0.0192
0.5,12,0.05,unweighted,371840,8973,10000,0.8973,1.245755910873413,1.245755910873413,0.0,500.0,1.0,0.0,0.24614865332573765,0.4922973066514753,0.040395960972489514,5.684783969333541,1.0,1.0,1.0,0.8911968269050489,0.9030980479896115,0.95,0.7038513466742623,0.45770269334852465,-4.734783969333541,0.36,0.0192
0.5,12,0.1,unweighted,371840,8200,10000,0.82,1.0906329154968262,1.0906329154968262,0.0,500.0,1.0,0.0,0.24614865332573765,0.4922973066514753,0.040395960972489514,5.684783969333541,1.0,1.0,1.0,0.8123476279170886,0.8274066131256782,0.9,0.6538513466742624,0.4077026933485247,-4.7847839693335406,0.36,0.0192
0.5,12,0.2,unweighted,371840,6946,10000,0.6946,0.95711350440979,0.95711350440979,0.0,500.0,1.0,0.0,0.24614865332573765,0.4922973066514753,0.040395960972489514,5.684783969333541,1.0,1.0,1.0,0.6854995617059592,0.7035509861281735,0.8,0.5538513466742624,0.30770269334852474,-4.884783969333541,0.36,0.0192
0.5,12,0.05,oracle_ratio,371840,9508,10000,0.9508,1.2983108758926392,1.2983108758926392,0.0,371.8876738484657,2.7182818284590446,0.5869344031312634,8.456776945386935e-18,0.0,0.0,0.0,1.0,0.3678794411714424,2.7182818284590446,0.9463850585695701,0.9548687284994277,0.95,0.95,0.95,0.95,0.36,0.0192
0.5,12,0.1,oracle_ratio,371840,9104,10000,0.9104,1.253772560596466,1.2524614334106443,0.0,371.8876738484657,2.7182818284590446,0.5869344031312634,8.456776945386935e-18,0.0,0.0,0.0,1.0,0.3678794411714424,2.7182818284590446,0.904643452774782,0.9158413613625667,0.9,0.9,0.9,0.9,0.36,0.0192
0.5,12,0.2,oracle_ratio,371840,8023,10000,0.8023,1.0601205480098725,1.0627883672714231,0.0,371.8876738484657,2.7182818284590446,0.5869344031312634,8.456776945386935e-18,0.0,0.0,0.0,1.0,0.3678794411714424,2.7182818284590446,0.7943787097104035,0.8099891248746854,0.8,0.8,0.8,0.8,0.36,0.0192
0.5,12,0.05,estimated_ratio,371840,9508,10000,0.9508,1.2983108758926392,1.2983108758926392,0.0,369.87668843259365,2.7351253498857377,0.5931288835095486,0.0026349618860883736,0.00543663860459227,6.94247421044042e-06,0.07452502511473803,0.9971392158043586,0.36220587618985267,2.7351253498857377,0.9463850585695701,0.9548687284994277,0.95,0.9473650381139116,0.9445633613954076,0.8754749748852619,0.36,0.0192
0.5,12,0.1,estimated_ratio,371840,9104,10000,0.9104,1.254239051771164,1.255275011062622,0.0,369.87668843259365,2.7351253498857377,0.5931288835095486,0.0026349618860883736,0.00543663860459227,6.94247421044042e-06,0.07452502511473803,0.9971392158043586,0.36220587618985267,2.7351253498857377,0.904643452774782,0.9158413613625667,0.9,0.8973650381139117,0.8945633613954077,0.825474974885262,0.36,0.0192
0.5,12,0.2,estimated_ratio,371840,8085,10000,0.8085,1.065044376850128,1.0627883672714231,0.0,369.87668843259365,2.7351253498857377,0.5931288835095486,0.0026349618860883736,0.00543663860459227,6.94247421044042e-06,0.07452502511473803,0.9971392158043586,0.36220587618985267,2.7351253498857377,0.8006700102376498,0.8160930627676426,0.8,0.7973650381139117,0.7945633613954077,0.725474974885262,0.36,0.0192
0.5,12,0.05,estimated_ratio_clipped,371840,9508,10000,0.9508,1.2983108758926392,1.2983108758926392,0.0,369.87668843259365,2.7351253498857377,0.5931288835095486,0.0026349618860883736,0.00543663860459227,6.942474210442671e-06,0.07452502511475012,0.9971392158043586,0.36220587618985267,2.7351253498857377,0.9463850585695701,0.9548687284994277,0.95,0.9473650381139116,0.9445633613954076,0.8754749748852498,0.36,0.0192
0.5,12,0.1,estimated_ratio_clipped,371840,9104,10000,0.9104,1.254239051771164,1.255275011062622,0.0,369.87668843259365,2.7351253498857377,0.5931288835095486,0.0026349618860883736,0.00543663860459227,6.942474210442671e-06,0.07452502511475012,0.9971392158043586,0.36220587618985267,2.7351253498857377,0.904643452774782,0.9158413613625667,0.9,0.8973650381139117,0.8945633613954077,0.8254749748852499,0.36,0.0192
0.5,12,0.2,estimated_ratio_clipped,371840,8085,10000,0.8085,1.065044376850128,1.0627883672714231,0.0,369.87668843259365,2.7351253498857377,0.5931288835095486,0.0026349618860883736,0.00543663860459227,6.942474210442671e-06,0.07452502511475012,0.9971392158043586,0.36220587618985267,2.7351253498857377,0.8006700102376498,0.8160930627676426,0.8,0.7973650381139117,0.7945633613954077,0.7254749748852499,0.36,0.0192
0.5,13,0.05,unweighted,371841,9085,10000,0.9085,1.245755910873413,1.245755910873413,0.0,500.0,1.0,0.0,0.24614865332573765,0.4922973066514753,0.040395960972489514,5.684783969333541,1.0,1.0,1.0,0.9026910992750709,0.9139951740560862,0.95,0.7038513466742623,0.45770269334852465,-4.734783969333541,0.346,0.0192
0.5,13,0.1,unweighted,371841,8175,10000,0.8175,1.0730522871017456,1.0730522871017456,0.0,500.0,1.0,0.0,0.24614865332573765,0.4922973066514753,0.040395960972489514,5.684783969333541,1.0,1.0,1.0,0.8098080725070509,0.8249480885275695,0.9,0.6538513466742624,0.4077026933485247,-4.7847839693335406,0.346,0.0192
0.5,13,0.2,unweighted,371841,6529,10000,0.6529,0.9292073845863342,0.9292073845863342,0.0,500.0,1.0,0.0,0.24614865332573765,0.4922973066514753,0.040395960972489514,5.684783969333541,1.0,1.0,1.0,0.6435125263575462,0.6621700469407009,0.8,0.5538513466742624,0.30770269334852474,-4.884783969333541,0.346,0.0192
0.5,13,0.05,oracle_ratio,371841,9786,10000,0.9786,1.3144695313453674,1.314333438873291,0.0,360.4038903753495,2.7182818284590446,0.6223603587011259,8.456776945386935e-18,0.0,0.0,0.0,1.0,0.3678794411714424,2.7182818284590446,0.9755744786094124,0.981257958150176,0.95,0.95,0.95,0.95,0.346,0.0192
0.5,13,0.1,oracle_ratio,371841,9376,10000,0.9376,1.2630517864227295,1.257892370223999,0.0,360.4038903753495,2.7182818284590446,0.6223603587011259,8.456776945386935e-18,0.0,0.0,0.0,1.0,0.3678794411714424,2.7182818284590446,0.9326891216558889,0.9421748029700948,0.9,0.9,0.9,0.9,0.346,0.0192
0.5,13,0.2,oracle_ratio,371841,7958,10000,0.7958,1.0437371756076812,1.0421744585037231,0.0,360.4038903753495,2.7182818284590446,0.6223603587011259,8.456776945386935e-18,0.0,0.0,0.0,1.0,0.3678794411714424,2.7182818284590446,0.7877861890184522,0.8035866375454553,0.8,0.8,0.8,0.8,0.346,0.0192
0.5,13,0.05,estimated_ratio,371841,9713,10000,0.9713,1.3121953437805176,1.314333438873291,0.0,372.4470446227299,2.5705582515209273,0.585211694960787,0.01390931539059263,0.028831490246213017,0.00012308146639347802,0.31379160778258935,0.9922966185496396,0.38995279000658045,2.5705582515209273,0.9678422532188463,0.9743957899169541,0.95,0.9360906846094074,0.921168509753787,0.6362083922174107,0.346,0.0192
0.5,13,0.1,estimated_ratio,371841,9310,10000,0.931,1.256096902513504,1.257892370223999,0.0,372.4470446227299,2.5705582515209273,0.585211694960787,0.01390931539059263,0.028831490246213017,0.00012308146639347802,0.31379160778258935,0.9922966185496396,0.38995279000658045,2.5705582515209273,0.9258650839929272,0.9358039094115496,0.9,0.8860906846094074,0.871168509753787,0.5862083922174106,0.346,0.0192
0.5,13,0.2,estimated_ratio,371841,7958,10000,0.7958,1.0421744585037231,1.0421744585037231,0.0,372.4470446227299,2.5705582515209273,0.585211694960787,0.01390931539059263,0.028831490246213017,0.00012308146639347802,0.31379160778258935,0.9922966185496396,0.38995279000658045,2.5705582515209273,0.7877861890184522,0.8035866375454553,0.8,0.7860906846094075,0.771168509753787,0.4862083922174107,0.346,0.0192
0.5,13,0.05,estimated_ratio_clipped,371841,9713,10000,0.9713,1.3121953437805176,1.314333438873291,0.0,372.4470446227299,2.5705582515209273,0.585211694960787,0.01390931539059263,0.028831490246213017,0.00012308146639347694,0.31379160778258797,0.9922966185496396,0.38995279000658045,2.5705582515209273,0.9678422532188463,0.9743957899169541,0.95,0.9360906846094074,0.921168509753787,0.636208392217412,0.346,0.0192
0.5,13,0.1,estimated_ratio_clipped,371841,9310,10000,0.931,1.256096902513504,1.257892370223999,0.0,372.4470446227299,2.5705582515209273,0.585211694960787,0.01390931539059263,0.028831490246213017,0.00012308146639347694,0.31379160778258797,0.9922966185496396,0.38995279000658045,2.5705582515209273,0.9258650839929272,0.9358039094115496,0.9,0.8860906846094074,0.871168509753787,0.586208392217412,0.346,0.0192
0.5,13,0.2,estimated_ratio_clipped,371841,7958,10000,0.7958,1.0421744585037231,1.0421744585037231,0.0,372.4470446227299,2.5705582515209273,0.585211694960787,0.01390931539059263,0.028831490246213017,0.00012308146639347694,0.31379160778258797,0.9922966185496396,0.38995279000658045,2.5705582515209273,0.7877861890184522,0.8035866375454553,0.8,0.7860906846094075,0.771168509753787,0.4862083922174121,0.346,0.0192
0.5,14,0.05,unweighted,371842,9192,10000,0.9192,1.255275011062622,1.255275011062622,0.0,500.0,1.0,0.0,0.24614865332573765,0.4922973066514753,0.040395960972489514,5.684783969333541,1.0,1.0,1.0,0.9136961828309468,0.924381872935078,0.95,0.7038513466742623,0.45770269334852465,-4.734783969333541,0.352,0.0192
0.5,14,0.1,unweighted,371842,8286,10000,0.8286,1.1275087594985962,1.1275087594985962,0.0,500.0,1.0,0.0,0.24614865332573765,0.4922973066514753,0.040395960972489514,5.684783969333541,1.0,1.0,1.0,0.8210878751473188,0.8358597611234725,0.9,0.6538513466742624,0.4077026933485247,-4.7847839693335406,0.352,0.0192
0.5,14,0.2,unweighted,371842,6731,10000,0.6731,0.9388169050216677,0.9388169050216676,0.0,500.0,1.0,0.0,0.24614865332573765,0.4922973066514753,0.040395960972489514,5.684783969333541,1.0,1.0,1.0,0.66384124868931,0.6822258110747618,0.8,0.5538513466742624,0.30770269334852474,-4.884783969333541,0.352,0.0192
0.5,14,0.05,oracle_ratio,371842,9761,10000,0.9761,1.3149404525756836,1.3149404525756836,0.0,368.67384937312016,2.7182818284590446,0.5968352159713147,8.456776945386935e-18,0.0,0.0,0.0,1.0,0.3678794411714424,2.7182818284590446,0.9729185718499891,0.9789157849014525,0.95,0.95,0.95,0.95,0.352,0.0192
0.5,14,0.1,oracle_ratio,371842,9286,10000,0.9286,1.257892370223999,1.257892370223999,0.0,368.67384937312016,2.7182818284590446,0.5968352159713147,8.456776945386935e-18,0.0,0.0,0.0,1.0,0.3678794411714424,2.7182818284590446,0.9233869569021144,0.9334838796945416,0.9,0.9,0.9,0.9,0.352,0.0192
0.5,14,0.2,oracle_ratio,371842,8179,10000,0.8179,1.0767893693327903,1.0785813331604004,0.0,368.67384937312016,2.7182818284590446,0.5968352159713147,8.456776945386935e-18,0.0,0.0,0.0,1.0,0.3678794411714424,2.7182818284590446,0.8102143654733381,0.8253414883625855,0.8,0.8,0.8,0.8,0.352,0.0192
0.5,14,0.05,estimated_ratio,371842,9761,10000,0.9761,1.3149404525756836,1.3149404525756836,0.0,367.46143910384353,2.7250870944490835,0.6005722199029125,0.0014838355334928896,0.0033646959192758573,2.903784004838792e-06,0.048197792520726854,0.9974088144412722,0.3643184999830636,2.7250870944490835,0.9729185718499891,0.9789157849014525,0.95,0.9485161644665071,0.946635304080724,0.9018022074792731,0.352,0.0192
0.5,14,0.1,estimated_ratio,371842,9286,10000,0.9286,1.257892370223999,1.257892370223999,0.0,367.46143910384353,2.7250870944490835,0.6005722199029125,0.0014838355334928896,0.0033646959192758573,2.903784004838792e-06,0.048197792520726854,0.9974088144412722,0.3643184999830636,2.7250870944490835,0.9233869569021144,0.9334838796945416,0.9,0.8985161644665072,0.8966353040807241,0.8518022074792732,0.352,0.0192
0.5,14,0.2,estimated_ratio,371842,8179,10000,0.8179,1.0779963600873947,1.0785813331604004,0.0,367.46143910384353,2.7250870944490835,0.6005722199029125,0.0014838355334928896,0.0033646959192758573,2.903784004838792e-06,0.048197792520726854,0.9974088144412722,0.3643184999830636,2.7250870944490835,0.8102143654733381,0.8253414883625855,0.8,0.7985161644665072,0.7966353040807241,0.7518022074792732,0.352,0.0192
0.5,14,0.05,estimated_ratio_clipped,371842,9761,10000,0.9761,1.3149404525756836,1.3149404525756836,0.0,367.46143910384353,2.7250870944490835,0.6005722199029125,0.0014838355334928896,0.0033646959192758573,2.903784004839671e-06,0.048197792520734146,0.9974088144412722,0.3643184999830636,2.7250870944490835,0.9729185718499891,0.9789157849014525,0.95,0.9485161644665071,0.946635304080724,0.9018022074792658,0.352,0.0192
0.5,14,0.1,estimated_ratio_clipped,371842,9286,10000,0.9286,1.257892370223999,1.257892370223999,0.0,367.46143910384353,2.7250870944490835,0.6005722199029125,0.0014838355334928896,0.0033646959192758573,2.903784004839671e-06,0.048197792520734146,0.9974088144412722,0.3643184999830636,2.7250870944490835,0.9233869569021144,0.9334838796945416,0.9,0.8985161644665072,0.8966353040807241,0.8518022074792658,0.352,0.0192
0.5,14,0.2,estimated_ratio_clipped,371842,8179,10000,0.8179,1.0779963600873947,1.0785813331604004,0.0,367.46143910384353,2.7250870944490835,0.6005722199029125,0.0014838355334928896,0.0033646959192758573,2.903784004839671e-06,0.048197792520734146,0.9974088144412722,0.3643184999830636,2.7250870944490835,0.8102143654733381,0.8253414883625855,0.8,0.7985161644665072,0.7966353040807241,0.7518022074792658,0.352,0.0192
0.5,15,0.05,unweighted,371843,9055,10000,0.9055,1.2524614334106443,1.2524614334106443,0.0,500.0,1.0,0.0,0.24614865332573765,0.4922973066514753,0.040395960972489514,5.684783969333541,1.0,1.0,1.0,0.8996099281383313,0.9110786491830499,0.95,0.7038513466742623,0.45770269334852465,-4.734783969333541,0.344,0.0192
0.5,15,0.1,unweighted,371843,8302,10000,0.8302,1.1282352209091189,1.1282352209091189,0.0,500.0,1.0,0.0,0.24614865332573765,0.4922973066514753,0.040395960972489514,5.684783969333541,1.0,1.0,1.0,0.822714702243156,0.8374317052328493,0.9,0.6538513466742624,0.4077026933485247,-4.7847839693335406,0.344,0.0192
0.5,15,0.2,unweighted,371843,6326,10000,0.6326,0.9269172549247742,0.9269172549247742,0.0,500.0,1.0,0.0,0.24614865332573765,0.4922973066514753,0.040395960972489514,5.684783969333541,1.0,1.0,1.0,0.623101837025179,0.6419963266069176,0.8,0.5538513466742624,0.30770269334852474,-4.884783969333541,0.344,0.0192
0.5,15,0.05,oracle_ratio,371843,9450,10000,0.945,1.2823160886764526,1.2823160886764526,0.0,365.5119858174079,2.7182818284590446,0.6065840396710594,8.456776945386935e-18,0.0,0.0,0.0,1.0,0.3678794411714424,2.7182818284590446,0.9403583808486388,0.949299860601459,0.95,0.95,0.95,0.95,0.344,0.0192
0.5,15,0.1,oracle_ratio,371843,9125,10000,0.9125,1.255275011062622,1.255275011062622,0.0,365.5119858174079,2.7182818284590446,0.6065840396710594,8.456776945386935e-18,0.0,0.0,0.0,1.0,0.3678794411714424,2.7182818284590446,0.9068021999594024,0.9178810013847895,0.9,0.9,0.9,0.9,0.344,0.0192
0.5,15,0.2,oracle_ratio,371843,8000,10000,0.8,1.0627883672714231,1.0627883672714231,0.0,365.5119858174079,2.7182818284590446,0.6065840396710594,8.456776945386935e-18,0.0,0.0,0.0,1.0,0.3678794411714424,2.7182818284590446,0.7920456034485616,0.8077239975290326,0.8,0.8,0.8,0.8,0.344,0.0192
0.5,15,0.05,estimated_ratio,371843,9450,10000,0.945,1.2823160886764526,1.2823160886764526,0.0,366.50841274731357,2.689036786220906,0.6035107003178178,0.0011639408251972625,0.006791776520161494,5.044796763962461e-06,0.06352824105207044,0.9932082234798385,0.367426210543141,2.689036786220906,0.9403583808486388,0.949299860601459,0.95,0.9488360591748027,0.9432082234798385,0.8864717589479295,0.344,0.0192
0.5,15,0.1,estimated_ratio,371843,9125,10000,0.9125,1.255275011062622,1.255275011062622,0.0,366.50841274731357,2.689036786220906,0.6035107003178178,0.0011639408251972625,0.006791776520161494,5.044796763962461e-06,0.06352824105207044,0.9932082234798385,0.367426210543141,2.689036786220906,0.9068021999594024,0.9178810013847895,0.9,0.8988360591748028,0.8932082234798385,0.8364717589479296,0.344,0.0192
0.5,15,0.2,estimated_ratio,371843,8000,10000,0.8,1.0627883672714231,1.0627883672714231,0.0,366.50841274731357,2.689036786220906,0.6035107003178178,0.0011639408251972625,0.006791776520161494,5.044796763962461e-06,0.06352824105207044,0.9932082234798385,0.367426210543141,2.689036786220906,0.7920456034485616,0.8077239975290326,0.8,0.7988360591748028,0.7932082234798385,0.7364717589479296,0.344,0.0192
0.5,15,0.05,estimated_ratio_clipped,371843,9450,10000,0.945,1.2823160886764526,1.2823160886764526,0.0,366.50841274731357,2.689036786220906,0.6035107003178178,0.0011639408251972625,0.006791776520161494,5.044796763960445e-06,0.06352824105205775,0.9932082234798385,0.367426210543141,2.689036786220906,0.9403583808486388,0.949299860601459,0.95,0.9488360591748027,0.9432082234798385,0.8864717589479422,0.344,0.0192
0.5,15,0.1,estimated_ratio_clipped,371843,9125,10000,0.9125,1.255275011062622,1.255275011062622,0.0,366.50841274731357,2.689036786220906,0.6035107003178178,0.0011639408251972625,0.006791776520161494,5.044796763960445e-06,0.06352824105205775,0.9932082234798385,0.367426210543141,2.689036786220906,0.9068021999594024,0.9178810013847895,0.9,0.8988360591748028,0.8932082234798385,0.8364717589479422,0.344,0.0192
0.5,15,0.2,estimated_ratio_clipped,371843,8000,10000,0.8,1.0627883672714231,1.0627883672714231,0.0,366.50841274731357,2.689036786220906,0.6035107003178178,0.0011639408251972625,0.006791776520161494,5.044796763960445e-06,0.06352824105205775,0.9932082234798385,0.367426210543141,2.689036786220906,0.7920456034485616,0.8077239975290326,0.8,0.7988360591748028,0.7932082234798385,0.7364717589479423,0.344,0.0192
0.5,16,0.05,unweighted,371844,8924,10000,0.8924,1.2339407205581665,1.2339407205581665,0.0,500.0,1.0,0.0,0.24614865332573765,0.4922973066514753,0.040395960972489514,5.684783969333541,1.0,1.0,1.0,0.8861751863061391,0.8983234517725538,0.95,0.7038513466742623,0.45770269334852465,-4.734783969333541,0.344,0.0192
0.5,16,0.1,unweighted,371844,8319,10000,0.8319,1.1282352209091189,1.1282352209091189,0.0,500.0,1.0,0.0,0.24614865332573765,0.4922973066514753,0.040395960972489514,5.684783969333541,1.0,1.0,1.0,0.8244434655152764,0.8391016363662684,0.9,0.6538513466742624,0.4077026933485247,-4.7847839693335406,0.344,0.0192
0.5,16,0.2,unweighted,371844,6539,10000,0.6539,0.9309626817703249,0.9309626817703248,0.0,500.0,1.0,0.0,0.24614865332573765,0.4922973066514753,0.040395960972489514,5.684783969333541,1.0,1.0,1.0,0.6445184564526403,0.6631633488488655,0.8,0.5538513466742624,0.30770269334852474,-4.884783969333541,0.344,0.0192
0.5,16,0.05,oracle_ratio,371844,9383,10000,0.9383,1.2808987477421758,1.279902100563049,0.0,367.9603656837245,2.6899666501187367,0.5990342244833684,8.456776945386935e-18,0.0,0.0,0.0,1.0,0.3678794411714424,2.7182818284590446,0.9334137292299749,0.9428496577982899,0.95,0.95,0.95,0.95,0.344,0.0192
0.5,16,0.1,oracle_ratio,371844,8924,10000,0.8924,1.2339407205581665,1.2339407205581665,0.0,367.9603656837245,2.6899666501187367,0.5990342244833684,8.456776945386935e-18,0.0,0.0,0.0,1.0,0.3678794411714424,2.7182818284590446,0.8861751863061391,0.8983234517725538,0.9,0.9,0.9,0.9,0.344,0.0192
0.5,16,0.2,oracle_ratio,371844,8092,10000,0.8092,1.0689456927776337,1.0730522871017456,0.0,367.9603656837245,2.6899666501187367,0.5990342244833684,8.456776945386935e-18,0.0,0.0,0.0,1.0,0.3678794411714424,2.7182818284590446,0.8013805103359567,0.816782025071617,0.8,0.8,0.8,0.8,0.344,0.0192
0.5,16,0.05,estimated_ratio,371844,9531,10000,0.9531,1.2845072978734968,1.279902100563049,0.0,361.23485239203626,2.7596463853925086,0.6197911612257501,0.008242442097221568,0.016355280249304757,5.0823219897303936e-05,0.20163971810594047,0.9977276854767417,0.3527053111356394,2.78968880430582,0.9487793069088936,0.9570727137675991,0.95,0.9417575579027784,0.9336447197506952,0.7483602818940595,0.344,0.0192
0.5,16,0.1,estimated_ratio,371844,9011,10000,0.9011,1.2366582143306732,1.2339407205581665,0.0,361.23485239203626,2.7596463853925086,0.6197911612257501,0.008242442097221568,0.016355280249304757,5.0823219897303936e-05,0.20163971810594047,0.9977276854767417,0.3527053111356394,2.78968880430582,0.8950940390146831,0.9067979174923602,0.9,0.8917575579027784,0.8836447197506953,0.6983602818940595,0.344,0.0192
0.5,16,0.2,estimated_ratio,371844,8092,10000,0.8092,1.0736007684707642,1.0730522871017456,0.0,361.23485239203626,2.7596463853925086,0.6197911612257501,0.008242442097221568,0.016355280249304757,5.0823219897303936e-05,0.20163971810594047,0.9977276854767417,0.3527053111356394,2.78968880430582,0.8013805103359567,0.816782025071617,0.8,0.7917575579027785,0.7836447197506953,0.5983602818940595,0.344,0.0192
0.5,16,0.05,estimated_ratio_clipped,371844,9531,10000,0.9531,1.2845072978734968,1.279902100563049,0.0,361.23485239203626,2.7596463853925086,0.6197911612257501,0.008242442097221568,0.016355280249304757,5.082321989730365e-05,0.20163971810593992,0.9977276854767417,0.3527053111356394,2.78968880430582,0.9487793069088936,0.9570727137675991,0.95,0.9417575579027784,0.9336447197506952,0.74836028189406,0.344,0.0192
0.5,16,0.1,estimated_ratio_clipped,371844,9011,10000,0.9011,1.2366582143306732,1.2339407205581665,0.0,361.23485239203626,2.7596463853925086,0.6197911612257501,0.008242442097221568,0.016355280249304757,5.082321989730365e-05,0.20163971810593992,0.9977276854767417,0.3527053111356394,2.78968880430582,0.8950940390146831,0.9067979174923602,0.9,0.8917575579027784,0.8836447197506953,0.6983602818940601,0.344,0.0192
0.5,16,0.2,estimated_ratio_clipped,371844,8092,10000,0.8092,1.0736007684707642,1.0730522871017456,0.0,361.23485239203626,2.7596463853925086,0.6197911612257501,0.008242442097221568,0.016355280249304757,5.082321989730365e-05,0.20163971810593992,0.9977276854767417,0.3527053111356394,2.78968880430582,0.8013805103359567,0.816782025071617,0.8,0.7917575579027785,0.7836447197506953,0.5983602818940601,0.344,0.0192
0.5,17,0.05,unweighted,371845,8976,10000,0.8976,1.2339407205581665,1.2339407205581665,0.0,500.0,1.0,0.0,0.24614865332573765,0.4922973066514753,0.040395960972489514,5.684783969333541,1.0,1.0,1.0,0.8915044080722658,0.9033902364233719,0.95,0.7038513466742623,0.45770269334852465,-4.734783969333541,0.354,0.0192
0.5,17,0.1,unweighted,371845,8372,10000,0.8372,1.1282352209091189,1.1282352209091189,0.0,500.0,1.0,0.0,0.24614865332573765,0.4922973066514753,0.040395960972489514,5.684783969333541,1.0,1.0,1.0,0.8298348907217667,0.8443061407770491,0.9,0.6538513466742624,0.4077026933485247,-4.7847839693335406,0.354,0.0192
0.5,17,0.2,unweighted,371845,6815,10000,0.6815,0.9388169050216677,0.9388169050216676,0.0,500.0,1.0,0.0,0.24614865332573765,0.4922973066514753,0.040395960972489514,5.684783969333541,1.0,1.0,1.0,0.6723004258828449,0.6905601827085994,0.8,0.5538513466742624,0.30770269334852474,-4.884783969333541,0.354,0.0192
0.5,17,0.05,oracle_ratio,371845,9482,10000,0.9482,1.2823160886764526,1.2823160886764526,0.0,364.67591131423194,2.7182818284590446,0.6091637017085588,8.456776945386935e-18,0.0,0.0,0.0,1.0,0.3678794411714424,2.7182818284590446,0.9436815857973975,0.952374198063128,0.95,0.95,0.95,0.95,0.354,0.0192
0.5,17,0.1,oracle_ratio,371845,9115,10000,0.9115,1.2505114674568176,1.2524614334106443,0.0,364.67591131423194,2.7182818284590446,0.6091637017085588,8.456776945386935e-18,0.0,0.0,0.0,1.0,0.3678794411714424,2.7182818284590446,0.9057741077491873,0.9169098615917458,0.9,0.9,0.9,0.9,0.354,0.0192
0.5,17,0.2,oracle_ratio,371845,8049,10000,0.8049,1.0627883672714231,1.0627883672714231,0.0,364.67591131423194,2.7182818284590446,0.6091637017085588,8.456776945386935e-18,0.0,0.0,0.0,1.0,0.3678794411714424,2.7182818284590446,0.7970166281294763,0.8125492096640851,0.8,0.8,0.8,0.8,0.354,0.0192
0.5,17,0.05,estimated_ratio,371845,9482,10000,0.9482,1.2823160886764526,1.2823160886764526,0.0,365.71823586387615,2.6988590843468976,0.6059477971798872,0.001247724355024691,0.00348785028985379,1.4676288669023455e-06,0.03426518777887955,0.9971235249364176,0.3690227281280077,2.6988590843468976,0.9436815857973975,0.952374198063128,0.95,0.9487522756449752,0.9465121497101462,0.9157348122211204,0.354,0.0192
0.5,17,0.1,estimated_ratio,371845,9115,10000,0.9115,1.2499032765626907,1.2524614334106443,0.0,365.71823586387615,2.6988590843468976,0.6059477971798872,0.001247724355024691,0.00348785028985379,1.4676288669023455e-06,0.03426518777887955,0.9971235249364176,0.3690227281280077,2.6988590843468976,0.9057741077491873,0.9169098615917458,0.9,0.8987522756449753,0.8965121497101463,0.8657348122211205,0.354,0.0192
0.5,17,0.2,estimated_ratio,371845,8049,10000,0.8049,1.0627883672714231,1.0627883672714231,0.0,365.71823586387615,2.6988590843468976,0.6059477971798872,0.001247724355024691,0.00348785028985379,1.4676288669023455e-06,0.03426518777887955,0.9971235249364176,0.3690227281280077,2.6988590843468976,0.7970166281294763,0.8125492096640851,0.8,0.7987522756449753,0.7965121497101463,0.7657348122211205,0.354,0.0192
0.5,17,0.05,estimated_ratio_clipped,371845,9482,10000,0.9482,1.2823160886764526,1.2823160886764526,0.0,365.71823586387615,2.6988590843468976,0.6059477971798872,0.001247724355024691,0.00348785028985379,1.4676288669001377e-06,0.034265187778853776,0.9971235249364176,0.3690227281280077,2.6988590843468976,0.9436815857973975,0.952374198063128,0.95,0.9487522756449752,0.9465121497101462,0.9157348122211462,0.354,0.0192
0.5,17,0.1,estimated_ratio_clipped,371845,9115,10000,0.9115,1.2499032765626907,1.2524614334106443,0.0,365.71823586387615,2.6988590843468976,0.6059477971798872,0.001247724355024691,0.00348785028985379,1.4676288669001377e-06,0.034265187778853776,0.9971235249364176,0.3690227281280077,2.6988590843468976,0.9057741077491873,0.9169098615917458,0.9,0.8987522756449753,0.8965121497101463,0.8657348122211462,0.354,0.0192
0.5,17,0.2,estimated_ratio_clipped,371845,8049,10000,0.8049,1.0627883672714231,1.0627883672714231,0.0,365.71823586387615,2.6988590843468976,0.6059477971798872,0.001247724355024691,0.00348785028985379,1.4676288669001377e-06,0.034265187778853776,0.9971235249364176,0.3690227281280077,2.6988590843468976,0.7970166281294763,0.8125492096640851,0.8,0.7987522756449753,0.7965121497101463,0.7657348122211463,0.354,0.0192
0.5,18,0.05,unweighted,371846,9292,10000,0.9292,1.257892370223999,1.257892370223999,0.0,500.0,1.0,0.0,0.24614865332573765,0.4922973066514753,0.040395960972489514,5.684783969333541,1.0,1.0,1.0,0.9240063309636144,0.9340640448349968,0.95,0.7038513466742623,0.45770269334852465,-4.734783969333541,0.346,0.0192
0.5,18,0.1,unweighted,371846,8147,10000,0.8147,1.0730522871017456,1.0730522871017456,0.0,500.0,1.0,0.0,0.24614865332573765,0.4922973066514753,0.040395960972489514,5.684783969333541,1.0,1.0,1.0,0.8069644003776943,0.8221939110478018,0.9,0.6538513466742624,0.4077026933485247,-4.7847839693335406,0.346,0.0192
0.5,18,0.2,unweighted,371846,6912,10000,0.6912,0.9429588913917542,0.9429588913917542,0.0,500.0,1.0,0.0,0.24614865332573765,0.4922973066514753,0.040395960972489514,5.684783969333541,1.0,1.0,1.0,0.6820730174588775,0.7001801415641759,0.8,0.5538513466742624,0.30770269334852474,-4.884783969333541,0.346,0.0192
0.5,18,0.05,oracle_ratio,371846,9698,10000,0.9698,1.314333438873291,1.314333438873291,0.0,359.90789356966604,2.7182818284590446,0.6238944852385323,8.456776945386935e-18,0.0,0.0,0.0,1.0,0.3678794411714424,2.7182818284590446,0.9662611643059092,0.972978030825003,0.95,0.95,0.95,0.95,0.346,0.0192
0.5,18,0.1,oracle_ratio,371846,9367,10000,0.9367,1.2739903926849363,1.2739903926849363,0.0,359.90789356966604,2.7182818284590446,0.6238944852385323,8.456776945386935e-18,0.0,0.0,0.0,1.0,0.3678794411714424,2.7182818284590446,0.931757731671807,0.9413068841512441,0.9,0.9,0.9,0.9,0.346,0.0192
0.5,18,0.2,oracle_ratio,371846,8147,10000,0.8147,1.0730522871017456,1.0730522871017456,0.0,359.90789356966604,2.7182818284590446,0.6238944852385323,8.456776945386935e-18,0.0,0.0,0.0,1.0,0.3678794411714424,2.7182818284590446,0.8069644003776943,0.8221939110478018,0.8,0.8,0.8,0.8,0.346,0.0192
0.5,18,0.05,estimated_ratio,371846,9698,10000,0.9698,1.314333438873291,1.314333438873291,0.0,364.3722172050533,2.668756311456915,0.6101009530178649,0.005212140827812095,0.010460703518405216,1.8354958695836565e-05,0.1211774193349126,0.9995715611137244,0.3769978766198386,2.668756311456915,0.9662611643059092,0.972978030825003,0.95,0.9447878591721879,0.9395392964815947,0.8288225806650873,0.346,0.0192
0.5,18,0.1,estimated_ratio,371846,9367,10000,0.9367,1.2739903926849363,1.2739903926849363,0.0,364.3722172050533,2.668756311456915,0.6101009530178649,0.005212140827812095,0.010460703518405216,1.8354958695836565e-05,0.1211774193349126,0.9995715611137244,0.3769978766198386,2.668756311456915,0.931757731671807,0.9413068841512441,0.9,0.894787859172188,0.8895392964815948,0.7788225806650875,0.346,0.0192
0.5,18,0.2,estimated_ratio,371846,8147,10000,0.8147,1.0730522871017456,1.0730522871017456,0.0,364.3722172050533,2.668756311456915,0.6101009530178649,0.005212140827812095,0.010460703518405216,1.8354958695836565e-05,0.1211774193349126,0.9995715611137244,0.3769978766198386,2.668756311456915,0.8069644003776943,0.8221939110478018,0.8,0.794787859172188,0.7895392964815948,0.6788225806650874,0.346,0.0192
0.5,18,0.05,estimated_ratio_clipped,371846,9698,10000,0.9698,1.314333438873291,1.314333438873291,0.0,364.3722172050533,2.668756311456915,0.6101009530178649,0.005212140827812095,0.010460703518405216,1.835495869583756e-05,0.12117741933491588,0.9995715611137244,0.3769978766198386,2.668756311456915,0.9662611643059092,0.972978030825003,0.95,0.9447878591721879,0.9395392964815947,0.8288225806650841,0.346,0.0192
0.5,18,0.1,estimated_ratio_clipped,371846,9367,10000,0.9367,1.2739903926849363,1.2739903926849363,0.0,364.3722172050533,2.668756311456915,0.6101009530178649,0.005212140827812095,0.010460703518405216,1.835495869583756e-05,0.12117741933491588,0.9995715611137244,0.3769978766198386,2.668756311456915,0.931757731671807,0.9413068841512441,0.9,0.894787859172188,0.8895392964815948,0.7788225806650841,0.346,0.0192
0.5,18,0.2,estimated_ratio_clipped,371846,8147,10000,0.8147,1.0730522871017456,1.0730522871017456,0.0,364.3722172050533,2.668756311456915,0.6101009530178649,0.005212140827812095,0.010460703518405216,1.835495869583756e-05,0.12117741933491588,0.9995715611137244,0.3769978766198386,2.668756311456915,0.8069644003776943,0.8221939110478018,0.8,0.794787859172188,0.7895392964815948,0.6788225806650842,0.346,0.0192
0.5,19,0.05,unweighted,371847,8949,10000,0.8949,1.2339407205581665,1.2339407205581665,0.0,500.0,1.0,0.0,0.24614865332573765,0.4922973066514753,0.040395960972489514,5.684783969333541,1.0,1.0,1.0,0.8887367391373258,0.9007599789495138,0.95,0.7038513466742623,0.45770269334852465,-4.734783969333541,0.35,0.0192
0.5,19,0.1,unweighted,371847,8287,10000,0.8287,1.1282352209091189,1.1282352209091189,0.0,500.0,1.0,0.0,0.24614865332573765,0.4922973066514753,0.040395960972489514,5.684783969333541,1.0,1.0,1.0,0.8211895449544578,0.8359580145166593,0.9,0.6538513466742624,0.4077026933485247,-4.7847839693335406,0.35,0.0192
0.5,19,0.2,unweighted,371847,6865,10000,0.6865,0.9496273398399351,0.9496273398399352,0.0,500.0,1.0,0.0,0.24614865332573765,0.4922973066514753,0.040395960972489514,5.684783969333541,1.0,1.0,1.0,0.6773372680826001,0.6955195005251374,0.8,0.5538513466742624,0.30770269334852474,-4.884783969333541,0.35,0.0192
0.5,19,0.05,oracle_ratio,371847,9406,10000,0.9406,1.2771519740581512,1.279902100563049,0.0,370.9094045044631,2.7182818284590446,0.5899475196575682,8.456776945386935e-18,0.0,0.0,0.0,1.0,0.3678794411714424,2.7182818284590446,0.9357958082816813,0.9450658123540785,0.95,0.95,0.95,0.95,0.35,0.0192
0.5,19,0.1,oracle_ratio,371847,9032,10000,0.9032,1.245755910873413,1.245755910873413,0.0,370.9094045044631,2.7182818284590446,0.5899475196575682,8.456776945386935e-18,0.0,0.0,0.0,1.0,0.3678794411714424,2.7182818284590446,0.8972488922620195,0.9088414514518669,0.9,0.9,0.9,0.9,0.35,0.0192
0.5,19,0.2,oracle_ratio,371847,8164,10000,0.8164,1.0946818831682206,1.0906329154968262,0.0,370.9094045044631,2.7182818284590446,0.5899475196575682,8.456776945386935e-18,0.0,0.0,0.0,1.0,0.3678794411714424,2.7182818284590446,0.80869083682636,0.8238661690046759,0.8,0.8,0.8,0.8,0.35,0.0192
0.5,19,0.05,estimated_ratio,371847,9406,10000,0.9406,1.2760488493680953,1.2739903926849363,0.0,376.27704540489697,2.6535623864471,0.5734179433854214,0.006686858315027162,0.013469461868262915,2.9768251336081433e-05,0.15431980128572337,0.9989612187746462,0.3794177863205705,2.6535623864471,0.9357958082816813,0.9450658123540785,0.95,0.9433131416849728,0.936530538131737,0.7956801987142765,0.35,0.0192
0.5,19,0.1,estimated_ratio,371847,9032,10000,0.9032,1.245755910873413,1.245755910873413,0.0,376.27704540489697,2.6535623864471,0.5734179433854214,0.006686858315027162,0.013469461868262915,2.9768251336081433e-05,0.15431980128572337,0.9989612187746462,0.3794177863205705,2.6535623864471,0.8972488922620195,0.9088414514518669,0.9,0.8933131416849729,0.8865305381317371,0.7456801987142767,0.35,0.0192
0.5,19,0.2,estimated_ratio,371847,8164,10000,0.8164,1.0906329154968262,1.0906329154968262,0.0,376.27704540489697,2.6535623864471,0.5734179433854214,0.006686858315027162,0.013469461868262915,2.9768251336081433e-05,0.15431980128572337,0.9989612187746462,0.3794177863205705,2.6535623864471,0.80869083682636,0.8238661690046759,0.8,0.7933131416849729,0.7865305381317371,0.6456801987142766,0.35,0.0192
0.5,19,0.05,estimated_ratio_clipped,371847,9406,10000,0.9406,1.2760488493680953,1.2739903926849363,0.0,376.27704540489697,2.6535623864471,0.5734179433854214,0.006686858315027162,0.013469461868262915,2.976825133608142e-05,0.1543198012857233,0.9989612187746462,0.3794177863205705,2.6535623864471,0.9357958082816813,0.9450658123540785,0.95,0.9433131416849728,0.936530538131737,0.7956801987142766,0.35,0.0192
0.5,19,0.1,estimated_ratio_clipped,371847,9032,10000,0.9032,1.245755910873413,1.245755910873413,0.0,376.27704540489697,2.6535623864471,0.5734179433854214,0.006686858315027162,0.013469461868262915,2.976825133608142e-05,0.1543198012857233,0.9989612187746462,0.3794177863205705,2.6535623864471,0.8972488922620195,0.9088414514518669,0.9,0.8933131416849729,0.8865305381317371,0.7456801987142767,0.35,0.0192
0.5,19,0.2,estimated_ratio_clipped,371847,8164,10000,0.8164,1.0906329154968262,1.0906329154968262,0.0,376.27704540489697,2.6535623864471,0.5734179433854214,0.006686858315027162,0.013469461868262915,2.976825133608142e-05,0.1543198012857233,0.9989612187746462,0.3794177863205705,2.6535623864471,0.80869083682636,0.8238661690046759,0.8,0.7933131416849729,0.7865305381317371,0.6456801987142767,0.35,0.0192
0.5,20,0.05,unweighted,371848,9115,10000,0.9115,1.255275011062622,1.255275011062622,0.0,500.0,1.0,0.0,0.24614865332573765,0.4922973066514753,0.040395960972489514,5.684783969333541,1.0,1.0,1.0,0.9057741077491873,0.9169098615917458,0.95,0.7038513466742623,0.45770269334852465,-4.734783969333541,0.352,0.0192
0.5,20,0.1,unweighted,371848,8106,10000,0.8106,1.0785813331604004,1.0785813331604004,0.0,500.0,1.0,0.0,0.24614865332573765,0.4922973066514753,0.040395960972489514,5.684783969333541,1.0,1.0,1.0,0.8028016293174715,0.8181598308946642,0.9,0.6538513466742624,0.4077026933485247,-4.7847839693335406,0.352,0.0192
0.5,20,0.2,unweighted,371848,6599,10000,0.6599,0.9356918334960938,0.9356918334960938,0.0,500.0,1.0,0.0,0.24614865332573765,0.4922973066514753,0.040395960972489514,5.684783969333541,1.0,1.0,1.0,0.6505549954477566,0.6691222018733011,0.8,0.5538513466742624,0.30770269334852474,-4.884783969333541,0.352,0.0192
0.5,20,0.05,oracle_ratio,371848,9434,10000,0.9434,1.2829366864204406,1.2823160886764526,0.0,363.9357003669035,2.7182818284590446,0.6114483330152042,8.456776945386935e-18,0.0,0.0,0.0,1.0,0.3678794411714424,2.7182818284590446,0.9386983847620681,0.9477610854828159,0.95,0.95,0.95,0.95,0.352,0.0192
0.5,20,0.1,oracle_ratio,371848,9187,10000,0.9187,1.257892370223999,1.257892370223999,0.0,363.9357003669035,2.7182818284590446,0.6114483330152042,8.456776945386935e-18,0.0,0.0,0.0,1.0,0.3678794411714424,2.7182818284590446,0.9131813464615568,0.9238970933028385,0.9,0.9,0.9,0.9,0.352,0.0192
0.5,20,0.2,oracle_ratio,371848,8106,10000,0.8106,1.0785813331604004,1.0785813331604004,0.0,363.9357003669035,2.7182818284590446,0.6114483330152042,8.456776945386935e-18,0.0,0.0,0.0,1.0,0.3678794411714424,2.7182818284590446,0.8028016293174715,0.8181598308946642,0.8,0.8,0.8,0.8,0.352,0.0192
0.5,20,0.05,estimated_ratio,371848,9522,10000,0.9522,1.2838323945045471,1.2823160886764526,0.0,361.57732854882556,2.7466966590777906,0.6187326263857792,0.002891918005619698,0.005834209360684779,5.592706759026522e-06,0.06688920247111052,1.0004764657123224,0.36296800021133924,2.7466966590777906,0.9478421117348034,0.9562106001387568,0.95,0.9471080819943802,0.9441657906393152,0.8831107975288894,0.352,0.0192
0.5,20,0.1,estimated_ratio,371848,9187,10000,0.9187,1.257892370223999,1.257892370223999,0.0,361.57732854882556,2.7466966590777906,0.6187326263857792,0.002891918005619698,0.005834209360684779,5.592706759026522e-06,0.06688920247111052,1.0004764657123224,0.36296800021133924,2.7466966590777906,0.9131813464615568,0.9238970933028385,0.9,0.8971080819943803,0.8941657906393152,0.8331107975288895,0.352,0.0192
0.5,20,0.2,estimated_ratio,371848,8106,10000,0.8106,1.0785813331604004,1.0785813331604004,0.0,361.57732854882556,2.7466966590777906,0.6187326263857792,0.002891918005619698,0.005834209360684779,5.592706759026522e-06,0.06688920247111052,1.0004764657123224,0.36296800021133924,2.7466966590777906,0.8028016293174715,0.8181598308946642,0.8,0.7971080819943803,0.7941657906393152,0.7331107975288895,0.352,0.0192
0.5,20,0.05,estimated_ratio_clipped,371848,9522,10000,0.9522,1.2838323945045471,1.2823160886764526,0.0,361.57732854882556,2.7466966590777906,0.6187326263857792,0.002891918005619698,0.005834209360684779,5.5927067590287046e-06,0.06688920247112357,1.0004764657123224,0.36296800021133924,2.7466966590777906,0.9478421117348034,0.9562106001387568,0.95,0.9471080819943802,0.9441657906393152,0.8831107975288763,0.352,0.0192
0.5,20,0.1,estimated_ratio_clipped,371848,9187,10000,0.9187,1.257892370223999,1.257892370223999,0.0,361.57732854882556,2.7466966590777906,0.6187326263857792,0.002891918005619698,0.005834209360684779,5.5927067590287046e-06,0.06688920247112357,1.0004764657123224,0.36296800021133924,2.7466966590777906,0.9131813464615568,0.9238970933028385,0.9,0.8971080819943803,0.8941657906393152,0.8331107975288765,0.352,0.0192
0.5,20,0.2,estimated_ratio_clipped,371848,8106,10000,0.8106,1.0785813331604004,1.0785813331604004,0.0,361.57732854882556,2.7466966590777906,0.6187326263857792,0.002891918005619698,0.005834209360684779,5.5927067590287046e-06,0.06688920247112357,1.0004764657123224,0.36296800021133924,2.7466966590777906,0.8028016293174715,0.8181598308946642,0.8,0.7971080819943803,0.7941657906393152,0.7331107975288764,0.352,0.0192
0.5,21,0.05,unweighted,371849,9026,10000,0.9026,1.245755910873413,1.245755910873413,0.0,500.0,1.0,0.0,0.24614865332573765,0.4922973066514753,0.040395960972489514,5.684783969333541,1.0,1.0,1.0,0.8966331357975725,0.9082576687143586,0.95,0.7038513466742623,0.45770269334852465,-4.734783969333541,0.34,0.0192
0.5,21,0.1,unweighted,371849,8187,10000,0.8187,1.0906329154968262,1.0906329154968262,0.0,500.0,1.0,0.0,0.24614865332573765,0.4922973066514753,0.040395960972489514,5.684783969333541,1.0,1.0,1.0,0.8110269923193644,0.8261282471191663,0.9,0.6538513466742624,0.4077026933485247,-4.7847839693335406,0.34,0.0192
0.5,21,0.2,unweighted,371849,6677,10000,0.6677,0.9388169050216677,0.9388169050216676,0.0,500.0,1.0,0.0,0.24614865332573765,0.4922973066514753,0.040395960972489514,5.684783969333541,1.0,1.0,1.0,0.6584049782482734,0.6768662286982016,0.8,0.5538513466742624,0.30770269334852474,-4.884783969333541,0.34,0.0192
0.5,21,0.05,oracle_ratio,371849,9489,10000,0.9489,1.2821191072463989,1.2823160886764526,0.0,372.4189149004781,2.7182818284590446,0.5852983241101735,8.456776945386935e-18,0.0,0.0,0.0,1.0,0.3678794411714424,2.7182818284590446,0.9444091361115192,0.9530461101512873,0.95,0.95,0.95,0.95,0.34,0.0192
0.5,21,0.1,oracle_ratio,371849,9026,10000,0.9026,1.245755910873413,1.245755910873413,0.0,372.4189149004781,2.7182818284590446,0.5852983241101735,8.456776945386935e-18,0.0,0.0,0.0,1.0,0.3678794411714424,2.7182818284590446,0.8966331357975725,0.9082576687143586,0.9,0.9,0.9,0.9,0.34,0.0192
0.5,21,0.2,oracle_ratio,371849,8061,10000,0.8061,1.0730522871017456,1.0730522871017456,0.0,372.4189149004781,2.7182818284590446,0.5852983241101735,8.456776945386935e-18,0.0,0.0,0.0,1.0,0.3678794411714424,2.7182818284590446,0.7982343078168455,0.8137306083806264,0.8,0.8,0.8,0.8,0.34,0.0192
0.5,21,0.05,estimated_ratio,371849,9489,10000,0.9489,1.2823160886764526,1.2823160886764526,0.0,364.91823427248795,2.8673594294098597,0.6084159377174586,0.009463058466810108,0.026348160815301554,8.054946767758884e-05,0.25384951081708046,1.0212520624099024,0.3588799650558917,2.8673594294098597,0.9444091361115192,0.9530461101512873,0.95,0.9405369415331899,0.9236518391846984,0.6961504891829196,0.34,0.0192
0.5,21,0.1,estimated_ratio,371849,9026,10000,0.9026,1.245755910873413,1.245755910873413,0.0,364.91823427248795,2.8673594294098597,0.6084159377174586,0.009463058466810108,0.026348160815301554,8.054946767758884e-05,0.25384951081708046,1.0212520624099024,0.3588799650558917,2.8673594294098597,0.8966331357975725,0.9082576687143586,0.9,0.89053694153319,0.8736518391846985,0.6461504891829195,0.34,0.0192
0.5,21,0.2,estimated_ratio,371849,8061,10000,0.8061,1.0737793566584588,1.0730522871017456,0.0,364.91823427248795,2.8673594294098597,0.6084159377174586,0.009463058466810108,0.026348160815301554,8.054946767758884e-05,0.25384951081708046,1.0212520624099024,0.3588799650558917,2.8673594294098597,0.7982343078168455,0.8137306083806264,0.8,0.79053694153319,0.7736518391846985,0.5461504891829196,0.34,0.0192
0.5,21,0.05,estimated_ratio_clipped,371849,9489,10000,0.9489,1.2823160886764526,1.2823160886764526,0.0,364.91823427248795,2.8673594294098597,0.6084159377174586,0.009463058466810108,0.026348160815301554,8.054946767758912e-05,0.2538495108170809,1.0212520624099024,0.3588799650558917,2.8673594294098597,0.9444091361115192,0.9530461101512873,0.95,0.9405369415331899,0.9236518391846984,0.6961504891829191,0.34,0.0192
0.5,21,0.1,estimated_ratio_clipped,371849,9026,10000,0.9026,1.245755910873413,1.245755910873413,0.0,364.91823427248795,2.8673594294098597,0.6084159377174586,0.009463058466810108,0.026348160815301554,8.054946767758912e-05,0.2538495108170809,1.0212520624099024,0.3588799650558917,2.8673594294098597,0.8966331357975725,0.9082576687143586,0.9,0.89053694153319,0.8736518391846985,0.6461504891829191,0.34,0.0192
0.5,21,0.2,estimated_ratio_clipped,371849,8061,10000,0.8061,1.0737793566584588,1.0730522871017456,0.0,364.91823427248795,2.8673594294098597,0.6084159377174586,0.009463058466810108,0.026348160815301554,8.054946767758912e-05,0.2538495108170809,1.0212520624099024,0.3588799650558917,2.8673594294098597,0.7982343078168455,0.8137306083806264,0.8,0.79053694153319,0.7736518391846985,0.5461504891829192,0.34,0.0192
0.5,22,0.05,unweighted,371850,9029,10000,0.9029,1.245755910873413,1.245755910873413,0.0,500.0,1.0,0.0,0.24614865332573765,0.4922973066514753,0.040395960972489514,5.684783969333541,1.0,1.0,1.0,0.8969410055497107,0.9085495685631981,0.95,0.7038513466742623,0.45770269334852465,-4.734783969333541,0.342,0.0192
0.5,22,0.1,unweighted,371850,8369,10000,0.8369,1.135647535324097,1.135647535324097,0.0,500.0,1.0,0.0,0.24614865332573765,0.4922973066514753,0.040395960972489514,5.684783969333541,1.0,1.0,1.0,0.8295296437433402,0.8440116181544979,0.9,0.6538513466742624,0.4077026933485247,-4.7847839693335406,0.342,0.0192
0.5,22,0.2,unweighted,371850,6908,10000,0.6908,0.95711350440979,0.95711350440979,0.0,500.0,1.0,0.0,0.24614865332573765,0.4922973066514753,0.040395960972489514,5.684783969333541,1.0,1.0,1.0,0.6816699324472231,0.6997835337745266,0.8,0.5538513466742624,0.30770269334852474,-4.884783969333541,0.342,0.0192
0.5,22,0.05,oracle_ratio,371850,9567,10000,0.9567,1.2913963293790818,1.2983108758926392,0.0,370.86250225047894,2.7182818284590446,0.5900919925606594,8.456776945386935e-18,0.0,0.0,0.0,1.0,0.3678794411714424,2.7182818284590446,0.9525323942206076,0.9605168616676163,0.95,0.95,0.95,0.95,0.342,0.0192
0.5,22,0.1,oracle_ratio,371850,9168,10000,0.9168,1.255275011062622,1.255275011062622,0.0,370.86250225047894,2.7182818284590446,0.5900919925606594,8.456776945386935e-18,0.0,0.0,0.0,1.0,0.3678794411714424,2.7182818284590446,0.9112255102904047,0.9220543886677991,0.9,0.9,0.9,0.9,0.342,0.0192
0.5,22,0.2,oracle_ratio,371850,8184,10000,0.8184,1.0986460363984107,1.0906329154968262,0.0,370.86250225047894,2.7182818284590446,0.5900919925606594,8.456776945386935e-18,0.0,0.0,0.0,1.0,0.3678794411714424,2.7182818284590446,0.8107222508470776,0.8258332189904755,0.8,0.8,0.8,0.8,0.342,0.0192
0.5,22,0.05,estimated_ratio,371850,9567,10000,0.9567,1.2863611703634261,1.2823160886764526,0.0,380.22191192413425,2.6135117436447293,0.5612677872980456,0.011757388839052356,0.02344541439817071,9.717127057824257e-05,0.2788135872991021,1.0013447856332283,0.3895492740352368,2.6135117436447293,0.9525323942206076,0.9605168616676163,0.95,0.9382426111609476,0.9265545856018292,0.6711864127008978,0.342,0.0192
0.5,22,0.1,estimated_ratio,371850,9168,10000,0.9168,1.255275011062622,1.255275011062622,0.0,380.22191192413425,2.6135117436447293,0.5612677872980456,0.011757388839052356,0.02344541439817071,9.717127057824257e-05,0.2788135872991021,1.0013447856332283,0.3895492740352368,2.6135117436447293,0.9112255102904047,0.9220543886677991,0.9,0.8882426111609477,0.8765545856018293,0.6211864127008979,0.342,0.0192
0.5,22,0.2,estimated_ratio,371850,8122,10000,0.8122,1.0764277677536012,1.0730522871017456,0.0,380.22191192413425,2.6135117436447293,0.5612677872980456,0.011757388839052356,0.02344541439817071,9.717127057824257e-05,0.2788135872991021,1.0013447856332283,0.3895492740352368,2.6135117436447293,0.8044259606827612,0.8197342707345884,0.8,0.7882426111609477,0.7765545856018293,0.5211864127008979,0.342,0.0192
0.5,22,0.05,estimated_ratio_clipped,371850,9567,10000,0.9567,1.2863611703634261,1.2823160886764526,0.0,380.22191192413425,2.6135117436447293,0.5612677872980456,0.011757388839052356,0.02344541439817071,9.71712705782431e-05,0.2788135872991029,1.0013447856332283,0.3895492740352368,2.6135117436447293,0.9525323942206076,0.9605168616676163,0.95,0.9382426111609476,0.9265545856018292,0.6711864127008971,0.342,0.0192
0.5,22,0.1,estimated_ratio_clipped,371850,9168,10000,0.9168,1.255275011062622,1.255275011062622,0.0,380.22191192413425,2.6135117436447293,0.5612677872980456,0.011757388839052356,0.02344541439817071,9.71712705782431e-05,0.2788135872991029,1.0013447856332283,0.3895492740352368,2.6135117436447293,0.9112255102904047,0.9220543886677991,0.9,0.8882426111609477,0.8765545856018293,0.6211864127008971,0.342,0.0192
0.5,22,0.2,estimated_ratio_clipped,371850,8122,10000,0.8122,1.0764277677536012,1.0730522871017456,0.0,380.22191192413425,2.6135117436447293,0.5612677872980456,0.011757388839052356,0.02344541439817071,9.71712705782431e-05,0.2788135872991029,1.0013447856332283,0.3895492740352368,2.6135117436447293,0.8044259606827612,0.8197342707345884,0.8,0.7882426111609477,0.7765545856018293,0.5211864127008972,0.342,0.0192
0.5,23,0.05,unweighted,371851,8987,10000,0.8987,1.245755910873413,1.245755910873413,0.0,500.0,1.0,0.0,0.24614865332573765,0.4922973066514753,0.040395960972489514,5.684783969333541,1.0,1.0,1.0,0.892632341339866,0.9044614583593564,0.95,0.7038513466742623,0.45770269334852465,-4.734783969333541,0.352,0.0192
0.5,23,0.1,unweighted,371851,8389,10000,0.8389,1.1369203329086304,1.1369203329086304,0.0,500.0,1.0,0.0,0.24614865332573765,0.4922973066514753,0.040395960972489514,5.684783969333541,1.0,1.0,1.0,0.8315647895442666,0.8459749363600888,0.9,0.6538513466742624,0.4077026933485247,-4.7847839693335406,0.352,0.0192
0.5,23,0.2,unweighted,371851,6923,10000,0.6923,0.95711350440979,0.95711350440979,0.0,500.0,1.0,0.0,0.24614865332573765,0.4922973066514753,0.040395960972489514,5.684783969333541,1.0,1.0,1.0,0.6831815422330554,0.7012707719935825,0.8,0.5538513466742624,0.30770269334852474,-4.884783969333541,0.352,0.0192
0.5,23,0.05,oracle_ratio,371851,9469,10000,0.9469,1.2811911702156067,1.2823160886764526,0.0,365.2207647837936,2.7182818284590446,0.6074824881406151,8.456776945386935e-18,0.0,0.0,0.0,1.0,0.3678794411714424,2.7182818284590446,0.9423310012839434,0.9511257809723457,0.95,0.95,0.95,0.95,0.352,0.0192
0.5,23,0.1,oracle_ratio,371851,8987,10000,0.8987,1.246635475730896,1.245755910873413,0.0,365.2207647837936,2.7182818284590446,0.6074824881406151,8.456776945386935e-18,0.0,0.0,0.0,1.0,0.3678794411714424,2.7182818284590446,0.892632341339866,0.9044614583593564,0.9,0.9,0.9,0.9,0.352,0.0192
0.5,23,0.2,oracle_ratio,371851,8192,10000,0.8192,1.1084955743312837,1.0906329154968262,0.0,365.2207647837936,2.7182818284590446,0.6074824881406151,8.456776945386935e-18,0.0,0.0,0.0,1.0,0.3678794411714424,2.7182818284590446,0.8115349119009054,0.8266199435392547,0.8,0.8,0.8,0.8,0.352,0.0192
0.5,23,0.05,estimated_ratio,371851,9469,10000,0.9469,1.2809507369995117,1.279902100563049,0.0,368.3833164372129,2.6866779691828127,0.5977306075486392,0.003809280340526659,0.007577822432354615,1.1058623037281538e-05,0.09405795250708592,1.0014220651848889,0.37517967945173636,2.6866779691828127,0.9423310012839434,0.9511257809723457,0.95,0.9461907196594733,0.9424221775676453,0.855942047492914,0.352,0.0192
0.5,23,0.1,estimated_ratio,371851,8987,10000,0.8987,1.245755910873413,1.245755910873413,0.0,368.3833164372129,2.6866779691828127,0.5977306075486392,0.003809280340526659,0.007577822432354615,1.1058623037281538e-05,0.09405795250708592,1.0014220651848889,0.37517967945173636,2.6866779691828127,0.892632341339866,0.9044614583593564,0.9,0.8961907196594734,0.8924221775676454,0.8059420474929141,0.352,0.0192
0.5,23,0.2,estimated_ratio,371851,8192,10000,0.8192,1.0925307814359666,1.0906329154968262,0.0,368.3833164372129,2.6866779691828127,0.5977306075486392,0.003809280340526659,0.007577822432354615,1.1058623037281538e-05,0.09405795250708592,1.0014220651848889,0.37517967945173636,2.6866779691828127,0.8115349119009054,0.8266199435392547,0.8,0.7961907196594734,0.7924221775676454,0.7059420474929141,0.352,0.0192
0.5,23,0.05,estimated_ratio_clipped,371851,9469,10000,0.9469,1.2809507369995117,1.279902100563049,0.0,368.3833164372129,2.6866779691828127,0.5977306075486392,0.003809280340526659,0.007577822432354615,1.1058623037281383e-05,0.09405795250708526,1.0014220651848889,0.37517967945173636,2.6866779691828127,0.9423310012839434,0.9511257809723457,0.95,0.9461907196594733,0.9424221775676453,0.8559420474929147,0.352,0.0192
0.5,23,0.1,estimated_ratio_clipped,371851,8987,10000,0.8987,1.245755910873413,1.245755910873413,0.0,368.3833164372129,2.6866779691828127,0.5977306075486392,0.003809280340526659,0.007577822432354615,1.1058623037281383e-05,0.09405795250708526,1.0014220651848889,0.37517967945173636,2.6866779691828127,0.892632341339866,0.9044614583593564,0.9,0.8961907196594734,0.8924221775676454,0.8059420474929148,0.352,0.0192
0.5,23,0.2,estimated_ratio_clipped,371851,8192,10000,0.8192,1.0925307814359666,1.0906329154968262,0.0,368.3833164372129,2.6866779691828127,0.5977306075486392,0.003809280340526659,0.007577822432354615,1.1058623037281383e-05,0.09405795250708526,1.0014220651848889,0.37517967945173636,2.6866779691828127,0.8115349119009054,0.8266199435392547,0.8,0.7961907196594734,0.7924221775676454,0.7059420474929148,0.352,0.0192
0.5,24,0.05,unweighted,371852,8993,10000,0.8993,1.245755910873413,1.245755910873413,0.0,500.0,1.0,0.0,0.24614865332573765,0.4922973066514753,0.040395960972489514,5.684783969333541,1.0,1.0,1.0,0.8932476683023729,0.9050456705988048,0.95,0.7038513466742623,0.45770269334852465,-4.734783969333541,0.346,0.0192
0.5,24,0.1,unweighted,371852,8098,10000,0.8098,1.0785813331604004,1.0785813331604004,0.0,500.0,1.0,0.0,0.24614865332573765,0.4922973066514753,0.040395960972489514,5.684783969333541,1.0,1.0,1.0,0.8019895418839755,0.8173725327255532,0.9,0.6538513466742624,0.4077026933485247,-4.7847839693335406,0.346,0.0192
0.5,24,0.2,unweighted,371852,6296,10000,0.6296,0.9269172549247742,0.9269172549247742,0.0,500.0,1.0,0.0,0.24614865332573765,0.4922973066514753,0.040395960972489514,5.684783969333541,1.0,1.0,1.0,0.6200870223441648,0.639013445278156,0.8,0.5538513466742624,0.30770269334852474,-4.884783969333541,0.346,0.0192
0.5,24,0.05,oracle_ratio,371852,9531,10000,0.9531,1.2998615899562835,1.2983108758926392,0.0,366.09444518525294,2.7182818284590446,0.6047873893871802,8.456776945386935e-18,0.0,0.0,0.0,1.0,0.3678794411714424,2.7182818284590446,0.9487793069088936,0.9570727137675991,0.95,0.95,0.95,0.95,0.346,0.0192
0.5,24,0.1,oracle_ratio,371852,8993,10000,0.8993,1.245755910873413,1.245755910873413,0.0,366.09444518525294,2.7182818284590446,0.6047873893871802,8.456776945386935e-18,0.0,0.0,0.0,1.0,0.3678794411714424,2.7182818284590446,0.8932476683023729,0.9050456705988048,0.9,0.9,0.9,0.9,0.346,0.0192
0.5,24,0.2,oracle_ratio,371852,8010,10000,0.801,1.0730522871017456,1.0730522871017456,0.0,366.09444518525294,2.7182818284590446,0.6047873893871802,8.456776945386935e-18,0.0,0.0,0.0,1.0,0.3678794411714424,2.7182818284590446,0.7930599474454902,0.8087088855353626,0.8,0.8,0.8,0.8,0.346,0.0192
0.5,24,0.05,estimated_ratio,371852,9531,10000,0.9531,1.2997094002485274,1.2983108758926392,0.0,367.3843209054585,2.6614171341555366,0.6008099659486217,0.001512155176585118,0.015814668476812316,2.7096994486658757e-05,0.1472331334629777,0.9841853315231877,0.364696061101934,2.6614171341555366,0.9487793069088936,0.9570727137675991,0.95,0.9484878448234149,0.9341853315231876,0.8027668665370222,0.346,0.0192
0.5,24,0.1,estimated_ratio,371852,8993,10000,0.8993,1.245755910873413,1.245755910873413,0.0,367.3843209054585,2.6614171341555366,0.6008099659486217,0.001512155176585118,0.015814668476812316,2.7096994486658757e-05,0.1472331334629777,0.9841853315231877,0.364696061101934,2.6614171341555366,0.8932476683023729,0.9050456705988048,0.9,0.8984878448234149,0.8841853315231877,0.7527668665370223,0.346,0.0192
0.5,24,0.2,estimated_ratio,371852,8010,10000,0.801,1.0730522871017456,1.0730522871017456,0.0,367.3843209054585,2.6614171341555366,0.6008099659486217,0.001512155176585118,0.015814668476812316,2.7096994486658757e-05,0.1472331334629777,0.9841853315231877,0.364696061101934,2.6614171341555366,0.7930599474454902,0.8087088855353626,0.8,0.798487844823415,0.7841853315231877,0.6527668665370223,0.346,0.0192
0.5,24,0.05,estimated_ratio_clipped,371852,9531,10000,0.9531,1.2997094002485274,1.2983108758926392,0.0,367.3843209054585,2.6614171341555366,0.6008099659486217,0.001512155176585118,0.015814668476812316,2.7096994486658733e-05,0.14723313346297764,0.9841853315231877,0.364696061101934,2.6614171341555366,0.9487793069088936,0.9570727137675991,0.95,0.9484878448234149,0.9341853315231876,0.8027668665370223,0.346,0.0192
0.5,24,0.1,estimated_ratio_clipped,371852,8993,10000,0.8993,1.245755910873413,1.245755910873413,0.0,367.3843209054585,2.6614171341555366,0.6008099659486217,0.001512155176585118,0.015814668476812316,2.7096994486658733e-05,0.14723313346297764,0.9841853315231877,0.364696061101934,2.6614171341555366,0.8932476683023729,0.9050456705988048,0.9,0.8984878448234149,0.8841853315231877,0.7527668665370224,0.346,0.0192
0.5,24,0.2,estimated_ratio_clipped,371852,8010,10000,0.801,1.0730522871017456,1.0730522871017456,0.0,367.3843209054585,2.6614171341555366,0.6008099659486217,0.001512155176585118,0.015814668476812316,2.7096994486658733e-05,0.14723313346297764,0.9841853315231877,0.364696061101934,2.6614171341555366,0.7930599474454902,0.8087088855353626,0.8,0.798487844823415,0.7841853315231877,0.6527668665370224,0.346,0.0192
0.5,25,0.05,unweighted,371853,8731,10000,0.8731,1.20262348651886,1.20262348651886,0.0,500.0,1.0,0.0,0.24614865332573765,0.4922973066514753,0.040395960972489514,5.684783969333541,1.0,1.0,1.0,0.8664324555761751,0.879481004839626,0.95,0.7038513466742623,0.45770269334852465,-4.734783969333541,0.354,0.0192
0.5,25,0.1,unweighted,371853,8004,10000,0.8004,1.0627883672714231,1.0627883672714231,0.0,500.0,1.0,0.0,0.24614865332573765,0.4922973066514753,0.040395960972489514,5.684783969333541,1.0,1.0,1.0,0.7924513318441013,0.8081179619347962,0.9,0.6538513466742624,0.4077026933485247,-4.7847839693335406,0.354,0.0192
0.5,25,0.2,unweighted,371853,6631,10000,0.6631,0.9356918334960938,0.9356918334960938,0.0,500.0,1.0,0.0,0.24614865332573765,0.4922973066514753,0.040395960972489514,5.684783969333541,1.0,1.0,1.0,0.6537751595298945,0.6722995802015909,0.8,0.5538513466742624,0.30770269334852474,-4.884783969333541,0.354,0.0192
0.5,25,0.05,oracle_ratio,371853,9354,10000,0.9354,1.2739903926849363,1.2739903926849363,0.0,371.89811304003837,2.6899666501187367,0.5869022522082139,8.456776945386935e-18,0.0,0.0,0.0,1.0,0.3678794411714424,2.7182818284590446,0.930412873337269,0.9400527408815458,0.95,0.95,0.95,0.95,0.354,0.0192
0.5,25,0.1,oracle_ratio,371853,8731,10000,0.8731,1.20262348651886,1.20262348651886,0.0,371.89811304003837,2.6899666501187367,0.5869022522082139,8.456776945386935e-18,0.0,0.0,0.0,1.0,0.3678794411714424,2.7182818284590446,0.8664324555761751,0.879481004839626,0.9,0.9,0.9,0.9,0.354,0.0192
0.5,25,0.2,oracle_ratio,371853,7793,10000,0.7793,1.0344692468643188,1.0344692468643188,0.0,371.89811304003837,2.6899666501187367,0.5869022522082139,8.456776945386935e-18,0.0,0.0,0.0,1.0,0.3678794411714424,2.7182818284590446,0.7710652673367575,0.7873202311733825,0.8,0.8,0.8,0.8,0.354,0.0192
0.5,25,0.05,estimated_ratio,371853,9354,10000,0.9354,1.271810050725937,1.2739903926849363,0.0,377.4782844176609,2.604211864557476,0.5697187967106635,0.006967094003180168,0.01584517779992322,3.2774559014249206e-05,0.16192481962750294,0.9913663070819698,0.3770342596004498,2.6308352842977323,0.930412873337269,0.9400527408815458,0.95,0.9430329059968198,0.9341548222000767,0.788075180372497,0.354,0.0192
0.5,25,0.1,estimated_ratio,371853,8731,10000,0.8731,1.20262348651886,1.20262348651886,0.0,377.4782844176609,2.604211864557476,0.5697187967106635,0.006967094003180168,0.01584517779992322,3.2774559014249206e-05,0.16192481962750294,0.9913663070819698,0.3770342596004498,2.6308352842977323,0.8664324555761751,0.879481004839626,0.9,0.8930329059968198,0.8841548222000768,0.7380751803724971,0.354,0.0192
0.5,25,0.2,estimated_ratio,371853,7793,10000,0.7793,1.032737044930458,1.031848669052124,0.0,377.4782844176609,2.604211864557476,0.5697187967106635,0.006967094003180168,0.01584517779992322,3.2774559014249206e-05,0.16192481962750294,0.9913663070819698,0.3770342596004498,2.6308352842977323,0.7710652673367575,0.7873202311733825,0.8,0.7930329059968199,0.7841548222000768,0.6380751803724971,0.354,0.0192
0.5,25,0.05,estimated_ratio_clipped,371853,9354,10000,0.9354,1.271810050725937,1.2739903926849363,0.0,377.4782844176609,2.604211864557476,0.5697187967106635,0.006967094003180168,0.01584517779992322,3.277455901425071e-05,0.16192481962750666,0.9913663070819698,0.3770342596004498,2.6308352842977323,0.930412873337269,0.9400527408815458,0.95,0.9430329059968198,0.9341548222000767,0.7880751803724932,0.354,0.0192
0.5,25,0.1,estimated_ratio_clipped,371853,8731,10000,0.8731,1.20262348651886,1.20262348651886,0.0,377.4782844176609,2.604211864557476,0.5697187967106635,0.006967094003180168,0.01584517779992322,3.277455901425071e-05,0.16192481962750666,0.9913663070819698,0.3770342596004498,2.6308352842977323,0.8664324555761751,0.879481004839626,0.9,0.8930329059968198,0.8841548222000768,0.7380751803724934,0.354,0.0192
0.5,25,0.2,estimated_ratio_clipped,371853,7793,10000,0.7793,1.032737044930458,1.031848669052124,0.0,377.4782844176609,2.604211864557476,0.5697187967106635,0.006967094003180168,0.01584517779992322,3.277455901425071e-05,0.16192481962750666,0.9913663070819698,0.3770342596004498,2.6308352842977323,0.7710652673367575,0.7873202311733825,0.8,0.7930329059968199,0.7841548222000768,0.6380751803724933,0.354,0.0192
0.5,26,0.05,unweighted,371854,8835,10000,0.8835,1.2281887531280518,1.2281887531280518,0.0,500.0,1.0,0.0,0.24614865332573765,0.4922973066514753,0.040395960972489514,5.684783969333541,1.0,1.0,1.0,0.8770641934867991,0.8896412797628919,0.95,0.7038513466742623,0.45770269334852465,-4.734783969333541,0.342,0.0192
0.5,26,0.1,unweighted,371854,8260,10000,0.826,1.0906329154968262,1.0906329154968262,0.0,500.0,1.0,0.0,0.24614865332573765,0.4922973066514753,0.040395960972489514,5.684783969333541,1.0,1.0,1.0,0.8184447793355597,0.833304853726759,0.9,0.6538513466742624,0.4077026933485247,-4.7847839693335406,0.342,0.0192
0.5,26,0.2,unweighted,371854,6833,10000,0.6833,0.9429588913917542,0.9429588913917542,0.0,500.0,1.0,0.0,0.24614865332573765,0.4922973066514753,0.040395960972489514,5.684783969333541,1.0,1.0,1.0,0.67411354881803,0.6923456773792801,0.8,0.5538513466742624,0.30770269334852474,-4.884783969333541,0.342,0.0192
0.5,26,0.05,oracle_ratio,371854,9578,10000,0.9578,1.2985211498379707,1.2983108758926392,0.0,373.477652878281,2.7182818284590446,0.5820379595758235,8.456776945386935e-18,0.0,0.0,0.0,1.0,0.3678794411714424,2.7182818284590446,0.9536806290886503,0.9615677820031582,0.95,0.95,0.95,0.95,0.342,0.0192
0.5,26,0.1,oracle_ratio,371854,9145,10000,0.9145,1.2509795129299164,1.2524614334106443,0.0,373.477652878281,2.7182818284590446,0.5820379595758235,8.456776945386935e-18,0.0,0.0,0.0,1.0,0.3678794411714424,2.7182818284590446,0.9088590381844195,0.9198226271662895,0.9,0.9,0.9,0.9,0.342,0.0192
0.5,26,0.2,oracle_ratio,371854,8224,10000,0.8224,1.0714981879591943,1.0785813331604004,0.0,373.477652878281,2.7182818284590446,0.5820379595758235,8.456776945386935e-18,0.0,0.0,0.0,1.0,0.3678794411714424,2.7182818284590446,0.814786108612755,0.8297662892378328,0.8,0.8,0.8,0.8,0.342,0.0192
0.5,26,0.05,estimated_ratio,371854,9578,10000,0.9578,1.2993599942922591,1.2983108758926392,0.0,366.68830225195336,2.788959659417423,0.6029559730721661,0.008206158352518653,0.016280689939691267,5.0650289739620464e-05,0.2012963779895117,0.9975902546183835,0.35271903094419094,2.788959659417423,0.9536806290886503,0.9615677820031582,0.95,0.9417938416474813,0.9337193100603087,0.7487036220104882,0.342,0.0192
0.5,26,0.1,estimated_ratio,371854,9145,10000,0.9145,1.2530731051921844,1.2524614334106443,0.0,366.68830225195336,2.788959659417423,0.6029559730721661,0.008206158352518653,0.016280689939691267,5.0650289739620464e-05,0.2012963779895117,0.9975902546183835,0.35271903094419094,2.788959659417423,0.9088590381844195,0.9198226271662895,0.9,0.8917938416474813,0.8837193100603088,0.6987036220104883,0.342,0.0192
0.5,26,0.2,estimated_ratio,371854,8224,10000,0.8224,1.0785813331604004,1.0785813331604004,0.0,366.68830225195336,2.788959659417423,0.6029559730721661,0.008206158352518653,0.016280689939691267,5.0650289739620464e-05,0.2012963779895117,0.9975902546183835,0.35271903094419094,2.788959659417423,0.814786108612755,0.8297662892378328,0.8,0.7917938416474813,0.7837193100603088,0.5987036220104883,0.342,0.0192
0.5,26,0.05,estimated_ratio_clipped,371854,9578,10000,0.9578,1.2993599942922591,1.2983108758926392,0.0,366.68830225195336,2.788959659417423,0.6029559730721661,0.008206158352518653,0.016280689939691267,5.065028973962107e-05,0.2012963779895129,0.9975902546183835,0.35271903094419094,2.788959659417423,0.9536806290886503,0.9615677820031582,0.95,0.9417938416474813,0.9337193100603087,0.748703622010487,0.342,0.0192
0.5,26,0.1,estimated_ratio_clipped,371854,9145,10000,0.9145,1.2530731051921844,1.2524614334106443,0.0,366.68830225195336,2.788959659417423,0.6029559730721661,0.008206158352518653,0.016280689939691267,5.065028973962107e-05,0.2012963779895129,0.9975902546183835,0.35271903094419094,2.788959659417423,0.9088590381844195,0.9198226271662895,0.9,0.8917938416474813,0.8837193100603088,0.6987036220104872,0.342,0.0192
0.5,26,0.2,estimated_ratio_clipped,371854,8224,10000,0.8224,1.0785813331604004,1.0785813331604004,0.0,366.68830225195336,2.788959659417423,0.6029559730721661,0.008206158352518653,0.016280689939691267,5.065028973962107e-05,0.2012963779895129,0.9975902546183835,0.35271903094419094,2.788959659417423,0.814786108612755,0.8297662892378328,0.8,0.7917938416474813,0.7837193100603088,0.5987036220104871,0.342,0.0192
0.5,27,0.05,unweighted,371855,8817,10000,0.8817,1.2281887531280518,1.2281887531280518,0.0,500.0,1.0,0.0,0.24614865332573765,0.4922973066514753,0.040395960972489514,5.684783969333541,1.0,1.0,1.0,0.8752229874188576,0.8878838682249678,0.95,0.7038513466742623,0.45770269334852465,-4.734783969333541,0.344,0.0192
0.5,27,0.1,unweighted,371855,8253,10000,0.8253,1.0906329154968262,1.0906329154968262,0.0,500.0,1.0,0.0,0.24614865332573765,0.4922973066514753,0.040395960972489514,5.684783969333541,1.0,1.0,1.0,0.8177332808311709,0.832616889828867,0.9,0.6538513466742624,0.4077026933485247,-4.7847839693335406,0.344,0.0192
0.5,27,0.2,unweighted,371855,6686,10000,0.6686,0.9334120154380798,0.9334120154380798,0.0,500.0,1.0,0.0,0.24614865332573765,0.4922973066514753,0.040395960972489514,5.684783969333541,1.0,1.0,1.0,0.6593109279864671,0.6777595877629408,0.8,0.5538513466742624,0.30770269334852474,-4.884783969333541,0.344,0.0192
0.5,27,0.05,oracle_ratio,371855,9578,10000,0.9578,1.2949959940314293,1.2983108758926392,0.0,370.3530272750905,2.7182818284590446,0.591661405317762,8.456776945386935e-18,0.0,0.0,0.0,1.0,0.3678794411714424,2.7182818284590446,0.9536806290886503,0.9615677820031582,0.95,0.95,0.95,0.95,0.344,0.0192
0.5,27,0.1,oracle_ratio,371855,8968,10000,0.8968,1.2337521933794022,1.2339407205581665,0.0,370.3530272750905,2.7182818284590446,0.591661405317762,8.456776945386935e-18,0.0,0.0,0.0,1.0,0.3678794411714424,2.7182818284590446,0.8906842265729811,0.90261103232005,0.9,0.9,0.9,0.9,0.344,0.0192
0.5,27,0.2,oracle_ratio,371855,8134,10000,0.8134,1.0730522871017456,1.0730522871017456,0.0,370.3530272750905,2.7182818284590446,0.591661405317762,8.456776945386935e-18,0.0,0.0,0.0,1.0,0.3678794411714424,2.7182818284590446,0.8056443471498967,0.8209149626713631,0.8,0.8,0.8,0.8,0.344,0.0192
0.5,27,0.05,estimated_ratio,371855,9578,10000,0.9578,1.2983108758926392,1.2983108758926392,0.0,359.7875960888597,2.876021717930609,0.6242666354996634,0.012454827997834036,0.02814712138216118,0.00010176128293917701,0.2853226705877779,1.0139749515803023,0.35114622068203716,2.876021717930609,0.9536806290886503,0.9615677820031582,0.95,0.9375451720021659,0.9218528786178388,0.6646773294122221,0.344,0.0192
0.5,27,0.1,estimated_ratio,371855,9049,10000,0.9049,1.240155510663986,1.245755910873413,0.0,359.7875960888597,2.876021717930609,0.6242666354996634,0.012454827997834036,0.02814712138216118,0.00010176128293917701,0.2853226705877779,1.0139749515803023,0.35114622068203716,2.876021717930609,0.8989939074166133,0.9104951307028128,0.9,0.887545172002166,0.8718528786178389,0.6146773294122221,0.344,0.0192
0.5,27,0.2,estimated_ratio,371855,8134,10000,0.8134,1.0730522871017456,1.0730522871017456,0.0,359.7875960888597,2.876021717930609,0.6242666354996634,0.012454827997834036,0.02814712138216118,0.00010176128293917701,0.2853226705877779,1.0139749515803023,0.35114622068203716,2.876021717930609,0.8056443471498967,0.8209149626713631,0.8,0.787545172002166,0.7718528786178389,0.5146773294122222,0.344,0.0192
0.5,27,0.05,estimated_ratio_clipped,371855,9578,10000,0.9578,1.2983108758926392,1.2983108758926392,0.0,359.7875960888597,2.876021717930609,0.6242666354996634,0.012454827997834036,0.02814712138216118,0.0001017612829391773,0.28532267058777827,1.0139749515803023,0.35114622068203716,2.876021717930609,0.9536806290886503,0.9615677820031582,0.95,0.9375451720021659,0.9218528786178388,0.6646773294122217,0.344,0.0192
0.5,27,0.1,estimated_ratio_clipped,371855,9049,10000,0.9049,1.240155510663986,1.245755910873413,0.0,359.7875960888597,2.876021717930609,0.6242666354996634,0.012454827997834036,0.02814712138216118,0.0001017612829391773,0.28532267058777827,1.0139749515803023,0.35114622068203716,2.876021717930609,0.8989939074166133,0.9104951307028128,0.9,0.887545172002166,0.8718528786178389,0.6146773294122218,0.344,0.0192
0.5,27,0.2,estimated_ratio_clipped,371855,8134,10000,0.8134,1.0730522871017456,1.0730522871017456,0.0,359.7875960888597,2.876021717930609,0.6242666354996634,0.012454827997834036,0.02814712138216118,0.0001017612829391773,0.28532267058777827,1.0139749515803023,0.35114622068203716,2.876021717930609,0.8056443471498967,0.8209149626713631,0.8,0.787545172002166,0.7718528786178389,0.5146773294122218,0.344,0.0192
0.5,28,0.05,unweighted,371856,9123,10000,0.9123,1.2524614334106443,1.2524614334106443,0.0,500.0,1.0,0.0,0.24614865332573765,0.4922973066514753,0.040395960972489514,5.684783969333541,1.0,1.0,1.0,0.9065965642806005,0.9176867906629395,0.95,0.7038513466742623,0.45770269334852465,-4.734783969333541,0.332,0.0192
0.5,28,0.1,unweighted,371856,8389,10000,0.8389,1.1282352209091189,1.1282352209091189,0.0,500.0,1.0,0.0,0.24614865332573765,0.4922973066514753,0.040395960972489514,5.684783969333541,1.0,1.0,1.0,0.8315647895442666,0.8459749363600888,0.9,0.6538513466742624,0.4077026933485247,-4.7847839693335406,0.332,0.0192
0.5,28,0.2,unweighted,371856,6865,10000,0.6865,0.9429588913917542,0.9429588913917542,0.0,500.0,1.0,0.0,0.24614865332573765,0.4922973066514753,0.040395960972489514,5.684783969333541,1.0,1.0,1.0,0.6773372680826001,0.6955195005251374,0.8,0.5538513466742624,0.30770269334852474,-4.884783969333541,0.332,0.0192
0.5,28,0.05,oracle_ratio,371856,9681,10000,0.9681,1.3061934712409973,1.3028135299682615,0.0,367.0249161543359,2.7182818284590446,0.6019180436805398,8.456776945386935e-18,0.0,0.0,0.0,1.0,0.3678794411714424,2.7182818284590446,0.9644719033130531,0.9713685974123194,0.95,0.95,0.95,0.95,0.332,0.0192
0.5,28,0.1,oracle_ratio,371856,9268,10000,0.9268,1.2563217432975768,1.257892370223999,0.0,367.0249161543359,2.7182818284590446,0.6019180436805398,8.456776945386935e-18,0.0,0.0,0.0,1.0,0.3678794411714424,2.7182818284590446,0.9215294486097154,0.931742770381075,0.9,0.9,0.9,0.9,0.332,0.0192
0.5,28,0.2,oracle_ratio,371856,8389,10000,0.8389,1.1282352209091189,1.1282352209091189,0.0,367.0249161543359,2.7182818284590446,0.6019180436805398,8.456776945386935e-18,0.0,0.0,0.0,1.0,0.3678794411714424,2.7182818284590446,0.8315647895442666,0.8459749363600888,0.8,0.8,0.8,0.8,0.332,0.0192
0.5,28,0.05,estimated_ratio,371856,9681,10000,0.9681,1.306412349510193,1.3028135299682615,0.0,366.39178247322894,2.711158113096072,0.6038703728434435,0.0007679429602319547,0.005248087654575697,4.2301472578937995e-06,0.05817317084631917,0.9947519123454243,0.3646012844487353,2.711158113096072,0.9644719033130531,0.9713685974123194,0.95,0.949232057039768,0.9447519123454242,0.8918268291536808,0.332,0.0192
0.5,28,0.1,estimated_ratio,371856,9268,10000,0.9268,1.2566503149747847,1.257892370223999,0.0,366.39178247322894,2.711158113096072,0.6038703728434435,0.0007679429602319547,0.005248087654575697,4.2301472578937995e-06,0.05817317084631917,0.9947519123454243,0.3646012844487353,2.711158113096072,0.9215294486097154,0.931742770381075,0.9,0.899232057039768,0.8947519123454243,0.8418268291536809,0.332,0.0192
0.5,28,0.2,estimated_ratio,371856,8389,10000,0.8389,1.1282352209091189,1.1282352209091189,0.0,366.39178247322894,2.711158113096072,0.6038703728434435,0.0007679429602319547,0.005248087654575697,4.2301472578937995e-06,0.05817317084631917,0.9947519123454243,0.3646012844487353,2.711158113096072,0.8315647895442666,0.8459749363600888,0.8,0.7992320570397681,0.7947519123454243,0.7418268291536809,0.332,0.0192
0.5,28,0.05,estimated_ratio_clipped,371856,9681,10000,0.9681,1.306412349510193,1.3028135299682615,0.0,366.39178247322894,2.711158113096072,0.6038703728434435,0.0007679429602319547,0.005248087654575697,4.230147257894017e-06,0.058173170846320676,0.9947519123454243,0.3646012844487353,2.711158113096072,0.9644719033130531,0.9713685974123194,0.95,0.949232057039768,0.9447519123454242,0.8918268291536793,0.332,0.0192
0.5,28,0.1,estimated_ratio_clipped,371856,9268,10000,0.9268,1.2566503149747847,1.257892370223999,0.0,366.39178247322894,2.711158113096072,0.6038703728434435,0.0007679429602319547,0.005248087654575697,4.230147257894017e-06,0.058173170846320676,0.9947519123454243,0.3646012844487353,2.711158113096072,0.9215294486097154,0.931742770381075,0.9,0.899232057039768,0.8947519123454243,0.8418268291536793,0.332,0.0192
0.5,28,0.2,estimated_ratio_clipped,371856,8389,10000,0.8389,1.1282352209091189,1.1282352209091189,0.0,366.39178247322894,2.711158113096072,0.6038703728434435,0.0007679429602319547,0.005248087654575697,4.230147257894017e-06,0.058173170846320676,0.9947519123454243,0.3646012844487353,2.711158113096072,0.8315647895442666,0.8459749363600888,0.8,0.7992320570397681,0.7947519123454243,0.7418268291536794,0.332,0.0192
0.5,29,0.05,unweighted,371857,8687,10000,0.8687,1.1966276168823242,1.1966276168823242,0.0,500.0,1.0,0.0,0.24614865332573765,0.4922973066514753,0.040395960972489514,5.684783969333541,1.0,1.0,1.0,0.8619388262972231,0.87517801330424,0.95,0.7038513466742623,0.45770269334852465,-4.734783969333541,0.352,0.0192
0.5,29,0.1,unweighted,371857,7728,10000,0.7728,1.0256803035736084,1.0256803035736084,0.0,500.0,1.0,0.0,0.24614865332573765,0.4922973066514753,0.040395960972489514,5.684783969333541,1.0,1.0,1.0,0.7644834568325718,0.780907033656387,0.9,0.6538513466742624,0.4077026933485247,-4.7847839693335406,0.352,0.0192
0.5,29,0.2,unweighted,371857,6181,10000,0.6181,0.9207746982574465,0.9207746982574464,0.0,500.0,1.0,0.0,0.24614865332573765,0.4922973066514753,0.040395960972489514,5.684783969333541,1.0,1.0,1.0,0.6085338415391474,0.6275754580456988,0.8,0.5538513466742624,0.30770269334852474,-4.884783969333541,0.352,0.0192
0.5,29,0.05,oracle_ratio,371857,9341,10000,0.9341,1.2739903926849363,1.2739903926849363,0.0,372.2506306577563,2.7182818284590446,0.5858165830178643,8.456776945386935e-18,0.0,0.0,0.0,1.0,0.3678794411714424,2.7182818284590446,0.929068571221941,0.9387980413926377,0.95,0.95,0.95,0.95,0.352,0.0192
0.5,29,0.1,oracle_ratio,371857,8687,10000,0.8687,1.1977092717647553,1.1966276168823242,0.0,372.2506306577563,2.7182818284590446,0.5858165830178643,8.456776945386935e-18,0.0,0.0,0.0,1.0,0.3678794411714424,2.7182818284590446,0.8619388262972231,0.87517801330424,0.9,0.9,0.9,0.9,0.352,0.0192
0.5,29,0.2,oracle_ratio,371857,7231,10000,0.7231,0.9695236691474914,0.9694963097572328,0.0,372.2506306577563,2.7182818284590446,0.5858165830178643,8.456776945386935e-18,0.0,0.0,0.0,1.0,0.3678794411714424,2.7182818284590446,0.7142454105955519,0.7317832493314521,0.8,0.8,0.8,0.8,0.352,0.0192
0.5,29,0.05,estimated_ratio,371857,9341,10000,0.9341,1.2739903926849363,1.2739903926849363,0.0,365.9147849715857,2.800210475839146,0.6053415264273857,0.007637428443080592,0.015804302344453257,3.756934243193812e-05,0.17336514628249386,1.0035583665568937,0.3558125216065256,2.800210475839146,0.929068571221941,0.9387980413926377,0.95,0.9423625715569194,0.9341956976555467,0.7766348537175061,0.352,0.0192
0.5,29,0.1,estimated_ratio,371857,8743,10000,0.8743,1.2000590530753135,1.20262348651886,0.0,365.9147849715857,2.800210475839146,0.6053415264273857,0.007637428443080592,0.015804302344453257,3.756934243193812e-05,0.17336514628249386,1.0035583665568937,0.3558125216065256,2.800210475839146,0.8676584319803181,0.8806541068393933,0.9,0.8923625715569194,0.8841956976555467,0.7266348537175061,0.352,0.0192
0.5,29,0.2,estimated_ratio,371857,7291,10000,0.7291,0.9702551042318344,0.9703732132911682,0.0,365.9147849715857,2.800210475839146,0.6053415264273857,0.007637428443080592,0.015804302344453257,3.756934243193812e-05,0.17336514628249386,1.0035583665568937,0.3558125216065256,2.800210475839146,0.7203026929002744,0.7377213590462816,0.8,0.7923625715569195,0.7841956976555468,0.6266348537175062,0.352,0.0192
0.5,29,0.05,estimated_ratio_clipped,371857,9341,10000,0.9341,1.2739903926849363,1.2739903926849363,0.0,365.9147849715857,2.800210475839146,0.6053415264273857,0.007637428443080592,0.015804302344453257,3.7569342431937304e-05,0.17336514628249194,1.0035583665568937,0.3558125216065256,2.800210475839146,0.929068571221941,0.9387980413926377,0.95,0.9423625715569194,0.9341956976555467,0.7766348537175081,0.352,0.0192
0.5,29,0.1,estimated_ratio_clipped,371857,8743,10000,0.8743,1.2000590530753135,1.20262348651886,0.0,365.9147849715857,2.800210475839146,0.6053415264273857,0.007637428443080592,0.015804302344453257,3.7569342431937304e-05,0.17336514628249194,1.0035583665568937,0.3558125216065256,2.800210475839146,0.8676584319803181,0.8806541068393933,0.9,0.8923625715569194,0.8841956976555467,0.726634853717508,0.352,0.0192
0.5,29,0.2,estimated_ratio_clipped,371857,7291,10000,0.7291,0.9702551042318344,0.9703732132911682,0.0,365.9147849715857,2.800210475839146,0.6053415264273857,0.007637428443080592,0.015804302344453257,3.7569342431937304e-05,0.17336514628249194,1.0035583665568937,0.3558125216065256,2.800210475839146,0.7203026929002744,0.7377213590462816,0.8,0.7923625715569195,0.7841956976555468,0.6266348537175082,0.352,0.0192
0.5,30,0.05,unweighted,371858,9015,10000,0.9015,1.245755910873413,1.245755910873413,0.0,500.0,1.0,0.0,0.24614865332573765,0.4922973066514753,0.040395960972489514,5.684783969333541,1.0,1.0,1.0,0.8955044240210196,0.9071872252873271,0.95,0.7038513466742623,0.45770269334852465,-4.734783969333541,0.348,0.0192
0.5,30,0.1,unweighted,371858,7925,10000,0.7925,1.048194169998169,1.048194169998169,0.0,500.0,1.0,0.0,0.24614865332573765,0.4922973066514753,0.040395960972489514,5.684783969333541,1.0,1.0,1.0,0.7844404326672224,0.8003349282859317,0.9,0.6538513466742624,0.4077026933485247,-4.7847839693335406,0.348,0.0192
0.5,30,0.2,unweighted,371858,6303,10000,0.6303,0.9269172549247742,0.9269172549247742,0.0,500.0,1.0,0.0,0.24614865332573765,0.4922973066514753,0.040395960972489514,5.684783969333541,1.0,1.0,1.0,0.6207904440269685,0.6397094859976331,0.8,0.5538513466742624,0.30770269334852474,-4.884783969333541,0.348,0.0192
0.5,30,0.05,oracle_ratio,371858,9554,10000,0.9554,1.299253281390667,1.2983108758926392,0.0,358.8463710022216,2.7182818284590446,0.6271793414735491,8.456776945386935e-18,0.0,0.0,0.0,1.0,0.3678794411714424,2.7182818284590446,0.9511762910561998,0.959273963227788,0.95,0.95,0.95,0.95,0.348,0.0192
0.5,30,0.1,oracle_ratio,371858,9172,10000,0.9172,1.255275011062622,1.255275011062622,0.0,358.8463710022216,2.7182818284590446,0.6271793414735491,8.456776945386935e-18,0.0,0.0,0.0,1.0,0.3678794411714424,2.7182818284590446,0.9116371947411773,0.9224423970183301,0.9,0.9,0.9,0.9,0.348,0.0192
0.5,30,0.2,oracle_ratio,371858,7925,10000,0.7925,1.0526716697216034,1.048194169998169,0.0,358.8463710022216,2.7182818284590446,0.6271793414735491,8.456776945386935e-18,0.0,0.0,0.0,1.0,0.3678794411714424,2.7182818284590446,0.7844404326672224,0.8003349282859317,0.8,0.8,0.8,0.8,0.348,0.0192
0.5,30,0.05,estimated_ratio,371858,9554,10000,0.9554,1.2983108758926392,1.2983108758926392,0.0,366.55351033612425,2.6455124149351987,0.6033716291609093,0.009013610844854893,0.017975142328856136,6.299314365321931e-05,0.22448722663567172,1.0039909532278801,0.38555510298291956,2.6455124149351987,0.9511762910561998,0.959273963227788,0.95,0.9409863891551451,0.9320248576711438,0.7255127733643283,0.348,0.0192
0.5,30,0.1,estimated_ratio,371858,9172,10000,0.9172,1.2540575760126114,1.255275011062622,0.0,366.55351033612425,2.6455124149351987,0.6033716291609093,0.009013610844854893,0.017975142328856136,6.299314365321931e-05,0.22448722663567172,1.0039909532278801,0.38555510298291956,2.6455124149351987,0.9116371947411773,0.9224423970183301,0.9,0.8909863891551452,0.8820248576711439,0.6755127733643282,0.348,0.0192
0.5,30,0.2,estimated_ratio,371858,7864,10000,0.7864,1.0421744585037231,1.0421744585037231,0.0,366.55351033612425,2.6455124149351987,0.6033716291609093,0.009013610844854893,0.017975142328856136,6.299314365321931e-05,0.22448722663567172,1.0039909532278801,0.38555510298291956,2.6455124149351987,0.7782579473786837,0.7943220983545927,0.8,0.7909863891551452,0.7820248576711439,0.5755127733643284,0.348,0.0192
0.5,30,0.05,estimated_ratio_clipped,371858,9554,10000,0.9554,1.2983108758926392,1.2983108758926392,0.0,366.55351033612425,2.6455124149351987,0.6033716291609093,0.009013610844854893,0.017975142328856136,6.29931436532183e-05,0.22448722663566992,1.0039909532278801,0.38555510298291956,2.6455124149351987,0.9511762910561998,0.959273963227788,0.95,0.9409863891551451,0.9320248576711438,0.7255127733643301,0.348,0.0192
0.5,30,0.1,estimated_ratio_clipped,371858,9172,10000,0.9172,1.2540575760126114,1.255275011062622,0.0,366.55351033612425,2.6455124149351987,0.6033716291609093,0.009013610844854893,0.017975142328856136,6.29931436532183e-05,0.22448722663566992,1.0039909532278801,0.38555510298291956,2.6455124149351987,0.9116371947411773,0.9224423970183301,0.9,0.8909863891551452,0.8820248576711439,0.6755127733643301,0.348,0.0192
0.5,30,0.2,estimated_ratio_clipped,371858,7864,10000,0.7864,1.0421744585037231,1.0421744585037231,0.0,366.55351033612425,2.6455124149351987,0.6033716291609093,0.009013610844854893,0.017975142328856136,6.29931436532183e-05,0.22448722663566992,1.0039909532278801,0.38555510298291956,2.6455124149351987,0.7782579473786837,0.7943220983545927,0.8,0.7909863891551452,0.7820248576711439,0.5755127733643302,0.348,0.0192
0.5,31,0.05,unweighted,371859,9234,10000,0.9234,1.257892370223999,1.257892370223999,0.0,500.0,1.0,0.0,0.24614865332573765,0.4922973066514753,0.040395960972489514,5.684783969333541,1.0,1.0,1.0,0.9180232444398876,0.9284515857398233,0.95,0.7038513466742623,0.45770269334852465,-4.734783969333541,0.34,0.0192
0.5,31,0.1,unweighted,371859,8224,10000,0.8224,1.1275087594985962,1.1275087594985962,0.0,500.0,1.0,0.0,0.24614865332573765,0.4922973066514753,0.040395960972489514,5.684783969333541,1.0,1.0,1.0,0.814786108612755,0.8297662892378328,0.9,0.6538513466742624,0.4077026933485247,-4.7847839693335406,0.34,0.0192
0.5,31,0.2,unweighted,371859,6990,10000,0.699,0.9663662910461426,0.9663662910461426,0.0,500.0,1.0,0.0,0.24614865332573765,0.4922973066514753,0.040395960972489514,5.684783969333541,1.0,1.0,1.0,0.689934773916429,0.7079123947320416,0.8,0.5538513466742624,0.30770269334852474,-4.884783969333541,0.34,0.0192
0.5,31,0.05,oracle_ratio,371859,9856,10000,0.9856,1.3190160895228387,1.3149404525756836,0.0,369.93765076557054,2.7182818284590446,0.5929410661263473,8.456776945386935e-18,0.0,0.0,0.0,1.0,0.3678794411714424,2.7182818284590446,0.9830715821529573,0.9877554786294417,0.95,0.95,0.95,0.95,0.34,0.0192
0.5,31,0.1,oracle_ratio,371859,9344,10000,0.9344,1.2739903926849363,1.2739903926849363,0.0,369.93765076557054,2.7182818284590446,0.5929410661263473,8.456776945386935e-18,0.0,0.0,0.0,1.0,0.3678794411714424,2.7182818284590446,0.9293787462276218,0.9390876359879342,0.9,0.9,0.9,0.9,0.34,0.0192
0.5,31,0.2,oracle_ratio,371859,8224,10000,0.8224,1.1275087594985962,1.1275087594985962,0.0,369.93765076557054,2.7182818284590446,0.5929410661263473,8.456776945386935e-18,0.0,0.0,0.0,1.0,0.3678794411714424,2.7182818284590446,0.814786108612755,0.8297662892378328,0.8,0.8,0.8,0.8,0.34,0.0192
0.5,31,0.05,estimated_ratio,371859,9856,10000,0.9856,1.3191015721321107,1.3149404525756836,0.0,369.53801315242134,2.7321296488793725,0.5941723451919942,0.0004889646386041664,0.003407407952805343,1.2351760683267212e-06,0.03143470780302207,1.0034074079528053,0.3682671388165116,2.7321296488793725,0.9830715821529573,0.9877554786294417,0.95,0.9495110353613958,0.9465925920471946,0.9185652921969779,0.34,0.0192
0.5,31,0.1,estimated_ratio,371859,9344,10000,0.9344,1.2739903926849363,1.2739903926849363,0.0,369.53801315242134,2.7321296488793725,0.5941723451919942,0.0004889646386041664,0.003407407952805343,1.2351760683267212e-06,0.03143470780302207,1.0034074079528053,0.3682671388165116,2.7321296488793725,0.9293787462276218,0.9390876359879342,0.9,0.8995110353613959,0.8965925920471947,0.868565292196978,0.34,0.0192
0.5,31,0.2,estimated_ratio,371859,8224,10000,0.8224,1.1275087594985962,1.1275087594985962,0.0,369.53801315242134,2.7321296488793725,0.5941723451919942,0.0004889646386041664,0.003407407952805343,1.2351760683267212e-06,0.03143470780302207,1.0034074079528053,0.3682671388165116,2.7321296488793725,0.814786108612755,0.8297662892378328,0.8,0.7995110353613959,0.7965925920471947,0.768565292196978,0.34,0.0192
0.5,31,0.05,estimated_ratio_clipped,371859,9856,10000,0.9856,1.3191015721321107,1.3149404525756836,0.0,369.53801315242134,2.7321296488793725,0.5941723451919942,0.0004889646386041664,0.003407407952805343,1.235176068326497e-06,0.03143470780301922,1.0034074079528053,0.3682671388165116,2.7321296488793725,0.9830715821529573,0.9877554786294417,0.95,0.9495110353613958,0.9465925920471946,0.9185652921969807,0.34,0.0192
0.5,31,0.1,estimated_ratio_clipped,371859,9344,10000,0.9344,1.2739903926849363,1.2739903926849363,0.0,369.53801315242134,2.7321296488793725,0.5941723451919942,0.0004889646386041664,0.003407407952805343,1.235176068326497e-06,0.03143470780301922,1.0034074079528053,0.3682671388165116,2.7321296488793725,0.9293787462276218,0.9390876359879342,0.9,0.8995110353613959,0.8965925920471947,0.8685652921969808,0.34,0.0192
0.5,31,0.2,estimated_ratio_clipped,371859,8224,10000,0.8224,1.1275087594985962,1.1275087594985962,0.0,369.53801315242134,2.7321296488793725,0.5941723451919942,0.0004889646386041664,0.003407407952805343,1.235176068326497e-06,0.03143470780301922,1.0034074079528053,0.3682671388165116,2.7321296488793725,0.814786108612755,0.8297662892378328,0.8,0.7995110353613959,0.7965925920471947,0.7685652921969808,0.34,0.0192
0.5,32,0.05,unweighted,371860,8737,10000,0.8737,1.20262348651886,1.20262348651886,0.0,500.0,1.0,0.0,0.24614865332573765,0.4922973066514753,0.040395960972489514,5.684783969333541,1.0,1.0,1.0,0.8670454197485681,0.8800675798691883,0.95,0.7038513466742623,0.45770269334852465,-4.734783969333541,0.35,0.0192
0.5,32,0.1,unweighted,371860,8053,10000,0.8053,1.0730522871017456,1.0730522871017456,0.0,500.0,1.0,0.0,0.24614865332573765,0.4922973066514753,0.040395960972489514,5.684783969333541,1.0,1.0,1.0,0.7974225087326816,0.8129430218621831,0.9,0.6538513466742624,0.4077026933485247,-4.7847839693335406,0.35,0.0192
0.5,32,0.2,unweighted,371860,6782,10000,0.6782,0.9429588913917542,0.9429588913917542,0.0,500.0,1.0,0.0,0.24614865332573765,0.4922973066514753,0.040395960972489514,5.684783969333541,1.0,1.0,1.0,0.6689767741299645,0.6872863688507264,0.8,0.5538513466742624,0.30770269334852474,-4.884783969333541,0.35,0.0192
0.5,32,0.05,oracle_ratio,371860,9392,10000,0.9392,1.2801688462495804,1.279902100563049,0.0,370.4808032631641,2.6899666501187367,0.5912677837420659,8.456776945386935e-18,0.0,0.0,0.0,1.0,0.3678794411714424,2.7182818284590446,0.9343456205733678,0.9437170752578299,0.95,0.95,0.95,0.95,0.35,0.0192
0.5,32,0.1,oracle_ratio,371860,8737,10000,0.8737,1.20262348651886,1.20262348651886,0.0,370.4808032631641,2.6899666501187367,0.5912677837420659,8.456776945386935e-18,0.0,0.0,0.0,1.0,0.3678794411714424,2.7182818284590446,0.8670454197485681,0.8800675798691883,0.9,0.9,0.9,0.9,0.35,0.0192
0.5,32,0.2,oracle_ratio,371860,7877,10000,0.7877,1.0432855481863021,1.0421744585037231,0.0,370.4808032631641,2.6899666501187367,0.5912677837420659,8.456776945386935e-18,0.0,0.0,0.0,1.0,0.3678794411714424,2.7182818284590446,0.7795753014862787,0.7956037458512337,0.8,0.8,0.8,0.8,0.35,0.0192
0.5,32,0.05,estimated_ratio,371860,9466,10000,0.9466,1.2808577984571456,1.279902100563049,0.0,360.47765845306924,2.858858402233512,0.6221322308380643,0.012311119444156998,0.0301657168449348,0.00010940793437248645,0.2958485212029784,1.0195733920880565,0.3533338796126929,2.8904910676628885,0.9420194328785174,0.9508375797767943,0.95,0.937688880555843,0.9198342831550651,0.6541514787970215,0.35,0.0192
0.5,32,0.1,estimated_ratio,371860,8737,10000,0.8737,1.2078055660605431,1.20262348651886,0.0,360.47765845306924,2.858858402233512,0.6221322308380643,0.012311119444156998,0.0301657168449348,0.00010940793437248645,0.2958485212029784,1.0195733920880565,0.3533338796126929,2.8904910676628885,0.8670454197485681,0.8800675798691883,0.9,0.887688880555843,0.8698342831550652,0.6041514787970217,0.35,0.0192
0.5,32,0.2,estimated_ratio,371860,7959,10000,0.7959,1.0627883672714231,1.0627883672714231,0.0,360.47765845306924,2.858858402233512,0.6221322308380643,0.012311119444156998,0.0301657168449348,0.00010940793437248645,0.2958485212029784,1.0195733920880565,0.3533338796126929,2.8904910676628885,0.7878875882059923,0.8036851615582413,0.8,0.7876888805558431,0.7698342831550652,0.5041514787970216,0.35,0.0192
0.5,32,0.05,estimated_ratio_clipped,371860,9466,10000,0.9466,1.2808577984571456,1.279902100563049,0.0,360.47765845306924,2.858858402233512,0.6221322308380643,0.012311119444156998,0.0301657168449348,0.00010940793437248927,0.2958485212029822,1.0195733920880565,0.3533338796126929,2.8904910676628885,0.9420194328785174,0.9508375797767943,0.95,0.937688880555843,0.9198342831550651,0.6541514787970177,0.35,0.0192
0.5,32,0.1,estimated_ratio_clipped,371860,8737,10000,0.8737,1.2078055660605431,1.20262348651886,0.0,360.47765845306924,2.858858402233512,0.6221322308380643,0.012311119444156998,0.0301657168449348,0.00010940793437248927,0.2958485212029822,1.0195733920880565,0.3533338796126929,2.8904910676628885,0.8670454197485681,0.8800675798691883,0.9,0.887688880555843,0.8698342831550652,0.6041514787970178,0.35,0.0192
0.5,32,0.2,estimated_ratio_clipped,371860,7959,10000,0.7959,1.0627883672714231,1.0627883672714231,0.0,360.47765845306924,2.858858402233512,0.6221322308380643,0.012311119444156998,0.0301657168449348,0.00010940793437248927,0.2958485212029822,1.0195733920880565,0.3533338796126929,2.8904910676628885,0.7878875882059923,0.8036851615582413,0.8,0.7876888805558431,0.7698342831550652,0.5041514787970178,0.35,0.0192
0.5,33,0.05,unweighted,371861,8778,10000,0.8778,1.2281887531280518,1.2281887531280518,0.0,500.0,1.0,0.0,0.24614865332573765,0.4922973066514753,0.040395960972489514,5.684783969333541,1.0,1.0,1.0,0.8712353100608695,0.8840745407702472,0.95,0.7038513466742623,0.45770269334852465,-4.734783969333541,0.34,0.0192
0.5,33,0.1,unweighted,371861,8360,10000,0.836,1.1282352209091189,1.1282352209091189,0.0,500.0,1.0,0.0,0.24614865332573765,0.4922973066514753,0.040395960972489514,5.684783969333541,1.0,1.0,1.0,0.8286139551430091,0.8431279979518961,0.9,0.6538513466742624,0.4077026933485247,-4.7847839693335406,0.34,0.0192
0.5,33,0.2,unweighted,371861,6442,10000,0.6442,0.9269172549247742,0.9269172549247742,0.0,500.0,1.0,0.0,0.24614865332573765,0.4922973066514753,0.040395960972489514,5.684783969333541,1.0,1.0,1.0,0.6347628400301052,0.6535264148397916,0.8,0.5538513466742624,0.30770269334852474,-4.884783969333541,0.34,0.0192
0.5,33,0.05,oracle_ratio,371861,9459,10000,0.9459,1.2823160886764526,1.2823160886764526,0.0,367.5186645563652,2.7182818284590446,0.6003958044499427,8.456776945386935e-18,0.0,0.0,0.0,1.0,0.3678794411714424,2.7182818284590446,0.9412925898802001,0.9501649603728303,0.95,0.95,0.95,0.95,0.34,0.0192
0.5,33,0.1,oracle_ratio,371861,8924,10000,0.8924,1.2339407205581665,1.2339407205581665,0.0,367.5186645563652,2.7182818284590446,0.6003958044499427,8.456776945386935e-18,0.0,0.0,0.0,1.0,0.3678794411714424,2.7182818284590446,0.8861751863061391,0.8983234517725538,0.9,0.9,0.9,0.9,0.34,0.0192
0.5,33,0.2,oracle_ratio,371861,8143,10000,0.8143,1.0730522871017456,1.0730522871017456,0.0,367.5186645563652,2.7182818284590446,0.6003958044499427,8.456776945386935e-18,0.0,0.0,0.0,1.0,0.3678794411714424,2.7182818284590446,0.8065582151844021,0.8218004034397907,0.8,0.8,0.8,0.8,0.34,0.0192
0.5,33,0.05,estimated_ratio,371861,9459,10000,0.9459,1.2824328506231308,1.2823160886764526,0.0,360.67397424192757,2.7930154109686884,0.6215251712594998,0.008164813288828489,0.01626460631235236,4.746721285528426e-05,0.19486859748103952,0.9991817479353158,0.3533528523892217,2.7930154109686884,0.9412925898802001,0.9501649603728303,0.95,0.9418351867111715,0.9337353936876476,0.7551314025189604,0.34,0.0192
0.5,33,0.1,estimated_ratio,371861,9001,10000,0.9001,1.2369772244691848,1.2339407205581665,0.0,360.67397424192757,2.7930154109686884,0.6215251712594998,0.008164813288828489,0.01626460631235236,4.746721285528426e-05,0.19486859748103952,0.9991817479353158,0.3533528523892217,2.7930154109686884,0.8940682048697784,0.9058245196340061,0.9,0.8918351867111716,0.8837353936876476,0.7051314025189606,0.34,0.0192
0.5,33,0.2,estimated_ratio,371861,8143,10000,0.8143,1.0730522871017456,1.0730522871017456,0.0,360.67397424192757,2.7930154109686884,0.6215251712594998,0.008164813288828489,0.01626460631235236,4.746721285528426e-05,0.19486859748103952,0.9991817479353158,0.3533528523892217,2.7930154109686884,0.8065582151844021,0.8218004034397907,0.8,0.7918351867111716,0.7837353936876477,0.6051314025189605,0.34,0.0192
0.5,33,0.05,estimated_ratio_clipped,371861,9459,10000,0.9459,1.2824328506231308,1.2823160886764526,0.0,360.67397424192757,2.7930154109686884,0.6215251712594998,0.008164813288828489,0.01626460631235236,4.746721285528274e-05,0.19486859748103638,0.9991817479353158,0.3533528523892217,2.7930154109686884,0.9412925898802001,0.9501649603728303,0.95,0.9418351867111715,0.9337353936876476,0.7551314025189636,0.34,0.0192
0.5,33,0.1,estimated_ratio_clipped,371861,9001,10000,0.9001,1.2369772244691848,1.2339407205581665,0.0,360.67397424192757,2.7930154109686884,0.6215251712594998,0.008164813288828489,0.01626460631235236,4.746721285528274e-05,0.19486859748103638,0.9991817479353158,0.3533528523892217,2.7930154109686884,0.8940682048697784,0.9058245196340061,0.9,0.8918351867111716,0.8837353936876476,0.7051314025189637,0.34,0.0192
0.5,33,0.2,estimated_ratio_clipped,371861,8143,10000,0.8143,1.0730522871017456,1.0730522871017456,0.0,360.67397424192757,2.7930154109686884,0.6215251712594998,0.008164813288828489,0.01626460631235236,4.746721285528274e-05,0.19486859748103638,0.9991817479353158,0.3533528523892217,2.7930154109686884,0.8065582151844021,0.8218004034397907,0.8,0.7918351867111716,0.7837353936876477,0.6051314025189637,0.34,0.0192
0.5,34,0.05,unweighted,371862,9401,10000,0.9401,1.279902100563049,1.279902100563049,0.0,500.0,1.0,0.0,0.24614865332573765,0.4922973066514753,0.040395960972489514,5.684783969333541,1.0,1.0,1.0,0.9352778020606403,0.9445842025734903,0.95,0.7038513466742623,0.45770269334852465,-4.734783969333541,0.334,0.0192
0.5,34,0.1,unweighted,371862,8639,10000,0.8639,1.1966276168823242,1.1966276168823242,0.0,500.0,1.0,0.0,0.24614865332573765,0.4922973066514753,0.040395960972489514,5.684783969333541,1.0,1.0,1.0,0.857039487574811,0.8704810384110105,0.9,0.6538513466742624,0.4077026933485247,-4.7847839693335406,0.334,0.0192
0.5,34,0.2,unweighted,371862,7408,10000,0.7408,0.9957479238510132,0.9957479238510132,0.0,500.0,1.0,0.0,0.24614865332573765,0.4922973066514753,0.040395960972489514,5.684783969333541,1.0,1.0,1.0,0.7321202090750506,0.7492948573096315,0.8,0.5538513466742624,0.30770269334852474,-4.884783969333541,0.334,0.0192
0.5,34,0.05,oracle_ratio,371862,9841,10000,0.9841,1.329429030418396,1.329429030418396,0.0,361.18196656837705,2.7182818284590446,0.6199546398324385,8.456776945386935e-18,0.0,0.0,0.0,1.0,0.3678794411714424,2.7182818284590446,0.9814558444213547,0.9863723683561562,0.95,0.95,0.95,0.95,0.334,0.0192
0.5,34,0.1,oracle_ratio,371862,9545,10000,0.9545,1.2822326515197755,1.279902100563049,0.0,361.18196656837705,2.7182818284590446,0.6199546398324385,8.456776945386935e-18,0.0,0.0,0.0,1.0,0.3678794411714424,2.7182818284590446,0.9502380024955971,0.9584129429854579,0.9,0.9,0.9,0.9,0.334,0.0192
0.5,34,0.2,oracle_ratio,371862,8842,10000,0.8842,1.2334575653076172,1.2334575653076172,0.0,361.18196656837705,2.7182818284590446,0.6199546398324385,8.456776945386935e-18,0.0,0.0,0.0,1.0,0.3678794411714424,2.7182818284590446,0.8777803471993272,0.8903245884526448,0.8,0.8,0.8,0.8,0.334,0.0192
0.5,34,0.05,estimated_ratio,371862,9841,10000,0.9841,1.329429030418396,1.329429030418396,0.0,354.98771535237813,2.8087046939841174,0.6391396129510791,0.007360926082863132,0.01634110395936457,3.5170335450978325e-05,0.16773869070903905,1.0075522266862786,0.3577091612406926,2.8087046939841174,0.9814558444213547,0.9863723683561562,0.95,0.9426390739171369,0.9336588960406353,0.7822613092909609,0.334,0.0192
0.5,34,0.1,estimated_ratio,371862,9545,10000,0.9545,1.2900048364639283,1.2983108758926392,0.0,354.98771535237813,2.8087046939841174,0.6391396129510791,0.007360926082863132,0.01634110395936457,3.5170335450978325e-05,0.16773869070903905,1.0075522266862786,0.3577091612406926,2.8087046939841174,0.9502380024955971,0.9584129429854579,0.9,0.8926390739171369,0.8836588960406354,0.732261309290961,0.334,0.0192
0.5,34,0.2,estimated_ratio,371862,8930,10000,0.893,1.2336950844287873,1.2334575653076172,0.0,354.98771535237813,2.8087046939841174,0.6391396129510791,0.007360926082863132,0.01634110395936457,3.5170335450978325e-05,0.16773869070903905,1.0075522266862786,0.3577091612406926,2.8087046939841174,0.8867898640566831,0.898908313223965,0.8,0.792639073917137,0.7836588960406354,0.632261309290961,0.334,0.0192
0.5,34,0.05,estimated_ratio_clipped,371862,9841,10000,0.9841,1.329429030418396,1.329429030418396,0.0,354.98771535237813,2.8087046939841174,0.6391396129510791,0.007360926082863132,0.01634110395936457,3.517033545097742e-05,0.16773869070903685,1.0075522266862786,0.3577091612406926,2.8087046939841174,0.9814558444213547,0.9863723683561562,0.95,0.9426390739171369,0.9336588960406353,0.7822613092909632,0.334,0.0192
0.5,34,0.1,estimated_ratio_clipped,371862,9545,10000,0.9545,1.2900048364639283,1.2983108758926392,0.0,354.98771535237813,2.8087046939841174,0.6391396129510791,0.007360926082863132,0.01634110395936457,3.517033545097742e-05,0.16773869070903685,1.0075522266862786,0.3577091612406926,2.8087046939841174,0.9502380024955971,0.9584129429854579,0.9,0.8926390739171369,0.8836588960406354,0.7322613092909631,0.334,0.0192
0.5,34,0.2,estimated_ratio_clipped,371862,8930,10000,0.893,1.2336950844287873,1.2334575653076172,0.0,354.98771535237813,2.8087046939841174,0.6391396129510791,0.007360926082863132,0.01634110395936457,3.517033545097742e-05,0.16773869070903685,1.0075522266862786,0.3577091612406926,2.8087046939841174,0.8867898640566831,0.898908313223965,0.8,0.792639073917137,0.7836588960406354,0.6322613092909632,0.334,0.0192
0.5,35,0.05,unweighted,371863,8885,10000,0.8885,1.2334575653076172,1.2334575653076172,0.0,500.0,1.0,0.0,0.24614865332573765,0.4922973066514753,0.040395960972489514,5.684783969333541,1.0,1.0,1.0,0.8821812047923988,0.8945204284735854,0.95,0.7038513466742623,0.45770269334852465,-4.734783969333541,0.354,0.0192
0.5,35,0.1,unweighted,371863,8046,10000,0.8046,1.0730522871017456,1.0730522871017456,0.0,500.0,1.0,0.0,0.24614865332573765,0.4922973066514753,0.040395960972489514,5.684783969333541,1.0,1.0,1.0,0.7967122259386872,0.8122538422538965,0.9,0.6538513466742624,0.4077026933485247,-4.7847839693335406,0.354,0.0192
0.5,35,0.2,unweighted,371863,6553,10000,0.6553,0.9334120154380798,0.9334120154380798,0.0,500.0,1.0,0.0,0.24614865332573765,0.4922973066514753,0.040395960972489514,5.684783969333541,1.0,1.0,1.0,0.6459268350169941,0.6645538950890738,0.8,0.5538513466742624,0.30770269334852474,-4.884783969333541,0.354,0.0192
0.5,35,0.05,oracle_ratio,371863,9693,10000,0.9693,1.314333438873291,1.314333438873291,0.0,364.1063628837681,2.7182818284590446,0.6109215247379932,8.456776945386935e-18,0.0,0.0,0.0,1.0,0.3678794411714424,2.7182818284590446,0.9657346291317515,0.9725049499975316,0.95,0.95,0.95,0.95,0.354,0.0192
0.5,35,0.1,oracle_ratio,371863,9118,10000,0.9118,1.2492079138755798,1.2524614334106443,0.0,364.1063628837681,2.7182818284590446,0.6109215247379932,8.456776945386935e-18,0.0,0.0,0.0,1.0,0.3678794411714424,2.7182818284590446,0.9060825128469575,0.9172012260949532,0.9,0.9,0.9,0.9,0.354,0.0192
0.5,35,0.2,oracle_ratio,371863,7973,10000,0.7973,1.0627883672714231,1.0627883672714231,0.0,364.1063628837681,2.7182818284590446,0.6109215247379932,8.456776945386935e-18,0.0,0.0,0.0,1.0,0.3678794411714424,2.7182818284590446,0.7893072555309182,0.8050644190378775,0.8,0.8,0.8,0.8,0.354,0.0192
0.5,35,0.05,estimated_ratio,371863,9693,10000,0.9693,1.314333438873291,1.314333438873291,0.0,356.156551819352,2.7900212999385308,0.6355131972430876,0.009419473628951187,0.018783116944232937,7.547928678411737e-05,0.24573039988429166,0.9938543892792908,0.34932637664531874,2.7900212999385308,0.9657346291317515,0.9725049499975316,0.95,0.9405805263710487,0.931216883055767,0.7042696001157083,0.354,0.0192
0.5,35,0.1,estimated_ratio,371863,9118,10000,0.9118,1.2524614334106443,1.2524614334106443,0.0,356.156551819352,2.7900212999385308,0.6355131972430876,0.009419473628951187,0.018783116944232937,7.547928678411737e-05,0.24573039988429166,0.9938543892792908,0.34932637664531874,2.7900212999385308,0.9060825128469575,0.9172012260949532,0.9,0.8905805263710488,0.8812168830557671,0.6542696001157083,0.354,0.0192
0.5,35,0.2,estimated_ratio,371863,8046,10000,0.8046,1.0642992162704468,1.0627883672714231,0.0,356.156551819352,2.7900212999385308,0.6355131972430876,0.009419473628951187,0.018783116944232937,7.547928678411737e-05,0.24573039988429166,0.9938543892792908,0.34932637664531874,2.7900212999385308,0.7967122259386872,0.8122538422538965,0.8,0.7905805263710488,0.7812168830557671,0.5542696001157084,0.354,0.0192
0.5,35,0.05,estimated_ratio_clipped,371863,9693,10000,0.9693,1.314333438873291,1.314333438873291,0.0,356.156551819352,2.7900212999385308,0.6355131972430876,0.009419473628951187,0.018783116944232937,7.547928678411857e-05,0.24573039988429363,0.9938543892792908,0.34932637664531874,2.7900212999385308,0.9657346291317515,0.9725049499975316,0.95,0.9405805263710487,0.931216883055767,0.7042696001157063,0.354,0.0192
0.5,35,0.1,estimated_ratio_clipped,371863,9118,10000,0.9118,1.2524614334106443,1.2524614334106443,0.0,356.156551819352,2.7900212999385308,0.6355131972430876,0.009419473628951187,0.018783116944232937,7.547928678411857e-05,0.24573039988429363,0.9938543892792908,0.34932637664531874,2.7900212999385308,0.9060825128469575,0.9172012260949532,0.9,0.8905805263710488,0.8812168830557671,0.6542696001157065,0.354,0.0192
0.5,35,0.2,estimated_ratio_clipped,371863,8046,10000,0.8046,1.0642992162704468,1.0627883672714231,0.0,356.156551819352,2.7900212999385308,0.6355131972430876,0.009419473628951187,0.018783116944232937,7.547928678411857e-05,0.24573039988429363,0.9938543892792908,0.34932637664531874,2.7900212999385308,0.7967122259386872,0.8122538422538965,0.8,0.7905805263710488,0.7812168830557671,0.5542696001157064,0.354,0.0192
0.5,36,0.05,unweighted,371864,8567,10000,0.8567,1.172321081161499,1.172321081161499,0.0,500.0,1.0,0.0,0.24614865332573765,0.4922973066514753,0.040395960972489514,5.684783969333541,1.0,1.0,1.0,0.8496956874223026,0.8634303681400567,0.95,0.7038513466742623,0.45770269334852465,-4.734783969333541,0.346,0.0192
0.5,36,0.1,unweighted,371864,7660,10000,0.766,1.031848669052124,1.031848669052124,0.0,500.0,1.0,0.0,0.24614865332573765,0.4922973066514753,0.040395960972489514,5.684783969333541,1.0,1.0,1.0,0.7576008788353976,0.7741948340314024,0.9,0.6538513466742624,0.4077026933485247,-4.7847839693335406,0.346,0.0192
0.5,36,0.2,unweighted,371864,6682,10000,0.6682,0.9388169050216677,0.9388169050216676,0.0,500.0,1.0,0.0,0.24614865332573765,0.4922973066514753,0.040395960972489514,5.684783969333541,1.0,1.0,1.0,0.6589082789680993,0.6773625439800051,0.8,0.5538513466742624,0.30770269334852474,-4.884783969333541,0.346,0.0192
0.5,36,0.05,oracle_ratio,371864,9227,10000,0.9227,1.2562361053466797,1.255275011062622,0.0,367.5846279039238,2.7182818284590446,0.6001924555354138,8.456776945386935e-18,0.0,0.0,0.0,1.0,0.3678794411714424,2.7182818284590446,0.9173017580919753,0.9277736096854545,0.95,0.95,0.95,0.95,0.346,0.0192
0.5,36,0.1,oracle_ratio,371864,8567,10000,0.8567,1.1633075075149537,1.172321081161499,0.0,367.5846279039238,2.7182818284590446,0.6001924555354138,8.456776945386935e-18,0.0,0.0,0.0,1.0,0.3678794411714424,2.7182818284590446,0.8496956874223026,0.8634303681400567,0.9,0.9,0.9,0.9,0.346,0.0192
0.5,36,0.2,oracle_ratio,371864,7551,10000,0.7551,1.02435564994812,1.02435564994812,0.0,367.5846279039238,2.7182818284590446,0.6001924555354138,8.456776945386935e-18,0.0,0.0,0.0,1.0,0.3678794411714424,2.7182818284590446,0.7465746992181914,0.7634293848130893,0.8,0.8,0.8,0.8,0.346,0.0192
0.5,36,0.05,estimated_ratio,371864,9227,10000,0.9227,1.2563648794174194,1.255275011062622,0.0,365.7812098868982,2.735742677740805,0.6057535441300798,0.0021712870180190047,0.004319305287717757,3.747065181465648e-06,0.05475081867125384,0.9989507298091735,0.363675802900478,2.735742677740805,0.9173017580919753,0.9277736096854545,0.95,0.9478287129819809,0.9456806947122822,0.8952491813287461,0.346,0.0192
0.5,36,0.1,estimated_ratio,371864,8567,10000,0.8567,1.1662647399902344,1.172321081161499,0.0,365.7812098868982,2.735742677740805,0.6057535441300798,0.0021712870180190047,0.004319305287717757,3.747065181465648e-06,0.05475081867125384,0.9989507298091735,0.363675802900478,2.735742677740805,0.8496956874223026,0.8634303681400567,0.9,0.897828712981981,0.8956806947122823,0.8452491813287462,0.346,0.0192
0.5,36,0.2,estimated_ratio,371864,7551,10000,0.7551,1.02435564994812,1.02435564994812,0.0,365.7812098868982,2.735742677740805,0.6057535441300798,0.0021712870180190047,0.004319305287717757,3.747065181465648e-06,0.05475081867125384,0.9989507298091735,0.363675802900478,2.735742677740805,0.7465746992181914,0.7634293848130893,0.8,0.797828712981981,0.7956806947122823,0.7452491813287462,0.346,0.0192
0.5,36,0.05,estimated_ratio_clipped,371864,9227,10000,0.9227,1.2563648794174194,1.255275011062622,0.0,365.7812098868982,2.735742677740805,0.6057535441300798,0.0021712870180190047,0.004319305287717757,3.74706518146707e-06,0.05475081867126423,0.9989507298091735,0.363675802900478,2.735742677740805,0.9173017580919753,0.9277736096854545,0.95,0.9478287129819809,0.9456806947122822,0.8952491813287358,0.346,0.0192
0.5,36,0.1,estimated_ratio_clipped,371864,8567,10000,0.8567,1.1662647399902344,1.172321081161499,0.0,365.7812098868982,2.735742677740805,0.6057535441300798,0.0021712870180190047,0.004319305287717757,3.74706518146707e-06,0.05475081867126423,0.9989507298091735,0.363675802900478,2.735742677740805,0.8496956874223026,0.8634303681400567,0.9,0.897828712981981,0.8956806947122823,0.8452491813287358,0.346,0.0192
0.5,36,0.2,estimated_ratio_clipped,371864,7551,10000,0.7551,1.02435564994812,1.02435564994812,0.0,365.7812098868982,2.735742677740805,0.6057535441300798,0.0021712870180190047,0.004319305287717757,3.74706518146707e-06,0.05475081867126423,0.9989507298091735,0.363675802900478,2.735742677740805,0.7465746992181914,0.7634293848130893,0.8,0.797828712981981,0.7956806947122823,0.7452491813287359,0.346,0.0192
0.5,37,0.05,unweighted,371865,8761,10000,0.8761,1.20262348651886,1.20262348651886,0.0,500.0,1.0,0.0,0.24614865332573765,0.4922973066514753,0.040395960972489514,5.684783969333541,1.0,1.0,1.0,0.8694977599936422,0.8824133964319347,0.95,0.7038513466742623,0.45770269334852465,-4.734783969333541,0.35,0.0192
0.5,37,0.1,unweighted,371865,8185,10000,0.8185,1.0785813331604004,1.0785813331604004,0.0,500.0,1.0,0.0,0.24614865332573765,0.4922973066514753,0.040395960972489514,5.684783969333541,1.0,1.0,1.0,0.8108238304827391,0.8259315625551398,0.9,0.6538513466742624,0.4077026933485247,-4.7847839693335406,0.35,0.0192
0.5,37,0.2,unweighted,371865,6753,10000,0.6753,0.9388169050216677,0.9388169050216676,0.0,500.0,1.0,0.0,0.24614865332573765,0.4922973066514753,0.040395960972489514,5.684783969333541,1.0,1.0,1.0,0.6660564211685297,0.6844089490027111,0.8,0.5538513466742624,0.30770269334852474,-4.884783969333541,0.35,0.0192
0.5,37,0.05,oracle_ratio,371865,9430,10000,0.943,1.279902100563049,1.279902100563049,0.0,365.17438713607356,2.7182818284590446,0.6076255777332821,8.456776945386935e-18,0.0,0.0,0.0,1.0,0.3678794411714424,2.7182818284590446,0.9382835457662696,0.9473762316773108,0.95,0.95,0.95,0.95,0.35,0.0192
0.5,37,0.1,oracle_ratio,371865,8761,10000,0.8761,1.2123127225637436,1.20262348651886,0.0,365.17438713607356,2.7182818284590446,0.6076255777332821,8.456776945386935e-18,0.0,0.0,0.0,1.0,0.3678794411714424,2.7182818284590446,0.8694977599936422,0.8824133964319347,0.9,0.9,0.9,0.9,0.35,0.0192
0.5,37,0.2,oracle_ratio,371865,7887,10000,0.7887,1.038022890472412,1.0344692468643188,0.0,365.17438713607356,2.7182818284590446,0.6076255777332821,8.456776945386935e-18,0.0,0.0,0.0,1.0,0.3678794411714424,2.7182818284590446,0.7805887330855817,0.7965895462551894,0.8,0.8,0.8,0.8,0.35,0.0192
0.5,37,0.05,estimated_ratio,371865,9430,10000,0.943,1.279902100563049,1.279902100563049,0.0,367.84678100551656,2.691776593004514,0.599384341505575,0.003221126077002519,0.006408842755685014,7.980103040184534e-06,0.07990045326622137,1.0012893663203157,0.3740784617504625,2.691776593004514,0.9382835457662696,0.9473762316773108,0.95,0.9467788739229974,0.943591157244315,0.8700995467337785,0.35,0.0192
0.5,37,0.1,estimated_ratio,371865,8761,10000,0.8761,1.208442141199112,1.20262348651886,0.0,367.84678100551656,2.691776593004514,0.599384341505575,0.003221126077002519,0.006408842755685014,7.980103040184534e-06,0.07990045326622137,1.0012893663203157,0.3740784617504625,2.691776593004514,0.8694977599936422,0.8824133964319347,0.9,0.8967788739229975,0.893591157244315,0.8200995467337786,0.35,0.0192
0.5,37,0.2,estimated_ratio,371865,7887,10000,0.7887,1.0358700543403625,1.0344692468643188,0.0,367.84678100551656,2.691776593004514,0.599384341505575,0.003221126077002519,0.006408842755685014,7.980103040184534e-06,0.07990045326622137,1.0012893663203157,0.3740784617504625,2.691776593004514,0.7805887330855817,0.7965895462551894,0.8,0.7967788739229975,0.7935911572443151,0.7200995467337786,0.35,0.0192
0.5,37,0.05,estimated_ratio_clipped,371865,9430,10000,0.943,1.279902100563049,1.279902100563049,0.0,367.84678100551656,2.691776593004514,0.599384341505575,0.003221126077002519,0.006408842755685014,7.980103040186352e-06,0.07990045326623046,1.0012893663203157,0.3740784617504625,2.691776593004514,0.9382835457662696,0.9473762316773108,0.95,0.9467788739229974,0.943591157244315,0.8700995467337695,0.35,0.0192
0.5,37,0.1,estimated_ratio_clipped,371865,8761,10000,0.8761,1.208442141199112,1.20262348651886,0.0,367.84678100551656,2.691776593004514,0.599384341505575,0.003221126077002519,0.006408842755685014,7.980103040186352e-06,0.07990045326623046,1.0012893663203157,0.3740784617504625,2.691776593004514,0.8694977599936422,0.8824133964319347,0.9,0.8967788739229975,0.893591157244315,0.8200995467337695,0.35,0.0192
0.5,37,0.2,estimated_ratio_clipped,371865,7887,10000,0.7887,1.0358700543403625,1.0344692468643188,0.0,367.84678100551656,2.691776593004514,0.599384341505575,0.003221126077002519,0.006408842755685014,7.980103040186352e-06,0.07990045326623046,1.0012893663203157,0.3740784617504625,2.691776593004514,0.7805887330855817,0.7965895462551894,0.8,0.7967788739229975,0.7935911572443151,0.7200995467337696,0.35,0.0192
0.5,38,0.05,unweighted,371866,8810,10000,0.881,1.2281887531280518,1.2281887531280518,0.0,500.0,1.0,0.0,0.24614865332573765,0.4922973066514753,0.040395960972489514,5.684783969333541,1.0,1.0,1.0,0.8745070904519495,0.8872003027895948,0.95,0.7038513466742623,0.45770269334852465,-4.734783969333541,0.344,0.0192
0.5,38,0.1,unweighted,371866,8337,10000,0.8337,1.1282352209091189,1.1282352209091189,0.0,500.0,1.0,0.0,0.24614865332573765,0.4922973066514753,0.040395960972489514,5.684783969333541,1.0,1.0,1.0,0.8262742156670964,0.840869503820314,0.9,0.6538513466742624,0.4077026933485247,-4.7847839693335406,0.344,0.0192
0.5,38,0.2,unweighted,371866,6563,10000,0.6563,0.9334120154380798,0.9334120154380798,0.0,500.0,1.0,0.0,0.24614865332573765,0.4922973066514753,0.040395960972489514,5.684783969333541,1.0,1.0,1.0,0.6469328744265637,0.6655470876827627,0.8,0.5538513466742624,0.30770269334852474,-4.884783969333541,0.344,0.0192
0.5,38,0.05,oracle_ratio,371866,9577,10000,0.9577,1.2855054492473603,1.2823160886764526,0.0,362.89093688124507,2.7182818284590446,0.614674250960023,8.456776945386935e-18,0.0,0.0,0.0,1.0,0.3678794411714424,2.7182818284590446,0.9535762144593316,0.961472273432151,0.95,0.95,0.95,0.95,0.344,0.0192
0.5,38,0.1,oracle_ratio,371866,8958,10000,0.8958,1.233598211801052,1.2334575653076172,0.0,362.89093688124507,2.7182818284590446,0.614674250960023,8.456776945386935e-18,0.0,0.0,0.0,1.0,0.3678794411714424,2.7182818284590446,0.8896591559521716,0.9016368709376008,0.9,0.9,0.9,0.9,0.344,0.0192
0.5,38,0.2,oracle_ratio,371866,8173,10000,0.8173,1.080737361240387,1.0785813331604004,0.0,362.89093688124507,2.7182818284590446,0.614674250960023,8.456776945386935e-18,0.0,0.0,0.0,1.0,0.3678794411714424,2.7182818284590446,0.8096049311228397,0.8247513835111289,0.8,0.8,0.8,0.8,0.344,0.0192
0.5,38,0.05,estimated_ratio,371866,9488,10000,0.9488,1.2823160886764526,1.2823160886764526,0.0,370.4835519427031,2.616792965470701,0.5912593163753285,0.008848123629113958,0.018989438396903174,5.0107031433140745e-05,0.20021394843145318,0.9925218934665119,0.3808525338532832,2.616792965470701,0.9443051867264983,0.9529501363359824,0.95,0.941151876370886,0.9310105616030968,0.7497860515685468,0.344,0.0192
0.5,38,0.1,estimated_ratio,371866,8885,10000,0.8885,1.2334575653076172,1.2334575653076172,0.0,370.4835519427031,2.616792965470701,0.5912593163753285,0.008848123629113958,0.018989438396903174,5.0107031433140745e-05,0.20021394843145318,0.9925218934665119,0.3808525338532832,2.616792965470701,0.8821812047923988,0.8945204284735854,0.9,0.8911518763708861,0.8810105616030969,0.6997860515685468,0.344,0.0192
0.5,38,0.2,estimated_ratio,371866,8173,10000,0.8173,1.0785813331604004,1.0785813331604004,0.0,370.4835519427031,2.616792965470701,0.5912593163753285,0.008848123629113958,0.018989438396903174,5.0107031433140745e-05,0.20021394843145318,0.9925218934665119,0.3808525338532832,2.616792965470701,0.8096049311228397,0.8247513835111289,0.8,0.7911518763708861,0.7810105616030969,0.5997860515685469,0.344,0.0192
0.5,38,0.05,estimated_ratio_clipped,371866,9488,10000,0.9488,1.2823160886764526,1.2823160886764526,0.0,370.4835519427031,2.616792965470701,0.5912593163753285,0.008848123629113958,0.018989438396903174,5.010703143314176e-05,0.20021394843145518,0.9925218934665119,0.3808525338532832,2.616792965470701,0.9443051867264983,0.9529501363359824,0.95,0.941151876370886,0.9310105616030968,0.7497860515685448,0.344,0.0192
0.5,38,0.1,estimated_ratio_clipped,371866,8885,10000,0.8885,1.2334575653076172,1.2334575653076172,0.0,370.4835519427031,2.616792965470701,0.5912593163753285,0.008848123629113958,0.018989438396903174,5.010703143314176e-05,0.20021394843145518,0.9925218934665119,0.3808525338532832,2.616792965470701,0.8821812047923988,0.8945204284735854,0.9,0.8911518763708861,0.8810105616030969,0.6997860515685448,0.344,0.0192
0.5,38,0.2,estimated_ratio_clipped,371866,8173,10000,0.8173,1.0785813331604004,1.0785813331604004,0.0,370.4835519427031,2.616792965470701,0.5912593163753285,0.008848123629113958,0.018989438396903174,5.010703143314176e-05,0.20021394843145518,0.9925218934665119,0.3808525338532832,2.616792965470701,0.8096049311228397,0.8247513835111289,0.8,0.7911518763708861,0.7810105616030969,0.5997860515685449,0.344,0.0192
0.5,39,0.05,unweighted,371867,8815,10000,0.8815,1.2281887531280518,1.2281887531280518,0.0,500.0,1.0,0.0,0.24614865332573765,0.4922973066514753,0.040395960972489514,5.684783969333541,1.0,1.0,1.0,0.8750184381893826,0.887688571053791,0.95,0.7038513466742623,0.45770269334852465,-4.734783969333541,0.352,0.0192
0.5,39,0.1,unweighted,371867,8097,10000,0.8097,1.0730522871017456,1.0730522871017456,0.0,500.0,1.0,0.0,0.24614865332573765,0.4922973066514753,0.040395960972489514,5.684783969333541,1.0,1.0,1.0,0.8018880346042135,0.8172741168049892,0.9,0.6538513466742624,0.4077026933485247,-4.7847839693335406,0.352,0.0192
0.5,39,0.2,unweighted,371867,6528,10000,0.6528,0.9334120154380798,0.9334120154380798,0.0,500.0,1.0,0.0,0.24614865332573765,0.4922973066514753,0.040395960972489514,5.684783969333541,1.0,1.0,1.0,0.6434119358460058,0.6620707142519155,0.8,0.5538513466742624,0.30770269334852474,-4.884783969333541,0.352,0.0192
0.5,39,0.05,oracle_ratio,371867,9654,10000,0.9654,1.3028135299682615,1.3028135299682615,0.0,368.7857132880456,2.7182818284590446,0.596490481585995,8.456776945386935e-18,0.0,0.0,0.0,1.0,0.3678794411714424,2.7182818284590446,0.961635401714528,0.9688071726020463,0.95,0.95,0.95,0.95,0.352,0.0192
0.5,39,0.1,oracle_ratio,371867,8890,10000,0.889,1.2334575653076172,1.2334575653076172,0.0,368.7857132880456,2.7182818284590446,0.596490481585995,8.456776945386935e-18,0.0,0.0,0.0,1.0,0.3678794411714424,2.7182818284590446,0.8826931179776982,0.8950081312899154,0.9,0.9,0.9,0.9,0.352,0.0192
0.5,39,0.2,oracle_ratio,371867,8019,10000,0.8019,1.053700560629368,1.048194169998169,0.0,368.7857132880456,2.7182818284590446,0.596490481585995,8.456776945386935e-18,0.0,0.0,0.0,1.0,0.3678794411714424,2.7182818284590446,0.7939729228015238,0.8095952189822615,0.8,0.8,0.8,0.8,0.352,0.0192
0.5,39,0.05,estimated_ratio,371867,9654,10000,0.9654,1.3028135299682615,1.3028135299682615,0.0,362.633484420903,2.7932453677697633,0.6154694341387136,0.007471337971234056,0.015135600101255385,3.70966784481219e-05,0.17227113152962548,1.0016293228038347,0.3554155270903447,2.7932453677697633,0.961635401714528,0.9688071726020463,0.95,0.942528662028766,0.9348643998987446,0.7777288684703745,0.352,0.0192
0.5,39,0.1,estimated_ratio,371867,8974,10000,0.8974,1.2337453465938568,1.2334575653076172,0.0,362.633484420903,2.7932453677697633,0.6154694341387136,0.007471337971234056,0.015135600101255385,3.70966784481219e-05,0.17227113152962548,1.0016293228038347,0.3554155270903447,2.7932453677697633,0.89129935220894,0.9031954458860462,0.9,0.892528662028766,0.8848643998987447,0.7277288684703745,0.352,0.0192
0.5,39,0.2,estimated_ratio,371867,8019,10000,0.8019,1.0627883672714231,1.0627883672714231,0.0,362.633484420903,2.7932453677697633,0.6154694341387136,0.007471337971234056,0.015135600101255385,3.70966784481219e-05,0.17227113152962548,1.0016293228038347,0.3554155270903447,2.7932453677697633,0.7939729228015238,0.8095952189822615,0.8,0.792528662028766,0.7848643998987447,0.6277288684703746,0.352,0.0192
0.5,39,0.05,estimated_ratio_clipped,371867,9654,10000,0.9654,1.3028135299682615,1.3028135299682615,0.0,362.633484420903,2.7932453677697633,0.6154694341387136,0.007471337971234056,0.015135600101255385,3.7096678448121764e-05,0.17227113152962514,1.0016293228038347,0.3554155270903447,2.7932453677697633,0.961635401714528,0.9688071726020463,0.95,0.942528662028766,0.9348643998987446,0.7777288684703748,0.352,0.0192
0.5,39,0.1,estimated_ratio_clipped,371867,8974,10000,0.8974,1.2337453465938568,1.2334575653076172,0.0,362.633484420903,2.7932453677697633,0.6154694341387136,0.007471337971234056,0.015135600101255385,3.7096678448121764e-05,0.17227113152962514,1.0016293228038347,0.3554155270903447,2.7932453677697633,0.89129935220894,0.9031954458860462,0.9,0.892528662028766,0.8848643998987447,0.7277288684703749,0.352,0.0192
0.5,39,0.2,estimated_ratio_clipped,371867,8019,10000,0.8019,1.0627883672714231,1.0627883672714231,0.0,362.633484420903,2.7932453677697633,0.6154694341387136,0.007471337971234056,0.015135600101255385,3.7096678448121764e-05,0.17227113152962514,1.0016293228038347,0.3554155270903447,2.7932453677697633,0.7939729228015238,0.8095952189822615,0.8,0.792528662028766,0.7848643998987447,0.6277288684703749,0.352,0.0192
0.5,40,0.05,unweighted,371868,9168,10000,0.9168,1.255275011062622,1.255275011062622,0.0,500.0,1.0,0.0,0.24614865332573765,0.4922973066514753,0.040395960972489514,5.684783969333541,1.0,1.0,1.0,0.9112255102904047,0.9220543886677991,0.95,0.7038513466742623,0.45770269334852465,-4.734783969333541,0.336,0.0192
0.5,40,0.1,unweighted,371868,8274,10000,0.8274,1.1275087594985962,1.1275087594985962,0.0,500.0,1.0,0.0,0.24614865332573765,0.4922973066514753,0.040395960972489514,5.684783969333541,1.0,1.0,1.0,0.8198679086170075,0.8346806492498735,0.9,0.6538513466742624,0.4077026933485247,-4.7847839693335406,0.336,0.0192
0.5,40,0.2,unweighted,371868,6913,10000,0.6913,0.95711350440979,0.95711350440979,0.0,500.0,1.0,0.0,0.24614865332573765,0.4922973066514753,0.040395960972489514,5.684783969333541,1.0,1.0,1.0,0.682173789952863,0.7002792922705161,0.8,0.5538513466742624,0.30770269334852474,-4.884783969333541,0.336,0.0192
0.5,40,0.05,oracle_ratio,371868,9569,10000,0.9569,1.2983108758926392,1.2983108758926392,0.0,369.2816026205966,2.7182818284590446,0.594962401423701,8.456776945386935e-18,0.0,0.0,0.0,1.0,0.3678794411714424,2.7182818284590446,0.9527411113163838,0.9607079909724917,0.95,0.95,0.95,0.95,0.336,0.0192
0.5,40,0.1,oracle_ratio,371868,9168,10000,0.9168,1.255275011062622,1.255275011062622,0.0,369.2816026205966,2.7182818284590446,0.594962401423701,8.456776945386935e-18,0.0,0.0,0.0,1.0,0.3678794411714424,2.7182818284590446,0.9112255102904047,0.9220543886677991,0.9,0.9,0.9,0.9,0.336,0.0192
0.5,40,0.2,oracle_ratio,371868,8187,10000,0.8187,1.0785813331604004,1.0785813331604004,0.0,369.2816026205966,2.7182818284590446,0.594962401423701,8.456776945386935e-18,0.0,0.0,0.0,1.0,0.3678794411714424,2.7182818284590446,0.8110269923193644,0.8261282471191663,0.8,0.8,0.8,0.8,0.336,0.0192
0.5,40,0.05,estimated_ratio,371868,9569,10000,0.9569,1.2983108758926392,1.2983108758926392,0.0,368.6761997897626,2.708545983786004,0.5968279725187347,0.0007382322669790783,0.006105118663524195,5.404207574361987e-06,0.06575230839666078,0.9938948813364759,0.3643391891588702,2.708545983786004,0.9527411113163838,0.9607079909724917,0.95,0.9492617677330208,0.9438948813364758,0.8842476916033392,0.336,0.0192
0.5,40,0.1,estimated_ratio,371868,9168,10000,0.9168,1.255275011062622,1.255275011062622,0.0,368.6761997897626,2.708545983786004,0.5968279725187347,0.0007382322669790783,0.006105118663524195,5.404207574361987e-06,0.06575230839666078,0.9938948813364759,0.3643391891588702,2.708545983786004,0.9112255102904047,0.9220543886677991,0.9,0.8992617677330209,0.8938948813364759,0.8342476916033392,0.336,0.0192
0.5,40,0.2,estimated_ratio,371868,8187,10000,0.8187,1.0785813331604004,1.0785813331604004,0.0,368.6761997897626,2.708545983786004,0.5968279725187347,0.0007382322669790783,0.006105118663524195,5.404207574361987e-06,0.06575230839666078,0.9938948813364759,0.3643391891588702,2.708545983786004,0.8110269923193644,0.8261282471191663,0.8,0.7992617677330209,0.7938948813364759,0.7342476916033392,0.336,0.0192
0.5,40,0.05,estimated_ratio_clipped,371868,9569,10000,0.9569,1.2983108758926392,1.2983108758926392,0.0,368.6761997897626,2.708545983786004,0.5968279725187347,0.0007382322669790783,0.006105118663524195,5.40420757436137e-06,0.06575230839665704,0.9938948813364759,0.3643391891588702,2.708545983786004,0.9527411113163838,0.9607079909724917,0.95,0.9492617677330208,0.9438948813364758,0.8842476916033429,0.336,0.0192
0.5,40,0.1,estimated_ratio_clipped,371868,9168,10000,0.9168,1.255275011062622,1.255275011062622,0.0,368.6761997897626,2.708545983786004,0.5968279725187347,0.0007382322669790783,0.006105118663524195,5.40420757436137e-06,0.06575230839665704,0.9938948813364759,0.3643391891588702,2.708545983786004,0.9112255102904047,0.9220543886677991,0.9,0.8992617677330209,0.8938948813364759,0.834247691603343,0.336,0.0192
0.5,40,0.2,estimated_ratio_clipped,371868,8187,10000,0.8187,1.0785813331604004,1.0785813331604004,0.0,368.6761997897626,2.708545983786004,0.5968279725187347,0.0007382322669790783,0.006105118663524195,5.40420757436137e-06,0.06575230839665704,0.9938948813364759,0.3643391891588702,2.708545983786004,0.8110269923193644,0.8261282471191663,0.8,0.7992617677330209,0.7938948813364759,0.734247691603343,0.336,0.0192
0.5,41,0.05,unweighted,371869,8641,10000,0.8641,1.1766608953475952,1.1766608953475952,0.0,500.0,1.0,0.0,0.24614865332573765,0.4922973066514753,0.040395960972489514,5.684783969333541,1.0,1.0,1.0,0.8572435699672508,0.8706768024192223,0.95,0.7038513466742623,0.45770269334852465,-4.734783969333541,0.348,0.0192
0.5,41,0.1,unweighted,371869,7727,10000,0.7727,1.031848669052124,1.031848669052124,0.0,500.0,1.0,0.0,0.24614865332573765,0.4922973066514753,0.040395960972489514,5.684783969333541,1.0,1.0,1.0,0.7643822203918264,0.7808083468968067,0.9,0.6538513466742624,0.4077026933485247,-4.7847839693335406,0.348,0.0192
0.5,41,0.2,unweighted,371869,6321,10000,0.6321,0.9269172549247742,0.9269172549247742,0.0,500.0,1.0,0.0,0.24614865332573765,0.4922973066514753,0.040395960972489514,5.684783969333541,1.0,1.0,1.0,0.6225993406510608,0.6414992069794063,0.8,0.5538513466742624,0.30770269334852474,-4.884783969333541,0.348,0.0192
0.5,41,0.05,oracle_ratio,371869,9190,10000,0.919,1.255275011062622,1.255275011062622,0.0,363.1986509783814,2.661946418871862,0.613723957207379,8.456776945386935e-18,0.0,0.0,0.0,1.0,0.3678794411714424,2.7182818284590446,0.9134902410633811,0.9241879683019919,0.95,0.95,0.95,0.95,0.348,0.0192
0.5,41,0.1,oracle_ratio,371869,8641,10000,0.8641,1.1766608953475952,1.1766608953475952,0.0,363.1986509783814,2.661946418871862,0.613723957207379,8.456776945386935e-18,0.0,0.0,0.0,1.0,0.3678794411714424,2.7182818284590446,0.8572435699672508,0.8706768024192223,0.9,0.9,0.9,0.9,0.348,0.0192
0.5,41,0.2,oracle_ratio,371869,7555,10000,0.7555,1.0092549324035645,1.0092549324035645,0.0,363.1986509783814,2.661946418871862,0.613723957207379,8.456776945386935e-18,0.0,0.0,0.0,1.0,0.3678794411714424,2.7182818284590446,0.7469791982929024,0.7638245785396818,0.8,0.8,0.8,0.8,0.348,0.0192
0.5,41,0.05,estimated_ratio,371869,9190,10000,0.919,1.255275011062622,1.255275011062622,0.0,368.35462661242263,2.597428422216457,0.5978190303369272,0.006106308591431098,0.012828961880413655,2.3716244228755846e-05,0.1377424966486548,0.9959960292081681,0.37724997150940376,2.6510041477322894,0.9134902410633811,0.9241879683019919,0.95,0.9438936914085688,0.9371710381195864,0.8122575033513452,0.348,0.0192
0.5,41,0.1,estimated_ratio,371869,8641,10000,0.8641,1.1766608953475952,1.1766608953475952,0.0,368.35462661242263,2.597428422216457,0.5978190303369272,0.006106308591431098,0.012828961880413655,2.3716244228755846e-05,0.1377424966486548,0.9959960292081681,0.37724997150940376,2.6510041477322894,0.8572435699672508,0.8706768024192223,0.9,0.8938936914085689,0.8871710381195864,0.7622575033513452,0.348,0.0192
0.5,41,0.2,estimated_ratio,371869,7555,10000,0.7555,1.0092549324035645,1.0092549324035645,0.0,368.35462661242263,2.597428422216457,0.5978190303369272,0.006106308591431098,0.012828961880413655,2.3716244228755846e-05,0.1377424966486548,0.9959960292081681,0.37724997150940376,2.6510041477322894,0.7469791982929024,0.7638245785396818,0.8,0.7938936914085689,0.7871710381195864,0.6622575033513453,0.348,0.0192
0.5,41,0.05,estimated_ratio_clipped,371869,9190,10000,0.919,1.255275011062622,1.255275011062622,0.0,368.35462661242263,2.597428422216457,0.5978190303369272,0.006106308591431098,0.012828961880413655,2.3716244228757563e-05,0.13774249664865978,0.9959960292081681,0.37724997150940376,2.6510041477322894,0.9134902410633811,0.9241879683019919,0.95,0.9438936914085688,0.9371710381195864,0.8122575033513402,0.348,0.0192
0.5,41,0.1,estimated_ratio_clipped,371869,8641,10000,0.8641,1.1766608953475952,1.1766608953475952,0.0,368.35462661242263,2.597428422216457,0.5978190303369272,0.006106308591431098,0.012828961880413655,2.3716244228757563e-05,0.13774249664865978,0.9959960292081681,0.37724997150940376,2.6510041477322894,0.8572435699672508,0.8706768024192223,0.9,0.8938936914085689,0.8871710381195864,0.7622575033513402,0.348,0.0192
0.5,41,0.2,estimated_ratio_clipped,371869,7555,10000,0.7555,1.0092549324035645,1.0092549324035645,0.0,368.35462661242263,2.597428422216457,0.5978190303369272,0.006106308591431098,0.012828961880413655,2.3716244228757563e-05,0.13774249664865978,0.9959960292081681,0.37724997150940376,2.6510041477322894,0.7469791982929024,0.7638245785396818,0.8,0.7938936914085689,0.7871710381195864,0.6622575033513403,0.348,0.0192
0.5,42,0.05,unweighted,371870,8683,10000,0.8683,1.20262348651886,1.20262348651886,0.0,500.0,1.0,0.0,0.24614865332573765,0.4922973066514753,0.040395960972489514,5.684783969333541,1.0,1.0,1.0,0.8615304381116515,0.8747867086885079,0.95,0.7038513466742623,0.45770269334852465,-4.734783969333541,0.346,0.0192
0.5,42,0.1,unweighted,371870,7651,10000,0.7651,1.0256803035736084,1.0256803035736084,0.0,500.0,1.0,0.0,0.24614865332573765,0.4922973066514753,0.040395960972489514,5.684783969333541,1.0,1.0,1.0,0.7566901749399545,0.7733062291239127,0.9,0.6538513466742624,0.4077026933485247,-4.7847839693335406,0.346,0.0192
0.5,42,0.2,unweighted,371870,6069,10000,0.6069,0.9207746982574465,0.9207746982574464,0.0,500.0,1.0,0.0,0.24614865332573765,0.4922973066514753,0.040395960972489514,5.684783969333541,1.0,1.0,1.0,0.5972874776413506,0.6164304235069986,0.8,0.5538513466742624,0.30770269334852474,-4.884783969333541,0.346,0.0192
0.5,42,0.05,oracle_ratio,371870,9500,10000,0.95,1.2983108758926392,1.2983108758926392,0.0,368.87866905054995,2.6899666501187367,0.5962040245639286,8.456776945386935e-18,0.0,0.0,0.0,1.0,0.3678794411714424,2.7182818284590446,0.9455528841569758,0.9541015173094152,0.95,0.95,0.95,0.95,0.346,0.0192
0.5,42,0.1,oracle_ratio,371870,8683,10000,0.8683,1.2156387637495996,1.2281887531280518,0.0,368.87866905054995,2.6899666501187367,0.5962040245639286,8.456776945386935e-18,0.0,0.0,0.0,1.0,0.3678794411714424,2.7182818284590446,0.8615304381116515,0.8747867086885079,0.9,0.9,0.9,0.9,0.346,0.0192
0.5,42,0.2,oracle_ratio,371870,7462,10000,0.7462,1.0019125938415527,1.0019125938415527,0.0,368.87866905054995,2.6899666501187367,0.5962040245639286,8.456776945386935e-18,0.0,0.0,0.0,1.0,0.3678794411714424,2.7182818284590446,0.7375771136679181,0.7546338055343607,0.8,0.8,0.8,0.8,0.346,0.0192
0.5,42,0.05,estimated_ratio,371870,9500,10000,0.95,1.299145651423931,1.2983108758926392,0.0,352.9096329874455,2.938523998729516,0.6455952989450163,0.01984098919790764,0.04493423342434453,0.00025723638594767745,0.45363984476470093,1.0219736413962837,0.3412462769550414,2.9720124014173916,0.9455528841569758,0.9541015173094152,0.95,0.9301590108020923,0.9050657665756554,0.496360155235299,0.346,0.0192
0.5,42,0.1,estimated_ratio,371870,8807,10000,0.8807,1.2295001604795457,1.2281887531280518,0.0,352.9096329874455,2.938523998729516,0.6455952989450163,0.01984098919790764,0.04493423342434453,0.00025723638594767745,0.45363984476470093,1.0219736413962837,0.3412462769550414,2.9720124014173916,0.8742002991198212,0.8869073245207457,0.9,0.8801590108020924,0.8550657665756555,0.4463601552352991,0.346,0.0192
0.5,42,0.2,estimated_ratio,371870,7596,10000,0.7596,1.0247334411621094,1.02435564994812,0.0,352.9096329874455,2.938523998729516,0.6455952989450163,0.01984098919790764,0.04493423342434453,0.00025723638594767745,0.45363984476470093,1.0219736413962837,0.3412462769550414,2.9720124014173916,0.7511258856647626,0.7678747423811821,0.8,0.7801590108020924,0.7550657665756555,0.3463601552352991,0.346,0.0192
0.5,42,0.05,estimated_ratio_clipped,371870,9500,10000,0.95,1.299145651423931,1.2983108758926392,0.0,352.9096329874455,2.938523998729516,0.6455952989450163,0.01984098919790764,0.04493423342434453,0.0002572363859476812,0.4536398447647042,1.0219736413962837,0.3412462769550414,2.9720124014173916,0.9455528841569758,0.9541015173094152,0.95,0.9301590108020923,0.9050657665756554,0.49636015523529575,0.346,0.0192
0.5,42,0.1,estimated_ratio_clipped,371870,8807,10000,0.8807,1.2295001604795457,1.2281887531280518,0.0,352.9096329874455,2.938523998729516,0.6455952989450163,0.01984098919790764,0.04493423342434453,0.0002572363859476812,0.4536398447647042,1.0219736413962837,0.3412462769550414,2.9720124014173916,0.8742002991198212,0.8869073245207457,0.9,0.8801590108020924,0.8550657665756555,0.4463601552352958,0.346,0.0192
0.5,42,0.2,estimated_ratio_clipped,371870,7596,10000,0.7596,1.0247334411621094,1.02435564994812,0.0,352.9096329874455,2.938523998729516,0.6455952989450163,0.01984098919790764,0.04493423342434453,0.0002572363859476812,0.4536398447647042,1.0219736413962837,0.3412462769550414,2.9720124014173916,0.7511258856647626,0.7678747423811821,0.8,0.7801590108020924,0.7550657665756555,0.34636015523529584,0.346,0.0192
0.5,43,0.05,unweighted,371871,8855,10000,0.8855,1.2281887531280518,1.2281887531280518,0.0,500.0,1.0,0.0,0.24614865332573765,0.4922973066514753,0.040395960972489514,5.684783969333541,1.0,1.0,1.0,0.8791105415404603,0.8915933957157478,0.95,0.7038513466742623,0.45770269334852465,-4.734783969333541,0.346,0.0192
0.5,43,0.1,unweighted,371871,8362,10000,0.8362,1.1282352209091189,1.1282352209091189,0.0,500.0,1.0,0.0,0.24614865332573765,0.4922973066514753,0.040395960972489514,5.684783969333541,1.0,1.0,1.0,0.8288174347311529,0.8433243647644043,0.9,0.6538513466742624,0.4077026933485247,-4.7847839693335406,0.346,0.0192
0.5,43,0.2,unweighted,371871,7000,10000,0.7,0.9646281003952026,0.9646281003952026,0.0,500.0,1.0,0.0,0.24614865332573765,0.4922973066514753,0.040395960972489514,5.684783969333541,1.0,1.0,1.0,0.6909429132462646,0.7089034874054647,0.8,0.5538513466742624,0.30770269334852474,-4.884783969333541,0.346,0.0192
0.5,43,0.05,oracle_ratio,371871,9563,10000,0.9563,1.2994946236491203,1.2983108758926392,0.0,375.28878521830603,2.7182818284590446,0.5764610408030564,8.456776945386935e-18,0.0,0.0,0.0,1.0,0.3678794411714424,2.7182818284590446,0.9521150293743628,0.9601345337125577,0.95,0.95,0.95,0.95,0.346,0.0192
0.5,43,0.1,oracle_ratio,371871,8925,10000,0.8925,1.2334575653076172,1.2334575653076172,0.0,375.28878521830603,2.7182818284590446,0.5764610408030564,8.456776945386935e-18,0.0,0.0,0.0,1.0,0.3678794411714424,2.7182818284590446,0.8862776284753757,0.898420932803643,0.9,0.9,0.9,0.9,0.346,0.0192
0.5,43,0.2,oracle_ratio,371871,8141,10000,0.8141,1.073814742553234,1.0730522871017456,0.0,375.28878521830603,2.7182818284590446,0.5764610408030564,8.456776945386935e-18,0.0,0.0,0.0,1.0,0.3678794411714424,2.7182818284590446,0.8063551275847862,0.8216036446387547,0.8,0.8,0.8,0.8,0.346,0.0192
0.5,43,0.05,estimated_ratio,371871,9563,10000,0.9563,1.2988349848270415,1.2983108758926392,0.0,381.5593405780467,2.6069603040636093,0.5571464447558144,0.007771350624251693,0.019958534874629747,4.9688436076628796e-05,0.199375898396228,0.985109101083592,0.3760860067060803,2.6069603040636093,0.9521150293743628,0.9601345337125577,0.95,0.9422286493757482,0.9300414651253702,0.750624101603772,0.346,0.0192
0.5,43,0.1,estimated_ratio,371871,8925,10000,0.8925,1.2334575653076172,1.2334575653076172,0.0,381.5593405780467,2.6069603040636093,0.5571464447558144,0.007771350624251693,0.019958534874629747,4.9688436076628796e-05,0.199375898396228,0.985109101083592,0.3760860067060803,2.6069603040636093,0.8862776284753757,0.898420932803643,0.9,0.8922286493757483,0.8800414651253703,0.700624101603772,0.346,0.0192
0.5,43,0.2,estimated_ratio,371871,8141,10000,0.8141,1.0730522871017456,1.0730522871017456,0.0,381.5593405780467,2.6069603040636093,0.5571464447558144,0.007771350624251693,0.019958534874629747,4.9688436076628796e-05,0.199375898396228,0.985109101083592,0.3760860067060803,2.6069603040636093,0.8063551275847862,0.8216036446387547,0.8,0.7922286493757483,0.7800414651253703,0.6006241016037721,0.346,0.0192
0.5,43,0.05,estimated_ratio_clipped,371871,9563,10000,0.9563,1.2988349848270415,1.2983108758926392,0.0,381.5593405780467,2.6069603040636093,0.5571464447558144,0.007771350624251693,0.019958534874629747,4.968843607662737e-05,0.19937589839622516,0.985109101083592,0.3760860067060803,2.6069603040636093,0.9521150293743628,0.9601345337125577,0.95,0.9422286493757482,0.9300414651253702,0.7506241016037748,0.346,0.0192
0.5,43,0.1,estimated_ratio_clipped,371871,8925,10000,0.8925,1.2334575653076172,1.2334575653076172,0.0,381.5593405780467,2.6069603040636093,0.5571464447558144,0.007771350624251693,0.019958534874629747,4.968843607662737e-05,0.19937589839622516,0.985109101083592,0.3760860067060803,2.6069603040636093,0.8862776284753757,0.898420932803643,0.9,0.8922286493757483,0.8800414651253703,0.7006241016037749,0.346,0.0192
0.5,43,0.2,estimated_ratio_clipped,371871,8141,10000,0.8141,1.0730522871017456,1.0730522871017456,0.0,381.5593405780467,2.6069603040636093,0.5571464447558144,0.007771350624251693,0.019958534874629747,4.968843607662737e-05,0.19937589839622516,0.985109101083592,0.3760860067060803,2.6069603040636093,0.8063551275847862,0.8216036446387547,0.8,0.7922286493757483,0.7800414651253703,0.6006241016037749,0.346,0.0192
0.5,44,0.05,unweighted,371872,8964,10000,0.8964,1.2339407205581665,1.2339407205581665,0.0,500.0,1.0,0.0,0.24614865332573765,0.4922973066514753,0.040395960972489514,5.684783969333541,1.0,1.0,1.0,0.8902741775976705,0.902221388494057,0.95,0.7038513466742623,0.45770269334852465,-4.734783969333541,0.352,0.0192
0.5,44,0.1,unweighted,371872,8471,10000,0.8471,1.1369203329086304,1.1369203329086304,0.0,500.0,1.0,0.0,0.24614865332573765,0.4922973066514753,0.040395960972489514,5.684783969333541,1.0,1.0,1.0,0.8399130736415881,0.8540203546894882,0.9,0.6538513466742624,0.4077026933485247,-4.7847839693335406,0.352,0.0192
0.5,44,0.2,unweighted,371872,7073,10000,0.7073,0.9663662910461426,0.9663662910461426,0.0,500.0,1.0,0.0,0.24614865332573765,0.4922973066514753,0.040395960972489514,5.684783969333541,1.0,1.0,1.0,0.698303881229501,0.7161369130460165,0.8,0.5538513466742624,0.30770269334852474,-4.884783969333541,0.352,0.0192
0.5,44,0.05,oracle_ratio,371872,9391,10000,0.9391,1.279902100563049,1.279902100563049,0.0,372.0827622828575,2.7182818284590446,0.5863335712392036,8.456776945386935e-18,0.0,0.0,0.0,1.0,0.3678794411714424,2.7182818284590446,0.9342420628725843,0.9436207097582876,0.95,0.95,0.95,0.95,0.352,0.0192
0.5,44,0.1,oracle_ratio,371872,9038,10000,0.9038,1.245755910873413,1.245755910873413,0.0,372.0827622828575,2.7182818284590446,0.5863335712392036,8.456776945386935e-18,0.0,0.0,0.0,1.0,0.3678794411714424,2.7182818284590446,0.8978647168490466,0.9094251660667951,0.9,0.9,0.9,0.9,0.352,0.0192
0.5,44,0.2,oracle_ratio,371872,8184,10000,0.8184,1.0843974267959595,1.0785813331604004,0.0,372.0827622828575,2.7182818284590446,0.5863335712392036,8.456776945386935e-18,0.0,0.0,0.0,1.0,0.3678794411714424,2.7182818284590446,0.8107222508470776,0.8258332189904755,0.8,0.8,0.8,0.8,0.352,0.0192
0.5,44,0.05,estimated_ratio,371872,9391,10000,0.9391,1.279902100563049,1.279902100563049,0.0,367.55269446249446,2.75820917294706,0.6002908980354353,0.005807454096472979,0.011777373634786637,3.1575758259354626e-05,0.15893585689668552,0.9946988443765203,0.35581927543246283,2.75820917294706,0.9342420628725843,0.9436207097582876,0.95,0.944192545903527,0.9382226263652134,0.7910641431033144,0.352,0.0192
0.5,44,0.1,estimated_ratio,371872,9038,10000,0.9038,1.245755910873413,1.245755910873413,0.0,367.55269446249446,2.75820917294706,0.6002908980354353,0.005807454096472979,0.011777373634786637,3.1575758259354626e-05,0.15893585689668552,0.9946988443765203,0.35581927543246283,2.75820917294706,0.8978647168490466,0.9094251660667951,0.9,0.894192545903527,0.8882226263652134,0.7410641431033145,0.352,0.0192
0.5,44,0.2,estimated_ratio,371872,8230,10000,0.823,1.0906329154968262,1.0906329154968262,0.0,367.55269446249446,2.75820917294706,0.6002908980354353,0.005807454096472979,0.011777373634786637,3.1575758259354626e-05,0.15893585689668552,0.9946988443765203,0.35581927543246283,2.75820917294706,0.8153958074009142,0.8303561296516286,0.8,0.7941925459035271,0.7882226263652135,0.6410641431033145,0.352,0.0192
0.5,44,0.05,estimated_ratio_clipped,371872,9391,10000,0.9391,1.279902100563049,1.279902100563049,0.0,367.55269446249446,2.75820917294706,0.6002908980354353,0.005807454096472979,0.011777373634786637,3.1575758259352254e-05,0.15893585689667955,0.9946988443765203,0.35581927543246283,2.75820917294706,0.9342420628725843,0.9436207097582876,0.95,0.944192545903527,0.9382226263652134,0.7910641431033204,0.352,0.0192
0.5,44,0.1,estimated_ratio_clipped,371872,9038,10000,0.9038,1.245755910873413,1.245755910873413,0.0,367.55269446249446,2.75820917294706,0.6002908980354353,0.005807454096472979,0.011777373634786637,3.1575758259352254e-05,0.15893585689667955,0.9946988443765203,0.35581927543246283,2.75820917294706,0.8978647168490466,0.9094251660667951,0.9,0.894192545903527,0.8882226263652134,0.7410641431033205,0.352,0.0192
0.5,44,0.2,estimated_ratio_clipped,371872,8230,10000,0.823,1.0906329154968262,1.0906329154968262,0.0,367.55269446249446,2.75820917294706,0.6002908980354353,0.005807454096472979,0.011777373634786637,3.1575758259352254e-05,0.15893585689667955,0.9946988443765203,0.35581927543246283,2.75820917294706,0.8153958074009142,0.8303561296516286,0.8,0.7941925459035271,0.7882226263652135,0.6410641431033205,0.352,0.0192
0.5,45,0.05,unweighted,371873,9159,10000,0.9159,1.255275011062622,1.255275011062622,0.0,500.0,1.0,0.0,0.24614865332573765,0.4922973066514753,0.040395960972489514,5.684783969333541,1.0,1.0,1.0,0.9102993557175597,0.9211812344377116,0.95,0.7038513466742623,0.45770269334852465,-4.734783969333541,0.344,0.0192
0.5,45,0.1,unweighted,371873,8391,10000,0.8391,1.135647535324097,1.135647535324097,0.0,500.0,1.0,0.0,0.24614865332573765,0.4922973066514753,0.040395960972489514,5.684783969333541,1.0,1.0,1.0,0.8317683257013736,0.8461712466036334,0.9,0.6538513466742624,0.4077026933485247,-4.7847839693335406,0.344,0.0192
0.5,45,0.2,unweighted,371873,6956,10000,0.6956,0.9646281003952026,0.9646281003952026,0.0,500.0,1.0,0.0,0.24614865332573765,0.4922973066514753,0.040395960972489514,5.684783969333541,1.0,1.0,1.0,0.6865074788550736,0.7045423009823177,0.8,0.5538513466742624,0.30770269334852474,-4.884783969333541,0.344,0.0192
0.5,45,0.05,oracle_ratio,371873,9536,10000,0.9536,1.2997359659075738,1.2983108758926392,0.0,370.3545952389556,2.7182818284590446,0.5916565750528046,8.456776945386935e-18,0.0,0.0,0.0,1.0,0.3678794411714424,2.7182818284590446,0.9493001510574847,0.9575514856206374,0.95,0.95,0.95,0.95,0.344,0.0192
0.5,45,0.1,oracle_ratio,371873,9159,10000,0.9159,1.255275011062622,1.255275011062622,0.0,370.3545952389556,2.7182818284590446,0.5916565750528046,8.456776945386935e-18,0.0,0.0,0.0,1.0,0.3678794411714424,2.7182818284590446,0.9102993557175597,0.9211812344377116,0.9,0.9,0.9,0.9,0.344,0.0192
0.5,45,0.2,oracle_ratio,371873,8334,10000,0.8334,1.1282352209091189,1.1282352209091189,0.0,370.3545952389556,2.7182818284590446,0.5916565750528046,8.456776945386935e-18,0.0,0.0,0.0,1.0,0.3678794411714424,2.7182818284590446,0.8259690694150948,0.8405748804713381,0.8,0.8,0.8,0.8,0.344,0.0192
0.5,45,0.05,estimated_ratio,371873,9597,10000,0.9597,1.3010480393052102,1.3028135299682615,0.0,360.83682206888994,2.8488207866665483,0.6210216549376903,0.011637152083864809,0.024509396607872984,8.656413258036645e-05,0.2631564288864955,1.0071767165125507,0.35019231726412764,2.8488207866665483,0.9556656725370806,0.9633812793609192,0.95,0.9383628479161351,0.925490603392127,0.6868435711135045,0.344,0.0192
0.5,45,0.1,estimated_ratio,371873,9159,10000,0.9159,1.255275011062622,1.255275011062622,0.0,360.83682206888994,2.8488207866665483,0.6210216549376903,0.011637152083864809,0.024509396607872984,8.656413258036645e-05,0.2631564288864955,1.0071767165125507,0.35019231726412764,2.8488207866665483,0.9102993557175597,0.9211812344377116,0.9,0.8883628479161352,0.875490603392127,0.6368435711135045,0.344,0.0192
0.5,45,0.2,estimated_ratio,371873,8334,10000,0.8334,1.1282352209091189,1.1282352209091189,0.0,360.83682206888994,2.8488207866665483,0.6210216549376903,0.011637152083864809,0.024509396607872984,8.656413258036645e-05,0.2631564288864955,1.0071767165125507,0.35019231726412764,2.8488207866665483,0.8259690694150948,0.8405748804713381,0.8,0.7883628479161352,0.775490603392127,0.5368435711135046,0.344,0.0192
0.5,45,0.05,estimated_ratio_clipped,371873,9597,10000,0.9597,1.3010480393052102,1.3028135299682615,0.0,360.83682206888994,2.8488207866665483,0.6210216549376903,0.011637152083864809,0.024509396607872984,8.656413258036817e-05,0.2631564288864981,1.0071767165125507,0.35019231726412764,2.8488207866665483,0.9556656725370806,0.9633812793609192,0.95,0.9383628479161351,0.925490603392127,0.6868435711135019,0.344,0.0192
0.5,45,0.1,estimated_ratio_clipped,371873,9159,10000,0.9159,1.255275011062622,1.255275011062622,0.0,360.83682206888994,2.8488207866665483,0.6210216549376903,0.011637152083864809,0.024509396607872984,8.656413258036817e-05,0.2631564288864981,1.0071767165125507,0.35019231726412764,2.8488207866665483,0.9102993557175597,0.9211812344377116,0.9,0.8883628479161352,0.875490603392127,0.6368435711135019,0.344,0.0192
0.5,45,0.2,estimated_ratio_clipped,371873,8334,10000,0.8334,1.1282352209091189,1.1282352209091189,0.0,360.83682206888994,2.8488207866665483,0.6210216549376903,0.011637152083864809,0.024509396607872984,8.656413258036817e-05,0.2631564288864981,1.0071767165125507,0.35019231726412764,2.8488207866665483,0.8259690694150948,0.8405748804713381,0.8,0.7883628479161352,0.775490603392127,0.536843571113502,0.344,0.0192
0.5,46,0.05,unweighted,371874,9076,10000,0.9076,1.2524614334106443,1.2524614334106443,0.0,500.0,1.0,0.0,0.24614865332573765,0.4922973066514753,0.040395960972489514,5.684783969333541,1.0,1.0,1.0,0.9017665586850125,0.9131204058432119,0.95,0.7038513466742623,0.45770269334852465,-4.734783969333541,0.356,0.0192
0.5,46,0.1,unweighted,371874,8164,10000,0.8164,1.0906329154968262,1.0906329154968262,0.0,500.0,1.0,0.0,0.24614865332573765,0.4922973066514753,0.040395960972489514,5.684783969333541,1.0,1.0,1.0,0.80869083682636,0.8238661690046759,0.9,0.6538513466742624,0.4077026933485247,-4.7847839693335406,0.356,0.0192
0.5,46,0.2,unweighted,371874,6795,10000,0.6795,0.9429588913917542,0.9429588913917542,0.0,500.0,1.0,0.0,0.24614865332573765,0.4922973066514753,0.040395960972489514,5.684783969333541,1.0,1.0,1.0,0.6702860288155181,0.688576115769409,0.8,0.5538513466742624,0.30770269334852474,-4.884783969333541,0.356,0.0192
0.5,46,0.05,oracle_ratio,371874,9570,10000,0.957,1.298426143836975,1.2983108758926392,0.0,365.5320930482136,2.7182818284590446,0.606522010444974,8.456776945386935e-18,0.0,0.0,0.0,1.0,0.3678794411714424,2.7182818284590446,0.9528454785994191,0.9608035468897822,0.95,0.95,0.95,0.95,0.356,0.0192
0.5,46,0.1,oracle_ratio,371874,9257,10000,0.9257,1.257892370223999,1.257892370223999,0.0,365.5320930482136,2.7182818284590446,0.606522010444974,8.456776945386935e-18,0.0,0.0,0.0,1.0,0.3678794411714424,2.7182818284590446,0.9203947480010474,0.9306783157861586,0.9,0.9,0.9,0.9,0.356,0.0192
0.5,46,0.2,oracle_ratio,371874,8164,10000,0.8164,1.0906329154968262,1.0906329154968262,0.0,365.5320930482136,2.7182818284590446,0.606522010444974,8.456776945386935e-18,0.0,0.0,0.0,1.0,0.3678794411714424,2.7182818284590446,0.80869083682636,0.8238661690046759,0.8,0.8,0.8,0.8,0.356,0.0192
0.5,46,0.05,estimated_ratio,371874,9570,10000,0.957,1.2983108758926392,1.2983108758926392,0.0,381.8132174274493,2.4904713368307587,0.556363942165536,0.01934332949349975,0.04238328133631506,0.0002455225162826273,0.4431907185694459,0.9798260316220658,0.39494981136409874,2.4904713368307587,0.9528454785994191,0.9608035468897822,0.95,0.9306566705065002,0.9076167186636849,0.506809281430554,0.356,0.0192
0.5,46,0.1,estimated_ratio,371874,9257,10000,0.9257,1.2574898203849791,1.257892370223999,0.0,381.8132174274493,2.4904713368307587,0.556363942165536,0.01934332949349975,0.04238328133631506,0.0002455225162826273,0.4431907185694459,0.9798260316220658,0.39494981136409874,2.4904713368307587,0.9203947480010474,0.9306783157861586,0.9,0.8806566705065003,0.8576167186636849,0.4568092814305541,0.356,0.0192
0.5,46,0.2,estimated_ratio,371874,8123,10000,0.8123,1.0762491815328599,1.0785813331604004,0.0,381.8132174274493,2.4904713368307587,0.556363942165536,0.01934332949349975,0.04238328133631506,0.0002455225162826273,0.4431907185694459,0.9798260316220658,0.39494981136409874,2.4904713368307587,0.8045274883566583,0.819832666261017,0.8,0.7806566705065003,0.757616718663685,0.3568092814305541,0.356,0.0192
0.5,46,0.05,estimated_ratio_clipped,371874,9570,10000,0.957,1.2983108758926392,1.2983108758926392,0.0,381.8132174274493,2.4904713368307587,0.556363942165536,0.01934332949349975,0.04238328133631506,0.0002455225162826262,0.4431907185694449,0.9798260316220658,0.39494981136409874,2.4904713368307587,0.9528454785994191,0.9608035468897822,0.95,0.9306566705065002,0.9076167186636849,0.506809281430555,0.356,0.0192
0.5,46,0.1,estimated_ratio_clipped,371874,9257,10000,0.9257,1.2574898203849791,1.257892370223999,0.0,381.8132174274493,2.4904713368307587,0.556363942165536,0.01934332949349975,0.04238328133631506,0.0002455225162826262,0.4431907185694449,0.9798260316220658,0.39494981136409874,2.4904713368307587,0.9203947480010474,0.9306783157861586,0.9,0.8806566705065003,0.8576167186636849,0.4568092814305551,0.356,0.0192
0.5,46,0.2,estimated_ratio_clipped,371874,8123,10000,0.8123,1.0762491815328599,1.0785813331604004,0.0,381.8132174274493,2.4904713368307587,0.556363942165536,0.01934332949349975,0.04238328133631506,0.0002455225162826262,0.4431907185694449,0.9798260316220658,0.39494981136409874,2.4904713368307587,0.8045274883566583,0.819832666261017,0.8,0.7806566705065003,0.757616718663685,0.3568092814305551,0.356,0.0192
0.5,47,0.05,unweighted,371875,8560,10000,0.856,1.172321081161499,1.172321081161499,0.0,500.0,1.0,0.0,0.24614865332573765,0.4922973066514753,0.040395960972489514,5.684783969333541,1.0,1.0,1.0,0.8489820275845624,0.8627445655755158,0.95,0.7038513466742623,0.45770269334852465,-4.734783969333541,0.35,0.0192
0.5,47,0.1,unweighted,371875,7672,10000,0.7672,1.0256803035736084,1.0256803035736084,0.0,500.0,1.0,0.0,0.24614865332573765,0.4922973066514753,0.040395960972489514,5.684783969333541,1.0,1.0,1.0,0.7588152320236106,0.7753795592470998,0.9,0.6538513466742624,0.4077026933485247,-4.7847839693335406,0.35,0.0192
0.5,47,0.2,unweighted,371875,6591,10000,0.6591,0.9334120154380798,0.9334120154380798,0.0,500.0,1.0,0.0,0.24614865332573765,0.4922973066514753,0.040395960972489514,5.684783969333541,1.0,1.0,1.0,0.6497500282431761,0.6683277834752746,0.8,0.5538513466742624,0.30770269334852474,-4.884783969333541,0.35,0.0192
0.5,47,0.05,oracle_ratio,371875,9163,10000,0.9163,1.255275011062622,1.255275011062622,0.0,377.2930285399956,2.661946418871862,0.5702893067729363,8.456776945386935e-18,0.0,0.0,0.0,1.0,0.3678794411714424,2.7182818284590446,0.9107109569329683,0.9215693260236062,0.95,0.95,0.95,0.95,0.35,0.0192
0.5,47,0.1,oracle_ratio,371875,8511,10000,0.8511,1.1501529216766355,1.1501529216766355,0.0,377.2930285399956,2.661946418871862,0.5702893067729363,8.456776945386935e-18,0.0,0.0,0.0,1.0,0.3678794411714424,2.7182818284590446,0.8439879419138292,0.8579424144302816,0.9,0.9,0.9,0.9,0.35,0.0192
0.5,47,0.2,oracle_ratio,371875,7550,10000,0.755,1.0092549324035645,1.0092549324035645,0.0,377.2930285399956,2.661946418871862,0.5702893067729363,8.456776945386935e-18,0.0,0.0,0.0,1.0,0.3678794411714424,2.7182818284590446,0.7464735759893686,0.7633305848415863,0.8,0.8,0.8,0.8,0.35,0.0192
0.5,47,0.05,estimated_ratio,371875,9327,10000,0.9327,1.2588754915475846,1.255275011062622,0.0,368.57207667712237,2.8148086268519448,0.5971488606947012,0.011082323841640967,0.027825599172699597,9.22014523383311e-05,0.2715900621721363,1.019106514509676,0.3553038298313459,2.8771367400825336,0.9276214658440161,0.9374462219660002,0.95,0.938917676158359,0.9221744008273004,0.6784099378278636,0.35,0.0192
0.5,47,0.1,estimated_ratio,371875,8511,10000,0.8511,1.1501529216766355,1.1501529216766355,0.0,368.57207667712237,2.8148086268519448,0.5971488606947012,0.011082323841640967,0.027825599172699597,9.22014523383311e-05,0.2715900621721363,1.019106514509676,0.3553038298313459,2.8771367400825336,0.8439879419138292,0.8579424144302816,0.9,0.888917676158359,0.8721744008273005,0.6284099378278637,0.35,0.0192
0.5,47,0.2,estimated_ratio,371875,7611,10000,0.7611,1.0126963859319686,1.0092549324035645,0.0,368.57207667712237,2.8148086268519448,0.5971488606947012,0.011082323841640967,0.027825599172699597,9.22014523383311e-05,0.2715900621721363,1.019106514509676,0.3553038298313459,2.8771367400825336,0.7526432289714571,0.7693562470793756,0.8,0.7889176761583591,0.7721744008273005,0.5284099378278637,0.35,0.0192
0.5,47,0.05,estimated_ratio_clipped,371875,9327,10000,0.9327,1.2588754915475846,1.255275011062622,0.0,368.57207667712237,2.8148086268519448,0.5971488606947012,0.011082323841640967,0.027825599172699597,9.220145233832823e-05,0.2715900621721321,1.019106514509676,0.3553038298313459,2.8771367400825336,0.9276214658440161,0.9374462219660002,0.95,0.938917676158359,0.9221744008273004,0.6784099378278678,0.35,0.0192
0.5,47,0.1,estimated_ratio_clipped,371875,8511,10000,0.8511,1.1501529216766355,1.1501529216766355,0.0,368.57207667712237,2.8148086268519448,0.5971488606947012,0.011082323841640967,0.027825599172699597,9.220145233832823e-05,0.2715900621721321,1.019106514509676,0.3553038298313459,2.8771367400825336,0.8439879419138292,0.8579424144302816,0.9,0.888917676158359,0.8721744008273005,0.6284099378278679,0.35,0.0192
0.5,47,0.2,estimated_ratio_clipped,371875,7611,10000,0.7611,1.0126963859319686,1.0092549324035645,0.0,368.57207667712237,2.8148086268519448,0.5971488606947012,0.011082323841640967,0.027825599172699597,9.220145233832823e-05,0.2715900621721321,1.019106514509676,0.3553038298313459,2.8771367400825336,0.7526432289714571,0.7693562470793756,0.8,0.7889176761583591,0.7721744008273005,0.5284099378278679,0.35,0.0192
0.5,48,0.05,unweighted,371876,8920,10000,0.892,1.2339407205581665,1.2339407205581665,0.0,500.0,1.0,0.0,0.24614865332573765,0.4922973066514753,0.040395960972489514,5.684783969333541,1.0,1.0,1.0,0.8857654340520319,0.8979335112253576,0.95,0.7038513466742623,0.45770269334852465,-4.734783969333541,0.352,0.0192
0.5,48,0.1,unweighted,371876,8255,10000,0.8255,1.1275087594985962,1.1275087594985962,0.0,500.0,1.0,0.0,0.24614865332573765,0.4922973066514753,0.040395960972489514,5.684783969333541,1.0,1.0,1.0,0.8179365616384285,0.8328134554222609,0.9,0.6538513466742624,0.4077026933485247,-4.7847839693335406,0.352,0.0192
0.5,48,0.2,unweighted,371876,6876,10000,0.6876,0.9496273398399351,0.9496273398399352,0.0,500.0,1.0,0.0,0.24614865332573765,0.4922973066514753,0.040395960972489514,5.684783969333541,1.0,1.0,1.0,0.6784455373583167,0.6966103864530053,0.8,0.5538513466742624,0.30770269334852474,-4.884783969333541,0.352,0.0192
0.5,48,0.05,oracle_ratio,371876,9581,10000,0.9581,1.2983108758926392,1.2983108758926392,0.0,365.81752346768906,2.7182818284590446,0.6056415314009309,8.456776945386935e-18,0.0,0.0,0.0,1.0,0.3678794411714424,2.7182818284590446,0.9539939091090913,0.9618542715836945,0.95,0.95,0.95,0.95,0.352,0.0192
0.5,48,0.1,oracle_ratio,371876,9172,10000,0.9172,1.255275011062622,1.255275011062622,0.0,365.81752346768906,2.7182818284590446,0.6056415314009309,8.456776945386935e-18,0.0,0.0,0.0,1.0,0.3678794411714424,2.7182818284590446,0.9116371947411773,0.9224423970183301,0.9,0.9,0.9,0.9,0.352,0.0192
0.5,48,0.2,oracle_ratio,371876,8155,10000,0.8155,1.0744063504815102,1.0730522871017456,0.0,365.81752346768906,2.7182818284590446,0.6056415314009309,8.456776945386935e-18,0.0,0.0,0.0,1.0,0.3678794411714424,2.7182818284590446,0.8077768108572811,0.8229808861708219,0.8,0.8,0.8,0.8,0.352,0.0192
0.5,48,0.05,estimated_ratio,371876,9581,10000,0.9581,1.2983108758926392,1.2983108758926392,0.0,367.0526913720879,2.7174058068327653,0.6018324055745725,0.001524827674088499,0.0049492399427678215,5.566817859274551e-06,0.06673420627698841,1.0049336298539469,0.3724070708467308,2.7174058068327653,0.9539939091090913,0.9618542715836945,0.95,0.9484751723259115,0.9450507600572321,0.8832657937230115,0.352,0.0192
0.5,48,0.1,estimated_ratio,371876,9172,10000,0.9172,1.255275011062622,1.255275011062622,0.0,367.0526913720879,2.7174058068327653,0.6018324055745725,0.001524827674088499,0.0049492399427678215,5.566817859274551e-06,0.06673420627698841,1.0049336298539469,0.3724070708467308,2.7174058068327653,0.9116371947411773,0.9224423970183301,0.9,0.8984751723259116,0.8950507600572322,0.8332657937230116,0.352,0.0192
0.5,48,0.2,estimated_ratio,371876,8067,10000,0.8067,1.0737096906781196,1.0730522871017456,0.0,367.0526913720879,2.7174058068327653,0.6018324055745725,0.001524827674088499,0.0049492399427678215,5.566817859274551e-06,0.06673420627698841,1.0049336298539469,0.3724070708467308,2.7174058068327653,0.7988431903896864,0.8143212650097404,0.8,0.7984751723259116,0.7950507600572322,0.7332657937230116,0.352,0.0192
0.5,48,0.05,estimated_ratio_clipped,371876,9581,10000,0.9581,1.2983108758926392,1.2983108758926392,0.0,367.0526913720879,2.7174058068327653,0.6018324055745725,0.001524827674088499,0.0049492399427678215,5.566817859272168e-06,0.06673420627697414,1.0049336298539469,0.3724070708467308,2.7174058068327653,0.9539939091090913,0.9618542715836945,0.95,0.9484751723259115,0.9450507600572321,0.8832657937230258,0.352,0.0192
0.5,48,0.1,estimated_ratio_clipped,371876,9172,10000,0.9172,1.255275011062622,1.255275011062622,0.0,367.0526913720879,2.7174058068327653,0.6018324055745725,0.001524827674088499,0.0049492399427678215,5.566817859272168e-06,0.06673420627697414,1.0049336298539469,0.3724070708467308,2.7174058068327653,0.9116371947411773,0.9224423970183301,0.9,0.8984751723259116,0.8950507600572322,0.8332657937230259,0.352,0.0192
0.5,48,0.2,estimated_ratio_clipped,371876,8067,10000,0.8067,1.0737096906781196,1.0730522871017456,0.0,367.0526913720879,2.7174058068327653,0.6018324055745725,0.001524827674088499,0.0049492399427678215,5.566817859272168e-06,0.06673420627697414,1.0049336298539469,0.3724070708467308,2.7174058068327653,0.7988431903896864,0.8143212650097404,0.8,0.7984751723259116,0.7950507600572322,0.7332657937230259,0.352,0.0192
0.5,49,0.05,unweighted,371877,8627,10000,0.8627,1.1966276168823242,1.1966276168823242,0.0,500.0,1.0,0.0,0.24614865332573765,0.4922973066514753,0.040395960972489514,5.684783969333541,1.0,1.0,1.0,0.8558150948720815,0.8693063527098297,0.95,0.7038513466742623,0.45770269334852465,-4.734783969333541,0.352,0.0192
0.5,49,0.1,unweighted,371877,8112,10000,0.8112,1.0785813331604004,1.0785813331604004,0.0,500.0,1.0,0.0,0.24614865332573765,0.4922973066514753,0.040395960972489514,5.684783969333541,1.0,1.0,1.0,0.8034107290571689,0.8187502703569219,0.9,0.6538513466742624,0.4077026933485247,-4.7847839693335406,0.352,0.0192
0.5,49,0.2,unweighted,371877,6499,10000,0.6499,0.9309626817703249,0.9309626817703248,0.0,500.0,1.0,0.0,0.24614865332573765,0.4922973066514753,0.040395960972489514,5.684783969333541,1.0,1.0,1.0,0.6404950080480911,0.6591898692403801,0.8,0.5538513466742624,0.30770269334852474,-4.884783969333541,0.352,0.0192
0.5,49,0.05,oracle_ratio,371877,9443,10000,0.9443,1.2823160886764526,1.2823160886764526,0.0,364.606541683195,2.7182818284590446,0.6093777774902104,8.456776945386935e-18,0.0,0.0,0.0,1.0,0.3678794411714424,2.7182818284590446,0.9396320051645058,0.9486267738833108,0.95,0.95,0.95,0.95,0.352,0.0192
0.5,49,0.1,oracle_ratio,371877,8893,10000,0.8893,1.23511046295166,1.2334575653076172,0.0,364.606541683195,2.7182818284590446,0.6093777774902104,8.456776945386935e-18,0.0,0.0,0.0,1.0,0.3678794411714424,2.7182818284590446,0.8830002848148478,0.8953007340537432,0.9,0.9,0.9,0.9,0.352,0.0192
0.5,49,0.2,oracle_ratio,371877,8112,10000,0.8112,1.0785813331604004,1.0785813331604004,0.0,364.606541683195,2.7182818284590446,0.6093777774902104,8.456776945386935e-18,0.0,0.0,0.0,1.0,0.3678794411714424,2.7182818284590446,0.8034107290571689,0.8187502703569219,0.8,0.8,0.8,0.8,0.352,0.0192
0.5,49,0.05,estimated_ratio,371877,9443,10000,0.9443,1.2823160886764526,1.2823160886764526,0.0,351.7832097255862,2.918589650708622,0.6490993115082397,0.015305270636213418,0.03536716122150043,0.00015647408128072472,0.35380681879322196,1.0190917961736048,0.34800734055516436,2.918589650708622,0.9396320051645058,0.9486267738833108,0.95,0.9346947293637865,0.9146328387784995,0.596193181206778,0.352,0.0192
0.5,49,0.1,estimated_ratio,371877,8967,10000,0.8967,1.245755910873413,1.245755910873413,0.0,351.7832097255862,2.918589650708622,0.6490993115082397,0.015305270636213418,0.03536716122150043,0.00015647408128072472,0.35380681879322196,1.0190917961736048,0.34800734055516436,2.918589650708622,0.8905817117283228,0.9025136239643825,0.9,0.8846947293637866,0.8646328387784996,0.5461931812067781,0.352,0.0192
0.5,49,0.2,estimated_ratio,371877,8112,10000,0.8112,1.0785813331604004,1.0785813331604004,0.0,351.7832097255862,2.918589650708622,0.6490993115082397,0.015305270636213418,0.03536716122150043,0.00015647408128072472,0.35380681879322196,1.0190917961736048,0.34800734055516436,2.918589650708622,0.8034107290571689,0.8187502703569219,0.8,0.7846947293637866,0.7646328387784996,0.4461931812067781,0.352,0.0192
0.5,49,0.05,estimated_ratio_clipped,371877,9443,10000,0.9443,1.2823160886764526,1.2823160886764526,0.0,351.7832097255862,2.918589650708622,0.6490993115082397,0.015305270636213418,0.03536716122150043,0.00015647408128072746,0.353806818793225,1.0190917961736048,0.34800734055516436,2.918589650708622,0.9396320051645058,0.9486267738833108,0.95,0.9346947293637865,0.9146328387784995,0.5961931812067749,0.352,0.0192
0.5,49,0.1,estimated_ratio_clipped,371877,8967,10000,0.8967,1.245755910873413,1.245755910873413,0.0,351.7832097255862,2.918589650708622,0.6490993115082397,0.015305270636213418,0.03536716122150043,0.00015647408128072746,0.353806818793225,1.0190917961736048,0.34800734055516436,2.918589650708622,0.8905817117283228,0.9025136239643825,0.9,0.8846947293637866,0.8646328387784996,0.5461931812067751,0.352,0.0192
0.5,49,0.2,estimated_ratio_clipped,371877,8112,10000,0.8112,1.0785813331604004,1.0785813331604004,0.0,351.7832097255862,2.918589650708622,0.6490993115082397,0.015305270636213418,0.03536716122150043,0.00015647408128072746,0.353806818793225,1.0190917961736048,0.34800734055516436,2.918589650708622,0.8034107290571689,0.8187502703569219,0.8,0.7846947293637866,0.7646328387784996,0.44619318120677504,0.352,0.0192
1.0,0,0.05,unweighted,471828,7940,10000,0.794,1.135647535324097,1.135647535324097,0.0,500.0,1.0,0.0,0.46417342872686507,0.9283468574537301,0.1438270458284751,10.726678734015486,1.0,1.0,1.0,0.7859611310435367,0.8018130779145055,0.95,0.4858265712731349,0.02165314254626982,-9.776678734015487,0.328,0.0192
1.0,0,0.1,unweighted,471828,6599,10000,0.6599,0.9694963097572329,0.9694963097572328,0.0,500.0,1.0,0.0,0.46417342872686507,0.9283468574537301,0.1438270458284751,10.726678734015486,1.0,1.0,1.0,0.6505549954477566,0.6691222018733011,0.9,0.43582657127313496,-0.028346857453730112,-9.826678734015486,0.328,0.0192
1.0,0,0.2,unweighted,471828,4945,10000,0.4945,0.8999583721160889,0.8999583721160889,0.0,500.0,1.0,0.0,0.46417342872686507,0.9283468574537301,0.1438270458284751,10.726678734015486,1.0,1.0,1.0,0.48470476637199766,0.5042994576100797,0.8,0.335826571273135,-0.1283468574537301,-9.926678734015486,0.328,0.0192
1.0,0,0.05,oracle_ratio,471828,9449,10000,0.9449,1.2983108758926392,1.2983108758926392,0.0,174.7572428951794,7.389056098930651,1.364225693945201,4.336808689942018e-18,0.0,0.0,0.0,1.0,0.13533528323661267,7.389056098930651,0.9402546006063801,0.9492037176433916,0.95,0.95,0.95,0.95,0.328,0.0192
1.0,0,0.1,oracle_ratio,471828,9019,10000,0.9019,1.257892370223999,1.257892370223999,0.0,174.7572428951794,7.389056098930651,1.364225693945201,4.336808689942018e-18,0.0,0.0,0.0,1.0,0.13533528323661267,7.389056098930651,0.8959148386076812,0.907576503501969,0.9,0.9,0.9,0.9,0.328,0.0192
1.0,0,0.2,oracle_ratio,471828,7752,10000,0.7752,1.0930570041298866,1.0906329154968262,0.0,174.7572428951794,7.389056098930651,1.364225693945201,4.336808689942018e-18,0.0,0.0,0.0,1.0,0.13533528323661267,7.389056098930651,0.7669133317649254,0.7832753155318543,0.8,0.8,0.8,0.8,0.328,0.0192
1.0,0,0.05,estimated_ratio,471828,9449,10000,0.9449,1.2983108758926392,1.2983108758926392,0.0,165.308728407171,7.9381248169991,1.422899742151797,0.01795409232221984,0.04057236347966663,0.00019262173194243683,0.39255239848197265,1.0165394909195435,0.12335510349797638,7.9381248169991,0.9402546006063801,0.9492037176433916,0.95,0.9320459076777801,0.9094276365203333,0.5574476015180273,0.328,0.0192
1.0,0,0.1,estimated_ratio,471828,9147,10000,0.9147,1.2607658672332764,1.257892370223999,0.0,165.308728407171,7.9381248169991,1.422899742151797,0.01795409232221984,0.04057236347966663,0.00019262173194243683,0.39255239848197265,1.0165394909195435,0.12335510349797638,7.9381248169991,0.9090647707583752,0.9200167409929856,0.9,0.8820459076777802,0.8594276365203334,0.5074476015180274,0.328,0.0192
1.0,0,0.2,estimated_ratio,471828,7874,10000,0.7874,1.1167326756834983,1.1282352209091189,0.0,165.308728407171,7.9381248169991,1.422899742151797,0.01795409232221984,0.04057236347966663,0.00019262173194243683,0.39255239848197265,1.0165394909195435,0.12335510349797638,7.9381248169991,0.7792712859832519,0.7953079917532831,0.8,0.7820459076777801,0.7594276365203334,0.4074476015180274,0.328,0.0192
1.0,0,0.05,estimated_ratio_clipped,471828,9449,10000,0.9449,1.2936611912488938,1.2983108758926392,0.0,186.77646762135458,5.0,1.294989099235571,0.03570717705122966,0.0640730946721185,0.0005705147060064276,0.675582537374333,0.9638111410307859,0.12335510349797638,5.0,0.9402546006063801,0.9492037176433916,0.95,0.9142928229487703,0.8859269053278814,0.2744174626256669,0.328,0.0192
1.0,0,0.1,estimated_ratio_clipped,471828,9019,10000,0.9019,1.2429393553376198,1.2339407205581665,0.0,186.77646762135458,5.0,1.294989099235571,0.03570717705122966,0.0640730946721185,0.0005705147060064276,0.675582537374333,0.9638111410307859,0.12335510349797638,5.0,0.8959148386076812,0.907576503501969,0.9,0.8642928229487704,0.8359269053278815,0.22441746262566697,0.328,0.0192
1.0,0,0.2,estimated_ratio_clipped,471828,7502,10000,0.7502,1.059187117409706,1.0627883672714231,0.0,186.77646762135458,5.0,1.294989099235571,0.03570717705122966,0.0640730946721185,0.0005705147060064276,0.675582537374333,0.9638111410307859,0.12335510349797638,5.0,0.7416203801275992,0.7585874670877141,0.8,0.7642928229487704,0.7359269053278815,0.124417462625667,0.328,0.0192
1.0,1,0.05,unweighted,471829,7756,10000,0.7756,1.0906329154968262,1.0906329154968262,0.0,500.0,1.0,0.0,0.46417342872686507,0.9283468574537301,0.1438270458284751,10.726678734015486,1.0,1.0,1.0,0.7673183484901084,0.7836699916079745,0.95,0.4858265712731349,0.02165314254626982,-9.776678734015487,0.316,0.0192
1.0,1,0.1,unweighted,471829,6290,10000,0.629,0.9646281003952026,0.9646281003952026,0.0,500.0,1.0,0.0,0.46417342872686507,0.9283468574537301,0.1438270458284751,10.726678734015486,1.0,1.0,1.0,0.6194841064323892,0.6384168219879763,0.9,0.43582657127313496,-0.028346857453730112,-9.826678734015486,0.316,0.0192
1.0,1,0.2,unweighted,471829,4341,10000,0.4341,0.8766467571258545,0.8766467571258545,0.0,500.0,1.0,0.0,0.46417342872686507,0.9283468574537301,0.1438270458284751,10.726678734015486,1.0,1.0,1.0,0.4244128083331454,0.44383780265210965,0.8,0.335826571273135,-0.1283468574537301,-9.926678734015486,0.316,0.0192
1.0,1,0.05,oracle_ratio,471829,9101,10000,0.9101,1.2595713939666748,1.257892370223999,0.0,175.45560061019438,7.389056098930651,1.3600455120539738,4.336808689942018e-18,0.0,0.0,0.0,1.0,0.13533528323661267,7.389056098930651,0.9043351365949817,0.9155499079413894,0.95,0.95,0.95,0.95,0.316,0.0192
1.0,1,0.1,oracle_ratio,471829,8523,10000,0.8523,1.2136955798506737,1.20262348651886,0.0,175.45560061019438,7.389056098930651,1.3600455120539738,4.336808689942018e-18,0.0,0.0,0.0,1.0,0.13533528323661267,7.389056098930651,0.8452107383028606,0.8591186964451605,0.9,0.9,0.9,0.9,0.316,0.0192
1.0,1,0.2,oracle_ratio,471829,7277,10000,0.7277,1.0344692468643188,1.0344692468643188,0.0,175.45560061019438,7.389056098930651,1.3600455120539738,4.336808689942018e-18,0.0,0.0,0.0,1.0,0.13533528323661267,7.389056098930651,0.7188891489348428,0.736335978207151,0.8,0.8,0.8,0.8,0.316,0.0192
1.0,1,0.05,estimated_ratio,471829,8968,10000,0.8968,1.257892370223999,1.257892370223999,0.0,189.70519960178274,6.587541912946711,1.2789325238240365,0.021876008726535973,0.059934236534602885,0.00029388529022235697,0.48487960585890344,0.9546135198039776,0.14677943832220697,6.587541912946711,0.8906842265729811,0.90261103232005,0.95,0.928123991273464,0.8900657634653971,0.4651203941410965,0.316,0.0192
1.0,1,0.1,estimated_ratio,471829,8285,10000,0.8285,1.200115414249897,1.20262348651886,0.0,189.70519960178274,6.587541912946711,1.2789325238240365,0.021876008726535973,0.059934236534602885,0.00029388529022235697,0.48487960585890344,0.9546135198039776,0.14677943832220697,6.587541912946711,0.8209862062547439,0.8357615068157216,0.9,0.8781239912734641,0.8400657634653972,0.4151203941410966,0.316,0.0192
1.0,1,0.2,estimated_ratio,471829,7277,10000,0.7277,1.032396841597557,1.0344692468643188,0.0,189.70519960178274,6.587541912946711,1.2789325238240365,0.021876008726535973,0.059934236534602885,0.00029388529022235697,0.48487960585890344,0.9546135198039776,0.14677943832220697,6.587541912946711,0.7188891489348428,0.736335978207151,0.8,0.7781239912734641,0.7400657634653972,0.3151203941410966,0.316,0.0192
1.0,1,0.05,estimated_ratio_clipped,471829,8968,10000,0.8968,1.256575053358078,1.255275011062622,0.0,198.36438821635187,5.0,1.2331316748726506,0.03219013563332736,0.07914093012555576,0.0006320175733819343,0.7110654391162232,0.9354068262130246,0.14677943832220697,5.0,0.8906842265729811,0.90261103232005,0.95,0.9178098643666726,0.8708590698744442,0.23893456088377674,0.316,0.0192
1.0,1,0.1,estimated_ratio_clipped,471829,8174,10000,0.8174,1.18449983022213,1.1766608953475952,0.0,198.36438821635187,5.0,1.2331316748726506,0.03219013563332736,0.07914093012555576,0.0006320175733819343,0.7110654391162232,0.9354068262130246,0.14677943832220697,5.0,0.8097065013904859,0.8248497364438084,0.9,0.8678098643666726,0.8208590698744442,0.1889345608837768,0.316,0.0192
1.0,1,0.2,estimated_ratio_clipped,471829,7143,10000,0.7143,1.0268093210220337,1.0256803035736084,0.0,198.36438821635187,5.0,1.2331316748726506,0.03219013563332736,0.07914093012555576,0.0006320175733819343,0.7110654391162232,0.9354068262130246,0.14677943832220697,5.0,0.705364944884872,0.7230704734134561,0.8,0.7678098643666726,0.7208590698744443,0.08893456088377683,0.316,0.0192
1.0,2,0.05,unweighted,471830,7972,10000,0.7972,1.135647535324097,1.135647535324097,0.0,500.0,1.0,0.0,0.46417342872686507,0.9283468574537301,0.1438270458284751,10.726678734015486,1.0,1.0,1.0,0.7892058458376408,0.8049659055308291,0.95,0.4858265712731349,0.02165314254626982,-9.776678734015487,0.326,0.0192
1.0,2,0.1,unweighted,471830,6781,10000,0.6781,0.9745562672615053,0.9745562672615052,0.0,500.0,1.0,0.0,0.46417342872686507,0.9283468574537301,0.1438270458284751,10.726678734015486,1.0,1.0,1.0,0.6688760655962712,0.6871871541840938,0.9,0.43582657127313496,-0.028346857453730112,-9.826678734015486,0.326,0.0192
1.0,2,0.2,unweighted,471830,4724,10000,0.4724,0.8914327621459961,0.8914327621459961,0.0,500.0,1.0,0.0,0.46417342872686507,0.9283468574537301,0.1438270458284751,10.726678734015486,1.0,1.0,1.0,0.4626275931728061,0.48219360353725516,0.8,0.335826571273135,-0.1283468574537301,-9.926678734015486,0.326,0.0192
1.0,2,0.05,oracle_ratio,471830,9799,10000,0.9799,1.329429030418396,1.329429030418396,0.0,164.55434385058948,7.389056098930651,1.4277639449538615,4.336808689942018e-18,0.0,0.0,0.0,1.0,0.13533528323661267,7.389056098930651,0.9769594195812198,0.9824720187826047,0.95,0.95,0.95,0.95,0.326,0.0192
1.0,2,0.1,oracle_ratio,471830,9130,10000,0.913,1.276068949174881,1.2739903926849363,0.0,164.55434385058948,7.389056098930651,1.4277639449538615,4.336808689942018e-18,0.0,0.0,0.0,1.0,0.13533528323661267,7.389056098930651,0.9073163271540331,0.918366490191788,0.9,0.9,0.9,0.9,0.326,0.0192
1.0,2,0.2,oracle_ratio,471830,8613,10000,0.8613,1.2338683300495148,1.2334575653076172,0.0,164.55434385058948,7.389056098930651,1.4277639449538615,4.336808689942018e-18,0.0,0.0,0.0,1.0,0.13533528323661267,7.389056098930651,0.8543868550826181,0.8679356676947307,0.8,0.8,0.8,0.8,0.326,0.0192
1.0,2,0.05,estimated_ratio,471830,9799,10000,0.9799,1.3289291744828224,1.329429030418396,0.0,168.13607069593144,7.214088335634261,1.4049134768951923,0.00616572455001303,0.01346671376566456,2.2735354324885704e-05,0.1348639442546026,0.9951990780816509,0.13969802043931928,7.214088335634261,0.9769594195812198,0.9824720187826047,0.95,0.9438342754499869,0.9365332862343354,0.8151360557453974,0.326,0.0192
1.0,2,0.1,estimated_ratio,471830,9130,10000,0.913,1.275623206400871,1.2739903926849363,0.0,168.13607069593144,7.214088335634261,1.4049134768951923,0.00616572455001303,0.01346671376566456,2.2735354324885704e-05,0.1348639442546026,0.9951990780816509,0.13969802043931928,7.214088335634261,0.9073163271540331,0.918366490191788,0.9,0.893834275449987,0.8865332862343355,0.7651360557453974,0.326,0.0192
1.0,2,0.2,estimated_ratio,471830,8515,10000,0.8515,1.2291307811975478,1.2334575653076172,0.0,168.13607069593144,7.214088335634261,1.4049134768951923,0.00616572455001303,0.01346671376566456,2.2735354324885704e-05,0.1348639442546026,0.9951990780816509,0.13969802043931928,7.214088335634261,0.8443955232747883,0.8583345258706262,0.8,0.793834275449987,0.7865332862343355,0.6651360557453975,0.326,0.0192
1.0,2,0.05,estimated_ratio_clipped,471830,9799,10000,0.9799,1.3189421977758407,1.3149404525756836,0.0,187.35663361071303,5.0,1.291784508174763,0.03159823252758158,0.047214788142396595,0.0004290272172711737,0.585851323986674,0.9614510037049189,0.13969802043931928,5.0,0.9769594195812198,0.9824720187826047,0.95,0.9184017674724184,0.9027852118576034,0.3641486760133259,0.326,0.0192
1.0,2,0.1,estimated_ratio_clipped,471830,9130,10000,0.913,1.2649239864349364,1.257892370223999,0.0,187.35663361071303,5.0,1.291784508174763,0.03159823252758158,0.047214788142396595,0.0004290272172711737,0.585851323986674,0.9614510037049189,0.13969802043931928,5.0,0.9073163271540331,0.918366490191788,0.9,0.8684017674724185,0.8527852118576035,0.31414867601332597,0.326,0.0192
1.0,2,0.2,estimated_ratio_clipped,471830,7920,10000,0.792,1.1322000678896906,1.135647535324097,0.0,187.35663361071303,5.0,1.291784508174763,0.03159823252758158,0.047214788142396595,0.0004290272172711737,0.585851323986674,0.9614510037049189,0.13969802043931928,5.0,0.7839335699812963,0.7998421749702286,0.8,0.7684017674724185,0.7527852118576035,0.214148676013326,0.326,0.0192
1.0,3,0.05,unweighted,471831,7993,10000,0.7993,1.1369203329086304,1.1369203329086304,0.0,500.0,1.0,0.0,0.46417342872686507,0.9283468574537301,0.1438270458284751,10.726678734015486,1.0,1.0,1.0,0.7913356081893786,0.8070345303859344,0.95,0.4858265712731349,0.02165314254626982,-9.776678734015487,0.322,0.0192
1.0,3,0.1,unweighted,471831,6376,10000,0.6376,0.95711350440979,0.95711350440979,0.0,500.0,1.0,0.0,0.46417342872686507,0.9283468574537301,0.1438270458284751,10.726678734015486,1.0,1.0,1.0,0.6281274032523847,0.6469669203960049,0.9,0.43582657127313496,-0.028346857453730112,-9.826678734015486,0.322,0.0192
1.0,3,0.2,unweighted,471831,4297,10000,0.4297,0.8709402084350586,0.8709402084350586,0.0,500.0,1.0,0.0,0.46417342872686507,0.9283468574537301,0.1438270458284751,10.726678734015486,1.0,1.0,1.0,0.42002634732893984,0.4394276428419772,0.8,0.335826571273135,-0.1283468574537301,-9.926678734015486,0.322,0.0192
1.0,3,0.05,oracle_ratio,471831,9698,10000,0.9698,1.3149404525756836,1.3149404525756836,0.0,175.27351242668047,7.389056098930651,1.36113346756095,4.336808689942018e-18,0.0,0.0,0.0,1.0,0.13533528323661267,7.389056098930651,0.9662611643059092,0.972978030825003,0.95,0.95,0.95,0.95,0.322,0.0192
1.0,3,0.1,oracle_ratio,471831,9244,10000,0.9244,1.266579610788822,1.257892370223999,0.0,175.27351242668047,7.389056098930651,1.36113346756095,4.336808689942018e-18,0.0,0.0,0.0,1.0,0.13533528323661267,7.389056098930651,0.9190541605779119,0.9294199016050577,0.9,0.9,0.9,0.9,0.322,0.0192
1.0,3,0.2,oracle_ratio,471831,7729,10000,0.7729,1.104773163509369,1.1275087594985962,0.0,175.27351242668047,7.389056098930651,1.36113346756095,4.336808689942018e-18,0.0,0.0,0.0,1.0,0.13533528323661267,7.389056098930651,0.7645846939387724,0.7810057197505125,0.8,0.8,0.8,0.8,0.322,0.0192
1.0,3,0.05,estimated_ratio,471831,9698,10000,0.9698,1.3149404525756836,1.3149404525756836,0.0,176.09024097588136,7.408928980005834,1.3562644322050599,0.001344735119559761,0.006878714383895784,8.097417100384303e-06,0.08048561163529443,1.006878714383896,0.1373618925036029,7.408928980005834,0.9662611643059092,0.972978030825003,0.95,0.9486552648804402,0.9431212856161042,0.8695143883647055,0.322,0.0192
1.0,3,0.1,estimated_ratio,471831,9172,10000,0.9172,1.2662736755371093,1.257892370223999,0.0,176.09024097588136,7.408928980005834,1.3562644322050599,0.001344735119559761,0.006878714383895784,8.097417100384303e-06,0.08048561163529443,1.006878714383896,0.1373618925036029,7.408928980005834,0.9116371947411773,0.9224423970183301,0.9,0.8986552648804402,0.8931212856161043,0.8195143883647056,0.322,0.0192
1.0,3,0.2,estimated_ratio,471831,7729,10000,0.7729,1.1028918288707734,1.0785813331604004,0.0,176.09024097588136,7.408928980005834,1.3562644322050599,0.001344735119559761,0.006878714383895784,8.097417100384303e-06,0.08048561163529443,1.006878714383896,0.1373618925036029,7.408928980005834,0.7645846939387724,0.7810057197505125,0.8,0.7986552648804403,0.7931212856161043,0.7195143883647056,0.322,0.0192
1.0,3,0.05,estimated_ratio_clipped,471831,9698,10000,0.9698,1.3071622444152833,1.3028135299682615,0.0,189.86819035491567,5.0,1.2780476646416254,0.032693663447469094,0.0443172876643366,0.0004175830337519832,0.5779847982443712,0.9680882065831273,0.1373618925036029,5.0,0.9662611643059092,0.972978030825003,0.95,0.9173063365525309,0.9056827123356633,0.37201520175562874,0.322,0.0192
1.0,3,0.1,estimated_ratio_clipped,471831,9045,10000,0.9045,1.2567645501613618,1.257892370223999,0.0,189.86819035491567,5.0,1.2780476646416254,0.032693663447469094,0.0443172876643366,0.0004175830337519832,0.5779847982443712,0.9680882065831273,0.1373618925036029,5.0,0.8985832657265235,0.9101060795915991,0.9,0.867306336552531,0.8556827123356634,0.3220152017556288,0.322,0.0192
1.0,3,0.2,estimated_ratio_clipped,471831,7729,10000,0.7729,1.074883507156372,1.0730522871017456,0.0,189.86819035491567,5.0,1.2780476646416254,0.032693663447469094,0.0443172876643366,0.0004175830337519832,0.5779847982443712,0.9680882065831273,0.1373618925036029,5.0,0.7645846939387724,0.7810057197505125,0.8,0.767306336552531,0.7556827123356634,0.22201520175562883,0.322,0.0192
1.0,4,0.05,unweighted,471832,8390,10000,0.839,1.2281887531280518,1.2281887531280518,0.0,500.0,1.0,0.0,0.46417342872686507,0.9283468574537301,0.1438270458284751,10.726678734015486,1.0,1.0,1.0,0.8316665571298582,0.846073091974823,0.95,0.4858265712731349,0.02165314254626982,-9.776678734015487,0.332,0.0192
1.0,4,0.1,unweighted,471832,7442,10000,0.7442,1.048194169998169,1.048194169998169,0.0,500.0,1.0,0.0,0.46417342872686507,0.9283468574537301,0.1438270458284751,10.726678734015486,1.0,1.0,1.0,0.7355558378210908,0.7526566173746706,0.9,0.43582657127313496,-0.028346857453730112,-9.826678734015486,0.332,0.0192
1.0,4,0.2,unweighted,471832,6011,10000,0.6011,0.9356918334960938,0.9356918334960938,0.0,500.0,1.0,0.0,0.46417342872686507,0.9283468574537301,0.1438270458284751,10.726678734015486,1.0,1.0,1.0,0.591465544807553,0.6106568107218961,0.8,0.335826571273135,-0.1283468574537301,-9.926678734015486,0.332,0.0192
1.0,4,0.05,oracle_ratio,471832,9636,10000,0.9636,1.314333438873291,1.314333438873291,0.0,197.1110225635665,7.0859587369447326,1.2396134479317904,4.336808689942018e-18,0.0,0.0,0.0,1.0,0.13533528323661267,7.389056098930651,0.9597476825156893,0.9670962741950192,0.95,0.95,0.95,0.95,0.332,0.0192
1.0,4,0.1,oracle_ratio,471832,9170,10000,0.917,1.2739903926849363,1.2739903926849363,0.0,197.1110225635665,7.0859587369447326,1.2396134479317904,4.336808689942018e-18,0.0,0.0,0.0,1.0,0.13533528323661267,7.389056098930651,0.9114313478575047,0.9222483975013511,0.9,0.9,0.9,0.9,0.332,0.0192
1.0,4,0.2,oracle_ratio,471832,8503,10000,0.8503,1.2334575653076172,1.2334575653076172,0.0,197.1110225635665,7.0859587369447326,1.2396134479317904,4.336808689942018e-18,0.0,0.0,0.0,1.0,0.13533528323661267,7.389056098930651,0.8431728312087722,0.8571581395327316,0.8,0.8,0.8,0.8,0.332,0.0192
1.0,4,0.05,estimated_ratio,471832,9636,10000,0.9636,1.3132966470718384,1.314333438873291,0.0,202.92545479378725,6.644832156749451,1.2099417327735007,0.010565382673225808,0.035613817257545616,9.157563956834599e-05,0.2706667908234713,0.9681208107843069,0.13944846711738276,6.922155846503648,0.9597476825156893,0.9670962741950192,0.95,0.9394346173267741,0.9143861827424543,0.6793332091765287,0.332,0.0192
1.0,4,0.1,estimated_ratio,471832,9170,10000,0.917,1.2739903926849363,1.2739903926849363,0.0,202.92545479378725,6.644832156749451,1.2099417327735007,0.010565382673225808,0.035613817257545616,9.157563956834599e-05,0.2706667908234713,0.9681208107843069,0.13944846711738276,6.922155846503648,0.9114313478575047,0.9222483975013511,0.9,0.8894346173267742,0.8643861827424544,0.6293332091765287,0.332,0.0192
1.0,4,0.2,estimated_ratio,471832,8503,10000,0.8503,1.2320855666160584,1.2334575653076172,0.0,202.92545479378725,6.644832156749451,1.2099417327735007,0.010565382673225808,0.035613817257545616,9.157563956834599e-05,0.2706667908234713,0.9681208107843069,0.13944846711738276,6.922155846503648,0.8431728312087722,0.8571581395327316,0.8,0.7894346173267742,0.7643861827424544,0.5293332091765288,0.332,0.0192
1.0,4,0.05,estimated_ratio_clipped,471832,9636,10000,0.9636,1.3126492281913757,1.314333438873291,0.0,210.68799569934245,5.0,1.171826543563229,0.028355409371798063,0.06205548022360283,0.0004759721430131784,0.6170718875548802,0.9416791478182497,0.13944846711738276,5.0,0.9597476825156893,0.9670962741950192,0.95,0.9216445906282019,0.8879445197763971,0.3329281124451198,0.332,0.0192
1.0,4,0.1,estimated_ratio_clipped,471832,9170,10000,0.917,1.2739903926849363,1.2739903926849363,0.0,210.68799569934245,5.0,1.171826543563229,0.028355409371798063,0.06205548022360283,0.0004759721430131784,0.6170718875548802,0.9416791478182497,0.13944846711738276,5.0,0.9114313478575047,0.9222483975013511,0.9,0.871644590628202,0.8379445197763972,0.28292811244511984,0.332,0.0192
1.0,4,0.2,estimated_ratio_clipped,471832,8337,10000,0.8337,1.208956440627575,1.20262348651886,0.0,210.68799569934245,5.0,1.171826543563229,0.028355409371798063,0.06205548022360283,0.0004759721430131784,0.6170718875548802,0.9416791478182497,0.13944846711738276,5.0,0.8262742156670964,0.840869503820314,0.8,0.771644590628202,0.7379445197763972,0.18292811244511986,0.332,0.0192
1.0,5,0.05,unweighted,471833,8281,10000,0.8281,1.1966276168823242,1.1966276168823242,0.0,500.0,1.0,0.0,0.46417342872686507,0.9283468574537301,0.1438270458284751,10.726678734015486,1.0,1.0,1.0,0.8205795398174205,0.8353684804517414,0.95,0.4858265712731349,0.02165314254626982,-9.776678734015487,0.328,0.0192
1.0,5,0.1,unweighted,471833,6958,10000,0.6958,1.0019125938415527,1.0019125938415527,0.0,500.0,1.0,0.0,0.46417342872686507,0.9283468574537301,0.1438270458284751,10.726678734015486,1.0,1.0,1.0,0.6867090683111515,0.7047405579268914,0.9,0.43582657127313496,-0.028346857453730112,-9.826678734015486,0.328,0.0192
1.0,5,0.2,unweighted,471833,4965,10000,0.4965,0.9032050371170044,0.9032050371170044,0.0,500.0,1.0,0.0,0.46417342872686507,0.9283468574537301,0.1438270458284751,10.726678734015486,1.0,1.0,1.0,0.4867036457699474,0.5062990422186472,0.8,0.335826571273135,-0.1283468574537301,-9.926678734015486,0.328,0.0192
1.0,5,0.05,oracle_ratio,471833,9675,10000,0.9675,1.3151488542079925,1.314333438873291,0.0,171.00131736666344,7.235920578751015,1.3870667187779127,4.336808689942018e-18,0.0,0.0,0.0,1.0,0.13533528323661267,7.389056098930651,0.9638410302411697,0.9707999312822477,0.95,0.95,0.95,0.95,0.328,0.0192
1.0,5,0.1,oracle_ratio,471833,9579,10000,0.9579,1.2991416649341583,1.3028135299682615,0.0,171.00131736666344,7.235920578751015,1.3870667187779127,4.336808689942018e-18,0.0,0.0,0.0,1.0,0.13533528323661267,7.389056098930651,0.9537850497264113,0.9616632845657229,0.9,0.9,0.9,0.9,0.328,0.0192
1.0,5,0.2,oracle_ratio,471833,8358,10000,0.8358,1.201664697444439,1.20262348651886,0.0,171.00131736666344,7.235920578751015,1.3870667187779127,4.336808689942018e-18,0.0,0.0,0.0,1.0,0.13533528323661267,7.389056098930651,0.8284104794115749,0.8429316272826787,0.8,0.8,0.8,0.8,0.328,0.0192
1.0,5,0.05,estimated_ratio,471833,9785,10000,0.9785,1.3159014835357665,1.3149404525756836,0.0,166.34390598631953,7.345721786663695,1.4162700889723796,0.008309540390035862,0.016743921118302252,8.448512845385403e-05,0.2599771196914898,0.9898375866029959,0.12742884796544632,7.504152807454175,0.97546806028119,0.9811644532780726,0.95,0.9416904596099641,0.9332560788816977,0.6900228803085102,0.328,0.0192
1.0,5,0.1,estimated_ratio,471833,9579,10000,0.9579,1.3061324157238006,1.3028135299682615,0.0,166.34390598631953,7.345721786663695,1.4162700889723796,0.008309540390035862,0.016743921118302252,8.448512845385403e-05,0.2599771196914898,0.9898375866029959,0.12742884796544632,7.504152807454175,0.9537850497264113,0.9616632845657229,0.9,0.8916904596099642,0.8832560788816978,0.6400228803085102,0.328,0.0192
1.0,5,0.2,estimated_ratio,471833,8358,10000,0.8358,1.2091275225877762,1.20262348651886,0.0,166.34390598631953,7.345721786663695,1.4162700889723796,0.008309540390035862,0.016743921118302252,8.448512845385403e-05,0.2599771196914898,0.9898375866029959,0.12742884796544632,7.504152807454175,0.8284104794115749,0.8429316272826787,0.8,0.7916904596099642,0.7832560788816978,0.5400228803085103,0.328,0.0192
1.0,5,0.05,estimated_ratio_clipped,471833,9579,10000,0.9579,1.314333438873291,1.314333438873291,0.0,182.23167783510206,5.0,1.320515075181774,0.029725431224411517,0.05233397131565233,0.0004929977876979524,0.6280113296417207,0.9491985557191365,0.12742884796544632,5.0,0.9537850497264113,0.9616632845657229,0.95,0.9202745687755884,0.8976660286843476,0.32198867035827927,0.328,0.0192
1.0,5,0.1,estimated_ratio_clipped,471833,9306,10000,0.9306,1.2823160886764526,1.2823160886764526,0.0,182.23167783510206,5.0,1.320515075181774,0.029725431224411517,0.05233397131565233,0.0004929977876979524,0.6280113296417207,0.9491985557191365,0.12742884796544632,5.0,0.9254519449064093,0.9354173556967639,0.9,0.8702745687755885,0.8476660286843477,0.27198867035827934,0.328,0.0192
1.0,5,0.2,estimated_ratio_clipped,471833,8194,10000,0.8194,1.1711667440652846,1.1766608953475952,0.0,182.23167783510206,5.0,1.320515075181774,0.029725431224411517,0.05233397131565233,0.0004929977876979524,0.6280113296417207,0.9491985557191365,0.12742884796544632,5.0,0.811738085741125,0.8268166160996867,0.8,0.7702745687755885,0.7476660286843477,0.17198867035827936,0.328,0.0192
1.0,6,0.05,unweighted,471834,8286,10000,0.8286,1.1966276168823242,1.1966276168823242,0.0,500.0,1.0,0.0,0.46417342872686507,0.9283468574537301,0.1438270458284751,10.726678734015486,1.0,1.0,1.0,0.8210878751473188,0.8358597611234725,0.95,0.4858265712731349,0.02165314254626982,-9.776678734015487,0.316,0.0192
1.0,6,0.1,unweighted,471834,6836,10000,0.6836,0.9957479238510132,0.9957479238510132,0.0,500.0,1.0,0.0,0.46417342872686507,0.9283468574537301,0.1438270458284751,10.726678734015486,1.0,1.0,1.0,0.6744157512766963,0.6926432445215912,0.9,0.43582657127313496,-0.028346857453730112,-9.826678734015486,0.316,0.0192
1.0,6,0.2,unweighted,471834,4452,10000,0.4452,0.8824967741966248,0.8824967741966248,0.0,500.0,1.0,0.0,0.46417342872686507,0.9283468574537301,0.1438270458284751,10.726678734015486,1.0,1.0,1.0,0.4354821071824619,0.4549599790389642,0.8,0.335826571273135,-0.1283468574537301,-9.926678734015486,0.316,0.0192
1.0,6,0.05,oracle_ratio,471834,9806,10000,0.9806,1.334468116247654,1.329429030418396,0.0,174.27118401565718,7.235920578751015,1.3671472694413953,4.336808689942018e-18,0.0,0.0,0.0,1.0,0.13533528323661267,7.389056098930651,0.9777063720664563,0.9831245286996493,0.95,0.95,0.95,0.95,0.316,0.0192
1.0,6,0.1,oracle_ratio,471834,9590,10000,0.959,1.314333438873291,1.314333438873291,0.0,174.27118401565718,7.235920578751015,1.3671472694413953,4.336808689942018e-18,0.0,0.0,0.0,1.0,0.13533528323661267,7.389056098930651,0.9549340792287511,0.9627134102669677,0.9,0.9,0.9,0.9,0.316,0.0192
1.0,6,0.2,oracle_ratio,471834,8538,10000,0.8538,1.2334575653076172,1.2334575653076172,0.0,174.27118401565718,7.235920578751015,1.3671472694413953,4.336808689942018e-18,0.0,0.0,0.0,1.0,0.13533528323661267,7.389056098930651,0.8467394558800306,0.8605888268728786,0.8,0.8,0.8,0.8,0.316,0.0192
1.0,6,0.05,estimated_ratio,471834,9806,10000,0.9806,1.3340290400147439,1.329429030418396,0.0,175.5946709702517,7.089613858854101,1.3592155177395786,0.00238592019666082,0.013071827803543873,1.1938860586950023e-05,0.09772967036453165,0.9869464851577305,0.13547810184254022,7.23883458393292,0.9777063720664563,0.9831245286996493,0.95,0.9476140798033391,0.9369281721964561,0.8522703296354683,0.316,0.0192
1.0,6,0.1,estimated_ratio,471834,9590,10000,0.959,1.314333438873291,1.314333438873291,0.0,175.5946709702517,7.089613858854101,1.3592155177395786,0.00238592019666082,0.013071827803543873,1.1938860586950023e-05,0.09772967036453165,0.9869464851577305,0.13547810184254022,7.23883458393292,0.9549340792287511,0.9627134102669677,0.9,0.8976140798033392,0.8869281721964561,0.8022703296354684,0.316,0.0192
1.0,6,0.2,estimated_ratio,471834,8538,10000,0.8538,1.2334575653076172,1.2334575653076172,0.0,175.5946709702517,7.089613858854101,1.3592155177395786,0.00238592019666082,0.013071827803543873,1.1938860586950023e-05,0.09772967036453165,0.9869464851577305,0.13547810184254022,7.23883458393292,0.8467394558800306,0.8605888268728786,0.8,0.7976140798033392,0.7869281721964562,0.7022703296354684,0.316,0.0192
1.0,6,0.05,estimated_ratio_clipped,471834,9806,10000,0.9806,1.329429030418396,1.329429030418396,0.0,187.77462859608565,5.0,1.289483055410175,0.030178647189065242,0.04720002079993001,0.0004187767370954569,0.5788103227106143,0.9528182921613445,0.13547810184254022,5.0,0.9777063720664563,0.9831245286996493,0.95,0.9198213528109347,0.9027999792000699,0.3711896772893857,0.316,0.0192
1.0,6,0.1,estimated_ratio_clipped,471834,9539,10000,0.9539,1.2968519656658173,1.2823160886764526,0.0,187.77462859608565,5.0,1.289483055410175,0.030178647189065242,0.04720002079993001,0.0004187767370954569,0.5788103227106143,0.9528182921613445,0.13547810184254022,5.0,0.9496127203889894,0.9578386858901103,0.9,0.8698213528109348,0.85279997920007,0.32118967728938574,0.316,0.0192
1.0,6,0.2,estimated_ratio_clipped,471834,8358,10000,0.8358,1.2073750074505807,1.20262348651886,0.0,187.77462859608565,5.0,1.289483055410175,0.030178647189065242,0.04720002079993001,0.0004187767370954569,0.5788103227106143,0.9528182921613445,0.13547810184254022,5.0,0.8284104794115749,0.8429316272826787,0.8,0.7698213528109348,0.75279997920007,0.22118967728938577,0.316,0.0192
1.0,7,0.05,unweighted,471835,8143,10000,0.8143,1.1501529216766355,1.1501529216766355,0.0,500.0,1.0,0.0,0.46417342872686507,0.9283468574537301,0.1438270458284751,10.726678734015486,1.0,1.0,1.0,0.8065582151844021,0.8218004034397907,0.95,0.4858265712731349,0.02165314254626982,-9.776678734015487,0.332,0.0192
1.0,7,0.1,unweighted,471835,6869,10000,0.6869,0.9957479238510132,0.9957479238510132,0.0,500.0,1.0,0.0,0.46417342872686507,0.9283468574537301,0.1438270458284751,10.726678734015486,1.0,1.0,1.0,0.6777402682169322,0.6959161931921087,0.9,0.43582657127313496,-0.028346857453730112,-9.826678734015486,0.332,0.0192
1.0,7,0.2,unweighted,471835,4611,10000,0.4611,0.8882631659507751,0.8882631659507751,0.0,500.0,1.0,0.0,0.46417342872686507,0.9283468574537301,0.1438270458284751,10.726678734015486,1.0,1.0,1.0,0.4513466856139538,0.4708831894592847,0.8,0.335826571273135,-0.1283468574537301,-9.926678734015486,0.332,0.0192
1.0,7,0.05,oracle_ratio,471835,9789,10000,0.9789,1.320850343477726,1.3149404525756836,0.0,167.46126897635997,7.389056098930651,1.4091717515222288,4.336808689942018e-18,0.0,0.0,0.0,1.0,0.13533528323661267,7.389056098930651,0.9758938303821698,0.981538375978396,0.95,0.95,0.95,0.95,0.332,0.0192
1.0,7,0.1,oracle_ratio,471835,9435,10000,0.9435,1.2959879410624504,1.2983108758926392,0.0,167.46126897635997,7.389056098930651,1.4091717515222288,4.336808689942018e-18,0.0,0.0,0.0,1.0,0.13533528323661267,7.389056098930651,0.93880210438774,0.9478572890574698,0.9,0.9,0.9,0.9,0.332,0.0192
1.0,7,0.2,oracle_ratio,471835,8201,10000,0.8201,1.1749524430394174,1.172321081161499,0.0,167.46126897635997,7.389056098930651,1.4091717515222288,4.336808689942018e-18,0.0,0.0,0.0,1.0,0.13533528323661267,7.389056098930651,0.8124492212978461,0.8275049429452467,0.8,0.8,0.8,0.8,0.332,0.0192
1.0,7,0.05,estimated_ratio,471835,9789,10000,0.9789,1.3215602837920188,1.3149404525756836,0.0,164.52138576816546,7.679438948367867,1.4279770930251698,0.005195638447270508,0.023305822577222822,3.557879658432929e-05,0.16870992047731936,1.0227310977603472,0.13416623395967894,7.679438948367867,0.9758938303821698,0.981538375978396,0.95,0.9448043615527294,0.9266941774227772,0.7812900795226806,0.332,0.0192
1.0,7,0.1,estimated_ratio,471835,9435,10000,0.9435,1.298639119374752,1.2983108758926392,0.0,164.52138576816546,7.679438948367867,1.4279770930251698,0.005195638447270508,0.023305822577222822,3.557879658432929e-05,0.16870992047731936,1.0227310977603472,0.13416623395967894,7.679438948367867,0.93880210438774,0.9478572890574698,0.9,0.8948043615527295,0.8766941774227772,0.7312900795226807,0.332,0.0192
1.0,7,0.2,estimated_ratio,471835,8201,10000,0.8201,1.1810969086527825,1.172321081161499,0.0,164.52138576816546,7.679438948367867,1.4279770930251698,0.005195638447270508,0.023305822577222822,3.557879658432929e-05,0.16870992047731936,1.0227310977603472,0.13416623395967894,7.679438948367867,0.8124492212978461,0.8275049429452467,0.8,0.7948043615527295,0.7766941774227772,0.6312900795226807,0.332,0.0192
1.0,7,0.05,estimated_ratio_clipped,471835,9682,10000,0.9682,1.3149404525756836,1.3149404525756836,0.0,186.31803563881917,5.0,1.2975297556366454,0.03413313131975593,0.053378028777728265,0.000435025881178287,0.5899327969715106,0.9765742228796432,0.13416623395967894,5.0,0.964577080043585,0.9714633438821133,0.95,0.915866868680244,0.8966219712222717,0.3600672030284894,0.332,0.0192
1.0,7,0.1,estimated_ratio_clipped,471835,9340,10000,0.934,1.2791240168333053,1.2823160886764526,0.0,186.31803563881917,5.0,1.2975297556366454,0.03413313131975593,0.053378028777728265,0.000435025881178287,0.5899327969715106,0.9765742228796432,0.13416623395967894,5.0,0.9289651859639638,0.938701503450289,0.9,0.8658668686802441,0.8466219712222718,0.31006720302848945,0.332,0.0192
1.0,7,0.2,estimated_ratio_clipped,471835,8143,10000,0.8143,1.1501529216766355,1.1501529216766355,0.0,186.31803563881917,5.0,1.2975297556366454,0.03413313131975593,0.053378028777728265,0.000435025881178287,0.5899327969715106,0.9765742228796432,0.13416623395967894,5.0,0.8065582151844021,0.8218004034397907,0.8,0.7658668686802441,0.7466219712222718,0.21006720302848947,0.332,0.0192
1.0,8,0.05,unweighted,471836,7940,10000,0.794,1.1369203329086304,1.1369203329086304,0.0,500.0,1.0,0.0,0.46417342872686507,0.9283468574537301,0.1438270458284751,10.726678734015486,1.0,1.0,1.0,0.7859611310435367,0.8018130779145055,0.95,0.4858265712731349,0.02165314254626982,-9.776678734015487,0.328,0.0192
1.0,8,0.1,unweighted,471836,6909,10000,0.6909,1.0019125938415527,1.0019125938415527,0.0,500.0,1.0,0.0,0.46417342872686507,0.9283468574537301,0.1438270458284751,10.726678734015486,1.0,1.0,1.0,0.6817707029557598,0.6998826864663157,0.9,0.43582657127313496,-0.028346857453730112,-9.826678734015486,0.328,0.0192
1.0,8,0.2,unweighted,471836,4691,10000,0.4691,0.8988208770751953,0.8988208770751953,0.0,500.0,1.0,0.0,0.46417342872686507,0.9283468574537301,0.1438270458284751,10.726678734015486,1.0,1.0,1.0,0.45933264840429344,0.47889108269501435,0.8,0.335826571273135,-0.1283468574537301,-9.926678734015486,0.328,0.0192
1.0,8,0.05,oracle_ratio,471836,9571,10000,0.9571,1.3048709856987,1.3028135299682615,0.0,179.7858026019293,7.389056098930651,1.334573801399553,4.336808689942018e-18,0.0,0.0,0.0,1.0,0.13533528323661267,7.389056098930651,0.9529498517316978,0.9608990969578296,0.95,0.95,0.95,0.95,0.328,0.0192
1.0,8,0.1,oracle_ratio,471836,9161,10000,0.9161,1.269865722489357,1.279902100563049,0.0,179.7858026019293,7.389056098930651,1.334573801399553,4.336808689942018e-18,0.0,0.0,0.0,1.0,0.13533528323661267,7.389056098930651,0.9105051517348901,0.9213752848210328,0.9,0.9,0.9,0.9,0.328,0.0192
1.0,8,0.2,oracle_ratio,471836,7834,10000,0.7834,1.128789073729515,1.1282352209091189,0.0,179.7858026019293,7.389056098930651,1.334573801399553,4.336808689942018e-18,0.0,0.0,0.0,1.0,0.13533528323661267,7.389056098930651,0.7752183568036068,0.7913639929198937,0.8,0.8,0.8,0.8,0.328,0.0192
1.0,8,0.05,estimated_ratio,471836,9571,10000,0.9571,1.3050990798950195,1.3028135299682615,0.0,177.26070392783112,7.475893308832391,1.3493346997468716,0.004221654344678539,0.008288448720838865,1.517168804808831e-05,0.1101696439064348,0.998622537750123,0.1317742297590958,7.475893308832391,0.9529498517316978,0.9608990969578296,0.95,0.9457783456553214,0.9417115512791611,0.8398303560935652,0.328,0.0192
1.0,8,0.1,estimated_ratio,471836,9272,10000,0.9272,1.2714963321089745,1.279902100563049,0.0,177.26070392783112,7.475893308832391,1.3493346997468716,0.004221654344678539,0.008288448720838865,1.517168804808831e-05,0.1101696439064348,0.998622537750123,0.1317742297590958,7.475893308832391,0.9219421496641167,0.9321297621279772,0.9,0.8957783456553214,0.8917115512791611,0.7898303560935652,0.328,0.0192
1.0,8,0.2,estimated_ratio,471836,7834,10000,0.7834,1.1298088458538056,1.1282352209091189,0.0,177.26070392783112,7.475893308832391,1.3493346997468716,0.004221654344678539,0.008288448720838865,1.517168804808831e-05,0.1101696439064348,0.998622537750123,0.1317742297590958,7.475893308832391,0.7752183568036068,0.7913639929198937,0.8,0.7957783456553215,0.7917115512791612,0.6898303560935652,0.328,0.0192
1.0,8,0.05,estimated_ratio_clipped,471836,9454,10000,0.9454,1.3028135299682615,1.3028135299682615,0.0,193.96910106663782,5.0,1.2560772866597572,0.03110301642719894,0.04431680179872005,0.00042402018366020385,0.5824226531722156,0.9584218097467948,0.1317742297590958,5.0,0.9407735431615523,0.9496843910898489,0.95,0.918896983572801,0.9056831982012798,0.3675773468277843,0.328,0.0192
1.0,8,0.1,estimated_ratio_clipped,471836,9081,10000,0.9081,1.265263428914547,1.257892370223999,0.0,193.96910106663782,5.0,1.2560772866597572,0.03110301642719894,0.04431680179872005,0.00042402018366020385,0.5824226531722156,0.9584218097467948,0.1317742297590958,5.0,0.9022801720667188,0.913606408463135,0.9,0.8688969835728011,0.85568319820128,0.3175773468277844,0.328,0.0192
1.0,8,0.2,estimated_ratio_clipped,471836,7668,10000,0.7668,1.0825390727996826,1.0785813331604004,0.0,193.96910106663782,5.0,1.2560772866597572,0.03110301642719894,0.04431680179872005,0.00042402018366020385,0.5824226531722156,0.9584218097467948,0.1317742297590958,5.0,0.7584104372741138,0.7749846611952931,0.8,0.7688969835728011,0.7556831982012799,0.2175773468277844,0.328,0.0192
1.0,9,0.05,unweighted,471837,7441,10000,0.7441,1.048194169998169,1.048194169998169,0.0,500.0,1.0,0.0,0.46417342872686507,0.9283468574537301,0.1438270458284751,10.726678734015486,1.0,1.0,1.0,0.7354547802335212,0.7525577517619144,0.95,0.4858265712731349,0.02165314254626982,-9.776678734015487,0.308,0.0192
1.0,9,0.1,unweighted,471837,6176,10000,0.6176,0.9429588913917542,0.9429588913917542,0.0,500.0,1.0,0.0,0.46417342872686507,0.9283468574537301,0.1438270458284751,10.726678734015486,1.0,1.0,1.0,0.6080316581524001,0.6270780254308168,0.9,0.43582657127313496,-0.028346857453730112,-9.826678734015486,0.308,0.0192
1.0,9,0.2,unweighted,471837,4328,10000,0.4328,0.8752741813659668,0.8752741813659668,0.0,500.0,1.0,0.0,0.46417342872686507,0.9283468574537301,0.1438270458284751,10.726678734015486,1.0,1.0,1.0,0.42311672732193495,0.44253488205908387,0.8,0.335826571273135,-0.1283468574537301,-9.926678734015486,0.308,0.0192
1.0,9,0.05,oracle_ratio,471837,9578,10000,0.9578,1.3014846885442735,1.3028135299682615,0.0,176.02984537724674,7.0859587369447326,1.3566235375255586,4.336808689942018e-18,0.0,0.0,0.0,1.0,0.13533528323661267,7.389056098930651,0.9536806290886503,0.9615677820031582,0.95,0.95,0.95,0.95,0.308,0.0192
1.0,9,0.1,oracle_ratio,471837,8718,10000,0.8718,1.2419965391159058,1.245755910873413,0.0,176.02984537724674,7.0859587369447326,1.3566235375255586,4.336808689942018e-18,0.0,0.0,0.0,1.0,0.13533528323661267,7.389056098930651,0.8651045300244866,0.8782099287870782,0.9,0.9,0.9,0.9,0.308,0.0192
1.0,9,0.2,oracle_ratio,471837,7086,10000,0.7086,1.02435564994812,1.02435564994812,0.0,176.02984537724674,7.0859587369447326,1.3566235375255586,4.336808689942018e-18,0.0,0.0,0.0,1.0,0.13533528323661267,7.389056098930651,0.6996150274036199,0.7174247684761339,0.8,0.8,0.8,0.8,0.308,0.0192
1.0,9,0.05,estimated_ratio,471837,9578,10000,0.9578,1.3028128520011901,1.3028135299682615,0.0,173.3633402146601,7.335815949987807,1.3726310852433588,0.004508360912625431,0.02165787492195092,3.093319545048981e-05,0.15731038223967242,1.0213596205127173,0.13454218969898366,7.652882401225138,0.9536806290886503,0.9615677820031582,0.95,0.9454916390873745,0.928342125078049,0.7926896177603275,0.308,0.0192
1.0,9,0.1,estimated_ratio,471837,8718,10000,0.8718,1.2446930978298187,1.245755910873413,0.0,173.3633402146601,7.335815949987807,1.3726310852433588,0.004508360912625431,0.02165787492195092,3.093319545048981e-05,0.15731038223967242,1.0213596205127173,0.13454218969898366,7.652882401225138,0.8651045300244866,0.8782099287870782,0.9,0.8954916390873746,0.8783421250780491,0.7426896177603276,0.308,0.0192
1.0,9,0.2,estimated_ratio,471837,7086,10000,0.7086,1.02435564994812,1.02435564994812,0.0,173.3633402146601,7.335815949987807,1.3726310852433588,0.004508360912625431,0.02165787492195092,3.093319545048981e-05,0.15731038223967242,1.0213596205127173,0.13454218969898366,7.652882401225138,0.6996150274036199,0.7174247684761339,0.8,0.7954916390873746,0.7783421250780491,0.6426896177603276,0.308,0.0192
1.0,9,0.05,estimated_ratio_clipped,471837,9670,10000,0.967,1.3065765140533447,1.3028135299682615,0.0,186.66102895426042,5.0,1.2956281601259838,0.03402738497262093,0.05247309783253198,0.00043211502437686175,0.5879557972343579,0.9759457623420891,0.13454218969898366,5.0,0.9633155436241365,0.9703258018976515,0.95,0.915972615027379,0.897526902167468,0.3620442027656421,0.308,0.0192
1.0,9,0.1,estimated_ratio_clipped,471837,8718,10000,0.8718,1.236057083082199,1.2281887531280518,0.0,186.66102895426042,5.0,1.2956281601259838,0.03402738497262093,0.05247309783253198,0.00043211502437686175,0.5879557972343579,0.9759457623420891,0.13454218969898366,5.0,0.8651045300244866,0.8782099287870782,0.9,0.8659726150273791,0.8475269021674681,0.31204420276564215,0.308,0.0192
1.0,9,0.2,estimated_ratio_clipped,471837,7086,10000,0.7086,1.0175316356897355,1.02435564994812,0.0,186.66102895426042,5.0,1.2956281601259838,0.03402738497262093,0.05247309783253198,0.00043211502437686175,0.5879557972343579,0.9759457623420891,0.13454218969898366,5.0,0.6996150274036199,0.7174247684761339,0.8,0.7659726150273791,0.7475269021674681,0.21204420276564218,0.308,0.0192
1.0,10,0.05,unweighted,471838,8026,10000,0.8026,1.1501529216766355,1.1501529216766355,0.0,500.0,1.0,0.0,0.46417342872686507,0.9283468574537301,0.1438270458284751,10.726678734015486,1.0,1.0,1.0,0.7946830580275869,0.8102845461584797,0.95,0.4858265712731349,0.02165314254626982,-9.776678734015487,0.318,0.0192
1.0,10,0.1,unweighted,471838,6664,10000,0.6664,0.9745562672615053,0.9745562672615052,0.0,500.0,1.0,0.0,0.46417342872686507,0.9283468574537301,0.1438270458284751,10.726678734015486,1.0,1.0,1.0,0.6570964511618872,0.6755757541803517,0.9,0.43582657127313496,-0.028346857453730112,-9.826678734015486,0.318,0.0192
1.0,10,0.2,unweighted,471838,4162,10000,0.4162,0.8709402084350586,0.8709402084350586,0.0,500.0,1.0,0.0,0.46417342872686507,0.9283468574537301,0.1438270458284751,10.726678734015486,1.0,1.0,1.0,0.40657277832412586,0.42589157980279946,0.8,0.335826571273135,-0.1283468574537301,-9.926678734015486,0.318,0.0192
1.0,10,0.05,oracle_ratio,471838,9659,10000,0.9659,1.3149404525756836,1.3149404525756836,0.0,161.78055804473303,7.235920578751015,1.4458928820553238,4.336808689942018e-18,0.0,0.0,0.0,1.0,0.13533528323661267,7.389056098930651,0.9621602196717023,0.9692819706465012,0.95,0.95,0.95,0.95,0.318,0.0192
1.0,10,0.1,oracle_ratio,471838,9165,10000,0.9165,1.279902100563049,1.279902100563049,0.0,161.78055804473303,7.235920578751015,1.4458928820553238,4.336808689942018e-18,0.0,0.0,0.0,1.0,0.13533528323661267,7.389056098930651,0.9109167713416663,0.9217633580155601,0.9,0.9,0.9,0.9,0.318,0.0192
1.0,10,0.2,oracle_ratio,471838,8026,10000,0.8026,1.1529793620109559,1.1501529216766355,0.0,161.78055804473303,7.235920578751015,1.4458928820553238,4.336808689942018e-18,0.0,0.0,0.0,1.0,0.13533528323661267,7.389056098930651,0.7946830580275869,0.8102845461584797,0.8,0.8,0.8,0.8,0.318,0.0192
1.0,10,0.05,estimated_ratio,471838,9659,10000,0.9659,1.3149404525756836,1.3149404525756836,0.0,153.9463872398437,7.6046698880344525,1.4992944834828632,0.013900650695843966,0.02956617402628953,0.0001248511096825156,0.316039376891571,1.0075420501691443,0.12535714674642673,7.770772869625957,0.9621602196717023,0.9692819706465012,0.95,0.936099349304156,0.9204338259737104,0.6339606231084289,0.318,0.0192
1.0,10,0.1,estimated_ratio,471838,9165,10000,0.9165,1.279902100563049,1.279902100563049,0.0,153.9463872398437,7.6046698880344525,1.4992944834828632,0.013900650695843966,0.02956617402628953,0.0001248511096825156,0.316039376891571,1.0075420501691443,0.12535714674642673,7.770772869625957,0.9109167713416663,0.9217633580155601,0.9,0.886099349304156,0.8704338259737104,0.583960623108429,0.318,0.0192
1.0,10,0.2,estimated_ratio,471838,8026,10000,0.8026,1.1610676938295363,1.1501529216766355,0.0,153.9463872398437,7.6046698880344525,1.4992944834828632,0.013900650695843966,0.02956617402628953,0.0001248511096825156,0.316039376891571,1.0075420501691443,0.12535714674642673,7.770772869625957,0.7946830580275869,0.8102845461584797,0.8,0.786099349304156,0.7704338259737105,0.483960623108429,0.318,0.0192
1.0,10,0.05,estimated_ratio_clipped,471838,9659,10000,0.9659,1.3145743019104004,1.314333438873291,0.0,175.4529845355412,5.0,1.3600611329596555,0.033142412055974076,0.05778418830285664,0.0005193847459466442,0.6445989425660853,0.9595309833645019,0.12535714674642673,5.0,0.9621602196717023,0.9692819706465012,0.95,0.9168575879440258,0.8922158116971433,0.30540105743391466,0.318,0.0192
1.0,10,0.1,estimated_ratio_clipped,471838,9088,10000,0.9088,1.2762516209483146,1.2739903926849363,0.0,175.4529845355412,5.0,1.3600611329596555,0.033142412055974076,0.05778418830285664,0.0005193847459466442,0.6445989425660853,0.9595309833645019,0.12535714674642673,5.0,0.9029993161001203,0.9142867268320146,0.9,0.8668575879440259,0.8422158116971434,0.2554010574339147,0.318,0.0192
1.0,10,0.2,estimated_ratio_clipped,471838,7884,10000,0.7884,1.136338791692257,1.1369203329086304,0.0,175.4529845355412,5.0,1.3600611329596555,0.033142412055974076,0.05778418830285664,0.0005193847459466442,0.6445989425660853,0.9595309833645019,0.12535714674642673,5.0,0.7802846960668617,0.7962938136729321,0.8,0.7668575879440259,0.7422158116971433,0.15540105743391475,0.318,0.0192
1.0,11,0.05,unweighted,471839,7867,10000,0.7867,1.1275087594985962,1.1275087594985962,0.0,500.0,1.0,0.0,0.46417342872686507,0.9283468574537301,0.1438270458284751,10.726678734015486,1.0,1.0,1.0,0.7785619414766013,0.7946178738576527,0.95,0.4858265712731349,0.02165314254626982,-9.776678734015487,0.314,0.0192
1.0,11,0.1,unweighted,471839,6460,10000,0.646,0.9646281003952026,0.9646281003952026,0.0,500.0,1.0,0.0,0.46417342872686507,0.9283468574537301,0.1438270458284751,10.726678734015486,1.0,1.0,1.0,0.6365728409686382,0.6553150315071243,0.9,0.43582657127313496,-0.028346857453730112,-9.826678734015486,0.314,0.0192
1.0,11,0.2,unweighted,471839,4230,10000,0.423,0.8686240911483765,0.8686240911483765,0.0,500.0,1.0,0.0,0.46417342872686507,0.9283468574537301,0.1438270458284751,10.726678734015486,1.0,1.0,1.0,0.4133484656341661,0.432710670114918,0.8,0.335826571273135,-0.1283468574537301,-9.926678734015486,0.314,0.0192
1.0,11,0.05,oracle_ratio,471839,9458,10000,0.9458,1.2866802116394043,1.279902100563049,0.0,164.6742335892284,7.389056098930651,1.426989039923719,4.336808689942018e-18,0.0,0.0,0.0,1.0,0.13533528323661267,7.389056098930651,0.941188772138505,0.9500688549141996,0.95,0.95,0.95,0.95,0.314,0.0192
1.0,11,0.1,oracle_ratio,471839,9053,10000,0.9053,1.257325973701477,1.257892370223999,0.0,164.6742335892284,7.389056098930651,1.426989039923719,4.336808689942018e-18,0.0,0.0,0.0,1.0,0.13533528323661267,7.389056098930651,0.899404580110291,0.9108841508104384,0.9,0.9,0.9,0.9,0.314,0.0192
1.0,11,0.2,oracle_ratio,471839,7867,10000,0.7867,1.1279071509361267,1.1282352209091189,0.0,164.6742335892284,7.389056098930651,1.426989039923719,4.336808689942018e-18,0.0,0.0,0.0,1.0,0.13533528323661267,7.389056098930651,0.7785619414766013,0.7946178738576527,0.8,0.8,0.8,0.8,0.314,0.0192
1.0,11,0.05,estimated_ratio,471839,9458,10000,0.9458,1.2868182774543762,1.279902100563049,0.0,163.89803474395848,7.6557777526442665,1.4320185801595098,0.0012976281982880152,0.031940876026779065,8.114470285469494e-05,0.25478571836693664,1.031940876026779,0.1385799808805389,7.6557777526442665,0.941188772138505,0.9500688549141996,0.95,0.9487023718017119,0.9180591239732209,0.6952142816330633,0.314,0.0192
1.0,11,0.1,estimated_ratio,471839,9053,10000,0.9053,1.2574434931278229,1.257892370223999,0.0,163.89803474395848,7.6557777526442665,1.4320185801595098,0.0012976281982880152,0.031940876026779065,8.114470285469494e-05,0.25478571836693664,1.031940876026779,0.1385799808805389,7.6557777526442665,0.899404580110291,0.9108841508104384,0.9,0.898702371801712,0.8680591239732209,0.6452142816330634,0.314,0.0192
1.0,11,0.2,estimated_ratio,471839,7930,10000,0.793,1.1279418757915496,1.1282352209091189,0.0,163.89803474395848,7.6557777526442665,1.4320185801595098,0.0012976281982880152,0.031940876026779065,8.114470285469494e-05,0.25478571836693664,1.031940876026779,0.1385799808805389,7.6557777526442665,0.7849473137067929,0.8008276632479906,0.8,0.798702371801712,0.768059123973221,0.5452142816330634,0.314,0.0192
1.0,11,0.05,estimated_ratio_clipped,471839,9458,10000,0.9458,1.2858686856508255,1.279902100563049,0.0,184.05390897229034,5.0,1.3101890652119552,0.03571804933272643,0.06232054251539451,0.0004812786098736111,0.6205021256199602,0.9860914614341851,0.1385799808805389,5.0,0.941188772138505,0.9500688549141996,0.95,0.9142819506672735,0.8876794574846054,0.32949787438003975,0.314,0.0192
1.0,11,0.1,estimated_ratio_clipped,471839,8927,10000,0.8927,1.253454063606262,1.2524614334106443,0.0,184.05390897229034,5.0,1.3101890652119552,0.03571804933272643,0.06232054251539451,0.0004812786098736111,0.6205021256199602,0.9860914614341851,0.1385799808805389,5.0,0.8864825177547974,0.8986158899248732,0.9,0.8642819506672736,0.8376794574846055,0.2794978743800398,0.314,0.0192
1.0,11,0.2,estimated_ratio_clipped,471839,7758,10000,0.7758,1.0705111275911332,1.0627883672714231,0.0,184.05390897229034,5.0,1.3101890652119552,0.03571804933272643,0.06232054251539451,0.0004812786098736111,0.6205021256199602,0.9860914614341851,0.1385799808805389,5.0,0.7675208608970783,0.7838673256016566,0.8,0.7642819506672736,0.7376794574846055,0.17949787438003983,0.314,0.0192
1.0,12,0.05,unweighted,471840,8324,10000,0.8324,1.1966276168823242,1.1966276168823242,0.0,500.0,1.0,0.0,0.46417342872686507,0.9283468574537301,0.1438270458284751,10.726678734015486,1.0,1.0,1.0,0.8249519766365095,0.8395927412466647,0.95,0.4858265712731349,0.02165314254626982,-9.776678734015487,0.326,0.0192
1.0,12,0.1,unweighted,471840,6901,10000,0.6901,0.9957479238510132,0.9957479238510132,0.0,500.0,1.0,0.0,0.46417342872686507,0.9283468574537301,0.1438270458284751,10.726678734015486,1.0,1.0,1.0,0.6809645527688655,0.6990894510506034,0.9,0.43582657127313496,-0.028346857453730112,-9.826678734015486,0.326,0.0192
1.0,12,0.2,unweighted,471840,4673,10000,0.4673,0.8914327621459961,0.8914327621459961,0.0,500.0,1.0,0.0,0.46417342872686507,0.9283468574537301,0.1438270458284751,10.726678734015486,1.0,1.0,1.0,0.45753558662693156,0.47708952686651057,0.8,0.335826571273135,-0.1283468574537301,-9.926678734015486,0.326,0.0192
1.0,12,0.05,oracle_ratio,471840,9813,10000,0.9813,1.3309314944028854,1.329429030418396,0.0,172.290328303843,7.235920578751015,1.3791584992652048,4.336808689942018e-18,0.0,0.0,0.0,1.0,0.13533528323661267,7.389056098930651,0.978454233071307,0.9837761300970796,0.95,0.95,0.95,0.95,0.326,0.0192
1.0,12,0.1,oracle_ratio,471840,9445,10000,0.9445,1.2880374240636825,1.2823160886764526,0.0,172.290328303843,7.235920578751015,1.3791584992652048,4.336808689942018e-18,0.0,0.0,0.0,1.0,0.13533528323661267,7.389056098930651,0.9398395206647528,0.9488191047837157,0.9,0.9,0.9,0.9,0.326,0.0192
1.0,12,0.2,oracle_ratio,471840,8324,10000,0.8324,1.19844856249094,1.1966276168823242,0.0,172.290328303843,7.235920578751015,1.3791584992652048,4.336808689942018e-18,0.0,0.0,0.0,1.0,0.13533528323661267,7.389056098930651,0.8249519766365095,0.8395927412466647,0.8,0.8,0.8,0.8,0.326,0.0192
1.0,12,0.05,estimated_ratio,471840,9813,10000,0.9813,1.332097790646553,1.329429030418396,0.0,169.09213815272136,7.420251835859223,1.398916635887419,0.0055894048602968165,0.01383203970288849,1.7617387966563438e-05,0.11871777614683805,1.0081694081081873,0.13194230012722952,7.579304467829936,0.978454233071307,0.9837761300970796,0.95,0.9444105951397032,0.9361679602971115,0.8312822238531619,0.326,0.0192
1.0,12,0.1,estimated_ratio,471840,9445,10000,0.9445,1.2895841199874878,1.2823160886764526,0.0,169.09213815272136,7.420251835859223,1.398916635887419,0.0055894048602968165,0.01383203970288849,1.7617387966563438e-05,0.11871777614683805,1.0081694081081873,0.13194230012722952,7.579304467829936,0.9398395206647528,0.9488191047837157,0.9,0.8944105951397032,0.8861679602971115,0.7812822238531619,0.326,0.0192
1.0,12,0.2,estimated_ratio,471840,8324,10000,0.8324,1.1994696590900422,1.1966276168823242,0.0,169.09213815272136,7.420251835859223,1.398916635887419,0.0055894048602968165,0.01383203970288849,1.7617387966563438e-05,0.11871777614683805,1.0081694081081873,0.13194230012722952,7.579304467829936,0.8249519766365095,0.8395927412466647,0.8,0.7944105951397032,0.7861679602971116,0.681282223853162,0.326,0.0192
1.0,12,0.05,estimated_ratio_clipped,471840,9706,10000,0.9706,1.314892073583603,1.3149404525756836,0.0,190.86283800641158,5.0,1.2726673988534627,0.03218324589083993,0.04694595604359977,0.0004231875328072585,0.5818505188154486,0.9650542433676893,0.13194230012722952,5.0,0.9671041289471964,0.9737344517863227,0.95,0.91781675410916,0.9030540439564002,0.3681494811845514,0.326,0.0192
1.0,12,0.1,estimated_ratio_clipped,471840,9330,10000,0.933,1.2804539382457734,1.279902100563049,0.0,190.86283800641158,5.0,1.2726673988534627,0.03218324589083993,0.04694595604359977,0.0004231875328072585,0.5818505188154486,0.9650542433676893,0.13194230012722952,5.0,0.9279315079543742,0.93773594945662,0.9,0.8678167541091601,0.8530540439564003,0.31814948118455144,0.326,0.0192
1.0,12,0.2,estimated_ratio_clipped,471840,8157,10000,0.8157,1.1591288094520569,1.1501529216766355,0.0,190.86283800641158,5.0,1.2726673988534627,0.03218324589083993,0.04694595604359977,0.0004231875328072585,0.5818505188154486,0.9650542433676893,0.13194230012722952,5.0,0.807979921854344,0.8231776215744107,0.8,0.7678167541091601,0.7530540439564003,0.21814948118455146,0.326,0.0192
1.0,13,0.05,unweighted,471841,8216,10000,0.8216,1.1766608953475952,1.1766608953475952,0.0,500.0,1.0,0.0,0.46417342872686507,0.9283468574537301,0.1438270458284751,10.726678734015486,1.0,1.0,1.0,0.8139732259824872,0.8289797862654935,0.95,0.4858265712731349,0.02165314254626982,-9.776678734015487,0.32,0.0192
1.0,13,0.1,unweighted,471841,7141,10000,0.7141,1.02435564994812,1.02435564994812,0.0,500.0,1.0,0.0,0.46417342872686507,0.9283468574537301,0.1438270458284751,10.726678734015486,1.0,1.0,1.0,0.7051631643608987,0.7228724075367776,0.9,0.43582657127313496,-0.028346857453730112,-9.826678734015486,0.32,0.0192
1.0,13,0.2,unweighted,471841,4952,10000,0.4952,0.9032050371170044,0.9032050371170044,0.0,500.0,1.0,0.0,0.46417342872686507,0.9283468574537301,0.1438270458284751,10.726678734015486,1.0,1.0,1.0,0.4854043563335993,0.5049993300507591,0.8,0.335826571273135,-0.1283468574537301,-9.926678734015486,0.32,0.0192
1.0,13,0.05,oracle_ratio,471841,9558,10000,0.9558,1.314333438873291,1.314333438873291,0.0,179.97119956349178,7.0859587369447326,1.3335000187788175,4.336808689942018e-18,0.0,0.0,0.0,1.0,0.13533528323661267,7.389056098930651,0.9515934517868081,0.959656495298483,0.95,0.95,0.95,0.95,0.32,0.0192
1.0,13,0.1,oracle_ratio,471841,9081,10000,0.9081,1.2599361740112305,1.255275011062622,0.0,179.97119956349178,7.0859587369447326,1.3335000187788175,4.336808689942018e-18,0.0,0.0,0.0,1.0,0.13533528323661267,7.389056098930651,0.9022801720667188,0.913606408463135,0.9,0.9,0.9,0.9,0.32,0.0192
1.0,13,0.2,oracle_ratio,471841,8171,10000,0.8171,1.1675310481786727,1.172321081161499,0.0,179.97119956349178,7.0859587369447326,1.3335000187788175,4.336808689942018e-18,0.0,0.0,0.0,1.0,0.13533528323661267,7.389056098930651,0.8094017931321401,0.8245546751011769,0.8,0.8,0.8,0.8,0.32,0.0192
1.0,13,0.05,estimated_ratio,471841,9558,10000,0.9558,1.314333438873291,1.314333438873291,0.0,176.0511115907763,7.204434026760644,1.3564970737932855,0.006840460960376497,0.013359867166054097,4.3950515135942134e-05,0.18751109862819776,0.9960966085848278,0.12938086456334513,7.517495904490799,0.9515934517868081,0.959656495298483,0.95,0.9431595390396235,0.9366401328339459,0.7624889013718021,0.32,0.0192
1.0,13,0.1,estimated_ratio,471841,9081,10000,0.9081,1.261589580821991,1.255275011062622,0.0,176.0511115907763,7.204434026760644,1.3564970737932855,0.006840460960376497,0.013359867166054097,4.3950515135942134e-05,0.18751109862819776,0.9960966085848278,0.12938086456334513,7.517495904490799,0.9022801720667188,0.913606408463135,0.9,0.8931595390396235,0.8866401328339459,0.7124889013718023,0.32,0.0192
1.0,13,0.2,estimated_ratio,471841,8171,10000,0.8171,1.1761597741961478,1.172321081161499,0.0,176.0511115907763,7.204434026760644,1.3564970737932855,0.006840460960376497,0.013359867166054097,4.3950515135942134e-05,0.18751109862819776,0.9960966085848278,0.12938086456334513,7.517495904490799,0.8094017931321401,0.8245546751011769,0.8,0.7931595390396236,0.786640132833946,0.6124889013718022,0.32,0.0192
1.0,13,0.05,estimated_ratio_clipped,471841,9558,10000,0.9558,1.314333438873291,1.314333438873291,0.0,192.89022952436557,5.0,1.2618034246325134,0.030527100934154013,0.04841524368513034,0.0004519910846662923,0.6013259247139058,0.9549229040226948,0.12938086456334513,5.0,0.9515934517868081,0.959656495298483,0.95,0.919472899065846,0.9015847563148696,0.3486740752860942,0.32,0.0192
1.0,13,0.1,estimated_ratio_clipped,471841,8873,10000,0.8873,1.2538330525159835,1.2524614334106443,0.0,192.89022952436557,5.0,1.2618034246325134,0.030527100934154013,0.04841524368513034,0.0004519910846662923,0.6013259247139058,0.9549229040226948,0.12938086456334513,5.0,0.8809527727635965,0.8933497820984774,0.9,0.869472899065846,0.8515847563148697,0.29867407528609424,0.32,0.0192
1.0,13,0.2,estimated_ratio_clipped,471841,8118,10000,0.8118,1.1501529216766355,1.1501529216766355,0.0,192.89022952436557,5.0,1.2618034246325134,0.030527100934154013,0.04841524368513034,0.0004519910846662923,0.6013259247139058,0.9549229040226948,0.12938086456334513,5.0,0.8040198581996467,0.8193406804163992,0.8,0.769472899065846,0.7515847563148697,0.19867407528609426,0.32,0.0192
1.0,14,0.05,unweighted,471842,8024,10000,0.8024,1.1369203329086304,1.1369203329086304,0.0,500.0,1.0,0.0,0.46417342872686507,0.9283468574537301,0.1438270458284751,10.726678734015486,1.0,1.0,1.0,0.7944801583739147,0.8100875994115,0.95,0.4858265712731349,0.02165314254626982,-9.776678734015487,0.332,0.0192
1.0,14,0.1,unweighted,471842,7179,10000,0.7179,1.0256803035736084,1.0256803035736084,0.0,500.0,1.0,0.0,0.46417342872686507,0.9283468574537301,0.1438270458284751,10.726678734015486,1.0,1.0,1.0,0.7089973589128148,0.7266352945972442,0.9,0.43582657127313496,-0.028346857453730112,-9.826678734015486,0.332,0.0192
1.0,14,0.2,unweighted,471842,5132,10000,0.5132,0.9118086695671082,0.9118086695671082,0.0,500.0,1.0,0.0,0.46417342872686507,0.9283468574537301,0.1438270458284751,10.726678734015486,1.0,1.0,1.0,0.5034004067059649,0.5229894557370492,0.8,0.335826571273135,-0.1283468574537301,-9.926678734015486,0.332,0.0192
1.0,14,0.05,oracle_ratio,471842,9785,10000,0.9785,1.329429030418396,1.329429030418396,0.0,173.44388414646025,7.389056098930651,1.3721431300455764,4.336808689942018e-18,0.0,0.0,0.0,1.0,0.13533528323661267,7.389056098930651,0.97546806028119,0.9811644532780726,0.95,0.95,0.95,0.95,0.332,0.0192
1.0,14,0.1,oracle_ratio,471842,9326,10000,0.9326,1.2796552155613898,1.279902100563049,0.0,173.44388414646025,7.389056098930651,1.3721431300455764,4.336808689942018e-18,0.0,0.0,0.0,1.0,0.13533528323661267,7.389056098930651,0.927518124699565,0.9373496399101255,0.9,0.9,0.9,0.9,0.332,0.0192
1.0,14,0.2,oracle_ratio,471842,8126,10000,0.8126,1.14353994961977,1.1501529216766355,0.0,173.44388414646025,7.389056098930651,1.3721431300455764,4.336808689942018e-18,0.0,0.0,0.0,1.0,0.13533528323661267,7.389056098930651,0.8048320763139051,0.8201278479047479,0.8,0.8,0.8,0.8,0.332,0.0192
1.0,14,0.05,estimated_ratio,471842,9785,10000,0.9785,1.329429030418396,1.329429030418396,0.0,175.01773466467384,7.135715930739512,1.3626640601912883,0.0027704758913507177,0.025950430464435438,5.033403194357041e-05,0.20066695182529765,0.9740495695355647,0.13401312040865085,7.135715930739512,0.97546806028119,0.9811644532780726,0.95,0.9472295241086492,0.9240495695355645,0.7493330481747023,0.332,0.0192
1.0,14,0.1,estimated_ratio,471842,9226,10000,0.9226,1.2787476806759834,1.2739903926849363,0.0,175.01773466467384,7.135715930739512,1.3626640601912883,0.0027704758913507177,0.025950430464435438,5.033403194357041e-05,0.20066695182529765,0.9740495695355647,0.13401312040865085,7.135715930739512,0.9171986989189833,0.9276767456581207,0.9,0.8972295241086493,0.8740495695355646,0.6993330481747024,0.332,0.0192
1.0,14,0.2,estimated_ratio,471842,8086,10000,0.8086,1.1420759781241416,1.1369203329086304,0.0,175.01773466467384,7.135715930739512,1.3626640601912883,0.0027704758913507177,0.025950430464435438,5.033403194357041e-05,0.20066695182529765,0.9740495695355647,0.13401312040865085,7.135715930739512,0.8007715078372052,0.816191488368413,0.8,0.7972295241086493,0.7740495695355646,0.5993330481747023,0.332,0.0192
1.0,14,0.05,estimated_ratio_clipped,471842,9785,10000,0.9785,1.3268283306956292,1.329429030418396,0.0,189.23697382330528,5.0,1.2814795313745253,0.02851176042753569,0.05733666650013895,0.00045190677113783373,0.6012698370201743,0.9426633334998611,0.13401312040865085,5.0,0.97546806028119,0.9811644532780726,0.95,0.9214882395724643,0.892663333499861,0.3487301629798256,0.332,0.0192
1.0,14,0.1,estimated_ratio_clipped,471842,9148,10000,0.9148,1.2661619243621827,1.2739903926849363,0.0,189.23697382330528,5.0,1.2814795313745253,0.02851176042753569,0.05733666650013895,0.00045190677113783373,0.6012698370201743,0.9426633334998611,0.13401312040865085,5.0,0.9091676404097432,0.9201137945419434,0.9,0.8714882395724644,0.8426633334998611,0.2987301629798257,0.332,0.0192
1.0,14,0.2,estimated_ratio_clipped,471842,7919,10000,0.7919,1.1279375170230865,1.1282352209091189,0.0,189.23697382330528,5.0,1.2814795313745253,0.02851176042753569,0.05733666650013895,0.00045190677113783373,0.6012698370201743,0.9426633334998611,0.13401312040865085,5.0,0.7838321996422495,0.7997436221089496,0.8,0.7714882395724644,0.7426633334998611,0.1987301629798257,0.332,0.0192
1.0,15,0.05,unweighted,471843,8202,10000,0.8202,1.1766608953475952,1.1766608953475952,0.0,500.0,1.0,0.0,0.46417342872686507,0.9283468574537301,0.1438270458284751,10.726678734015486,1.0,1.0,1.0,0.8125508155424117,0.8276032719010071,0.95,0.4858265712731349,0.02165314254626982,-9.776678734015487,0.32,0.0192
1.0,15,0.1,unweighted,471843,6973,10000,0.6973,1.0092549324035645,1.0092549324035645,0.0,500.0,1.0,0.0,0.46417342872686507,0.9283468574537301,0.1438270458284751,10.726678734015486,1.0,1.0,1.0,0.6882210534207929,0.7062274208221382,0.9,0.43582657127313496,-0.028346857453730112,-9.826678734015486,0.32,0.0192
1.0,15,0.2,unweighted,471843,4732,10000,0.4732,0.899455189704895,0.899455189704895,0.0,500.0,1.0,0.0,0.46417342872686507,0.9283468574537301,0.1438270458284751,10.726678734015486,1.0,1.0,1.0,0.46342643222504865,0.4829941500876195,0.8,0.335826571273135,-0.1283468574537301,-9.926678734015486,0.32,0.0192
1.0,15,0.05,oracle_ratio,471843,9602,10000,0.9602,1.3051130229473114,1.3028135299682615,0.0,179.9731346842971,7.0859587369447326,1.333488818052226,4.336808689942018e-18,0.0,0.0,0.0,1.0,0.13533528323661267,7.389056098930651,0.9561884312882075,0.9638581366114217,0.95,0.95,0.95,0.95,0.32,0.0192
1.0,15,0.1,oracle_ratio,471843,9227,10000,0.9227,1.277178301680088,1.2739903926849363,0.0,179.9731346842971,7.0859587369447326,1.333488818052226,4.336808689942018e-18,0.0,0.0,0.0,1.0,0.13533528323661267,7.389056098930651,0.9173017580919753,0.9277736096854545,0.9,0.9,0.9,0.9,0.32,0.0192
1.0,15,0.2,oracle_ratio,471843,8458,10000,0.8458,1.2329245881557465,1.2334575653076172,0.0,179.9731346842971,7.0859587369447326,1.333488818052226,4.336808689942018e-18,0.0,0.0,0.0,1.0,0.13533528323661267,7.389056098930651,0.8385891058458239,0.8527453208810161,0.8,0.8,0.8,0.8,0.32,0.0192
1.0,15,0.05,estimated_ratio,471843,9548,10000,0.9548,1.3038090914487839,1.3028135299682615,0.0,187.28726688914583,6.714351812465758,1.2921670328740242,0.011687940303429482,0.0292118638545873,7.705549779466965e-05,0.24828289960393107,0.9815848053453138,0.1423163807344931,6.99384052232622,0.9505507161688418,0.9586999989131906,0.95,0.9383120596965705,0.9207881361454127,0.7017171003960689,0.32,0.0192
1.0,15,0.1,estimated_ratio,471843,9227,10000,0.9227,1.275777919614315,1.2739903926849363,0.0,187.28726688914583,6.714351812465758,1.2921670328740242,0.011687940303429482,0.0292118638545873,7.705549779466965e-05,0.24828289960393107,0.9815848053453138,0.1423163807344931,6.99384052232622,0.9173017580919753,0.9277736096854545,0.9,0.8883120596965706,0.8707881361454127,0.6517171003960689,0.32,0.0192
1.0,15,0.2,estimated_ratio,471843,8407,10000,0.8407,1.2131255737543105,1.20262348651886,0.0,187.28726688914583,6.714351812465758,1.2921670328740242,0.011687940303429482,0.0292118638545873,7.705549779466965e-05,0.24828289960393107,0.9815848053453138,0.1423163807344931,6.99384052232622,0.8333967575405693,0.8477415859696517,0.8,0.7883120596965706,0.7707881361454128,0.551717100396069,0.32,0.0192
1.0,15,0.05,estimated_ratio_clipped,471843,9421,10000,0.9421,1.300001172232628,1.2983108758926392,0.0,204.62573985225328,5.0,1.2014513564497578,0.03025087511062089,0.05754289302277897,0.0004692895975998162,0.6127247979965009,0.9532537761771223,0.1423163807344931,5.0,0.9373503864985802,0.9465100821420676,0.95,0.9197491248893791,0.892457106977221,0.33727520200349903,0.32,0.0192
1.0,15,0.1,estimated_ratio_clipped,471843,9124,10000,0.9124,1.2667044946193695,1.2739903926849363,0.0,204.62573985225328,5.0,1.2014513564497578,0.03025087511062089,0.05754289302277897,0.0004692895975998162,0.6127247979965009,0.9532537761771223,0.1423163807344931,5.0,0.9066993810377157,0.91778389710615,0.9,0.8697491248893792,0.8424571069772211,0.2872752020034991,0.32,0.0192
1.0,15,0.2,estimated_ratio_clipped,471843,8202,10000,0.8202,1.1874457557201386,1.1766608953475952,0.0,204.62573985225328,5.0,1.2014513564497578,0.03025087511062089,0.05754289302277897,0.0004692895975998162,0.6127247979965009,0.9532537761771223,0.1423163807344931,5.0,0.8125508155424117,0.8276032719010071,0.8,0.7697491248893792,0.7424571069772211,0.18727520200349912,0.32,0.0192
1.0,16,0.05,unweighted,471844,7945,10000,0.7945,1.135647535324097,1.135647535324097,0.0,500.0,1.0,0.0,0.46417342872686507,0.9283468574537301,0.1438270458284751,10.726678734015486,1.0,1.0,1.0,0.7864680674398067,0.8023057575198648,0.95,0.4858265712731349,0.02165314254626982,-9.776678734015487,0.322,0.0192
1.0,16,0.1,unweighted,471844,7006,10000,0.7006,1.0092549324035645,1.0092549324035645,0.0,500.0,1.0,0.0,0.46417342872686507,0.9283468574537301,0.1438270458284751,10.726678734015486,1.0,1.0,1.0,0.6915478212581081,0.7094981185955764,0.9,0.43582657127313496,-0.028346857453730112,-9.826678734015486,0.322,0.0192
1.0,16,0.2,unweighted,471844,4903,10000,0.4903,0.8999583721160889,0.8999583721160889,0.0,500.0,1.0,0.0,0.46417342872686507,0.9283468574537301,0.1438270458284751,10.726678734015486,1.0,1.0,1.0,0.4805076298409812,0.5000998197274099,0.8,0.335826571273135,-0.1283468574537301,-9.926678734015486,0.322,0.0192
1.0,16,0.05,oracle_ratio,471844,9785,10000,0.9785,1.3251693885326385,1.329429030418396,0.0,172.11511301594535,6.9391048001732285,1.380229153845549,4.336808689942018e-18,0.0,0.0,0.0,1.0,0.13533528323661267,7.389056098930651,0.97546806028119,0.9811644532780726,0.95,0.95,0.95,0.95,0.322,0.0192
1.0,16,0.1,oracle_ratio,471844,9315,10000,0.9315,1.2806453675031662,1.279902100563049,0.0,172.11511301594535,6.9391048001732285,1.380229153845549,4.336808689942018e-18,0.0,0.0,0.0,1.0,0.13533528323661267,7.389056098930651,0.9263815754586898,0.9362870339474162,0.9,0.9,0.9,0.9,0.322,0.0192
1.0,16,0.2,oracle_ratio,471844,7614,10000,0.7614,1.074766398370266,1.0730522871017456,0.0,172.11511301594535,6.9391048001732285,1.380229153845549,4.336808689942018e-18,0.0,0.0,0.0,1.0,0.13533528323661267,7.389056098930651,0.7529467146534282,0.769652530998382,0.8,0.8,0.8,0.8,0.322,0.0192
1.0,16,0.05,estimated_ratio,471844,9785,10000,0.9785,1.326800802397728,1.329429030418396,0.0,168.06909254118958,6.90042022632823,1.4053351828022576,0.007410660177794424,0.02706011361273429,0.00016416932090366514,0.362402340945712,0.9729398863872658,0.12593775489100992,7.355650146597551,0.97546806028119,0.9811644532780726,0.95,0.9425893398222055,0.9229398863872657,0.587597659054288,0.322,0.0192
1.0,16,0.1,estimated_ratio,471844,9315,10000,0.9315,1.2809022158384322,1.279902100563049,0.0,168.06909254118958,6.90042022632823,1.4053351828022576,0.007410660177794424,0.02706011361273429,0.00016416932090366514,0.362402340945712,0.9729398863872658,0.12593775489100992,7.355650146597551,0.9263815754586898,0.9362870339474162,0.9,0.8925893398222056,0.8729398863872657,0.537597659054288,0.322,0.0192
1.0,16,0.2,estimated_ratio,471844,7728,10000,0.7728,1.081184891831875,1.0730522871017456,0.0,168.06909254118958,6.90042022632823,1.4053351828022576,0.007410660177794424,0.02706011361273429,0.00016416932090366514,0.362402340945712,0.9729398863872658,0.12593775489100992,7.355650146597551,0.7644834568325718,0.780907033656387,0.8,0.7925893398222056,0.7729398863872657,0.43759765905428805,0.322,0.0192
1.0,16,0.05,estimated_ratio_clipped,471844,9785,10000,0.9785,1.31636068161726,1.3149404525756836,0.0,185.3778000808307,5.0,1.302764212274373,0.02761242984972358,0.06359829402365919,0.0005732628343691691,0.6772076989338908,0.9364017059763408,0.12593775489100992,5.0,0.97546806028119,0.9811644532780726,0.95,0.9223875701502764,0.8864017059763407,0.2727923010661092,0.322,0.0192
1.0,16,0.1,estimated_ratio_clipped,471844,9227,10000,0.9227,1.2783029835820197,1.279902100563049,0.0,185.3778000808307,5.0,1.302764212274373,0.02761242984972358,0.06359829402365919,0.0005732628343691691,0.6772076989338908,0.9364017059763408,0.12593775489100992,5.0,0.9173017580919753,0.9277736096854545,0.9,0.8723875701502765,0.8364017059763409,0.22279230106610926,0.322,0.0192
1.0,16,0.2,estimated_ratio_clipped,471844,7614,10000,0.7614,1.0730522871017456,1.0730522871017456,0.0,185.3778000808307,5.0,1.302764212274373,0.02761242984972358,0.06359829402365919,0.0005732628343691691,0.6772076989338908,0.9364017059763408,0.12593775489100992,5.0,0.7529467146534282,0.769652530998382,0.8,0.7723875701502765,0.7364017059763408,0.12279230106610928,0.322,0.0192
1.0,17,0.05,unweighted,471845,8142,10000,0.8142,1.172321081161499,1.172321081161499,0.0,500.0,1.0,0.0,0.46417342872686507,0.9283468574537301,0.1438270458284751,10.726678734015486,1.0,1.0,1.0,0.8064566709686074,0.8217020244552595,0.95,0.4858265712731349,0.02165314254626982,-9.776678734015487,0.326,0.0192
1.0,17,0.1,unweighted,471845,6805,10000,0.6805,0.9957479238510132,0.9957479238510132,0.0,500.0,1.0,0.0,0.46417342872686507,0.9283468574537301,0.1438270458284751,10.726678734015486,1.0,1.0,1.0,0.6712932031988662,0.6895681733893194,0.9,0.43582657127313496,-0.028346857453730112,-9.826678734015486,0.326,0.0192
1.0,17,0.2,unweighted,471845,4417,10000,0.4417,0.8785909414291382,0.8785909414291382,0.0,500.0,1.0,0.0,0.46417342872686507,0.9283468574537301,0.1438270458284751,10.726678734015486,1.0,1.0,1.0,0.4319912553296458,0.451453518880375,0.8,0.335826571273135,-0.1283468574537301,-9.926678734015486,0.326,0.0192
1.0,17,0.05,oracle_ratio,471845,9767,10000,0.9767,1.329429030418396,1.329429030418396,0.0,174.68614016730925,7.235920578751015,1.3646524488204486,4.336808689942018e-18,0.0,0.0,0.0,1.0,0.13533528323661267,7.389056098930651,0.9735551577740434,0.9794787381793534,0.95,0.95,0.95,0.95,0.326,0.0192
1.0,17,0.1,oracle_ratio,471845,9307,10000,0.9307,1.2809398740530014,1.279902100563049,0.0,174.68614016730925,7.235920578751015,1.3646524488204486,4.336808689942018e-18,0.0,0.0,0.0,1.0,0.13533528323661267,7.389056098930651,0.9255552251949613,0.9355139986085379,0.9,0.9,0.9,0.9,0.326,0.0192
1.0,17,0.2,oracle_ratio,471845,7797,10000,0.7797,1.1289816556930543,1.1275087594985962,0.0,174.68614016730925,7.235920578751015,1.3646524488204486,4.336808689942018e-18,0.0,0.0,0.0,1.0,0.13533528323661267,7.389056098930651,0.771470395629393,0.7877147956820504,0.8,0.8,0.8,0.8,0.326,0.0192
1.0,17,0.05,estimated_ratio,471845,9767,10000,0.9767,1.329429030418396,1.329429030418396,0.0,173.16874591829267,7.25110092113594,1.373811141917371,0.002515258645426322,0.006047293400243343,1.1308629593979908e-05,0.09511521263806293,0.9944435090881085,0.13257441098543285,7.405442678723037,0.9735551577740434,0.9794787381793534,0.95,0.9474847413545736,0.9439527065997566,0.8548847873619371,0.326,0.0192
1.0,17,0.1,estimated_ratio,471845,9307,10000,0.9307,1.281036192178726,1.279902100563049,0.0,173.16874591829267,7.25110092113594,1.373811141917371,0.002515258645426322,0.006047293400243343,1.1308629593979908e-05,0.09511521263806293,0.9944435090881085,0.13257441098543285,7.405442678723037,0.9255552251949613,0.9355139986085379,0.9,0.8974847413545737,0.8939527065997567,0.8048847873619371,0.326,0.0192
1.0,17,0.2,estimated_ratio,471845,7797,10000,0.7797,1.1294685538053513,1.1275087594985962,0.0,173.16874591829267,7.25110092113594,1.373811141917371,0.002515258645426322,0.006047293400243343,1.1308629593979908e-05,0.09511521263806293,0.9944435090881085,0.13257441098543285,7.405442678723037,0.771470395629393,0.7877147956820504,0.8,0.7974847413545737,0.7939527065997567,0.7048847873619372,0.326,0.0192
1.0,17,0.05,estimated_ratio_clipped,471845,9767,10000,0.9767,1.3218500553488732,1.3149404525756836,0.0,187.83457225273426,5.0,1.2891535134981513,0.03071861187958011,0.0439164326966721,0.00042086119695854596,0.5802490478810256,0.9560835673033279,0.13257441098543285,5.0,0.9735551577740434,0.9794787381793534,0.95,0.9192813881204198,0.9060835673033278,0.36975095211897435,0.326,0.0192
1.0,17,0.1,estimated_ratio_clipped,471845,8690,10000,0.869,1.245755910873413,1.245755910873413,0.0,187.83457225273426,5.0,1.2891535134981513,0.03071861187958011,0.0439164326966721,0.00042086119695854596,0.5802490478810256,0.9560835673033279,0.13257441098543285,5.0,0.8622451307712435,0.875471478431197,0.9,0.8692813881204199,0.8560835673033279,0.3197509521189744,0.326,0.0192
1.0,17,0.2,estimated_ratio_clipped,471845,7697,10000,0.7697,1.0803394575715064,1.0730522871017456,0.0,187.83457225273426,5.0,1.2891535134981513,0.03071861187958011,0.0439164326966721,0.00042086119695854596,0.5802490478810256,0.9560835673033279,0.13257441098543285,5.0,0.7613454350819324,0.7778474361969248,0.8,0.7692813881204199,0.7560835673033279,0.21975095211897444,0.326,0.0192
1.0,18,0.05,unweighted,471846,8222,10000,0.8222,1.172321081161499,1.172321081161499,0.0,500.0,1.0,0.0,0.46417342872686507,0.9283468574537301,0.1438270458284751,10.726678734015486,1.0,1.0,1.0,0.814582882705109,0.829569668744827,0.95,0.4858265712731349,0.02165314254626982,-9.776678734015487,0.32,0.0192
1.0,18,0.1,unweighted,471846,6730,10000,0.673,0.9703732132911682,0.9703732132911682,0.0,500.0,1.0,0.0,0.46417342872686507,0.9283468574537301,0.1438270458284751,10.726678734015486,1.0,1.0,1.0,0.6637405644960399,0.6821265720677061,0.9,0.43582657127313496,-0.028346857453730112,-9.826678734015486,0.32,0.0192
1.0,18,0.2,unweighted,471846,4517,10000,0.4517,0.8785909414291382,0.8785909414291382,0.0,500.0,1.0,0.0,0.46417342872686507,0.9283468574537301,0.1438270458284751,10.726678734015486,1.0,1.0,1.0,0.44196641347240967,0.46147068077019754,0.8,0.335826571273135,-0.1283468574537301,-9.926678734015486,0.32,0.0192
1.0,18,0.05,oracle_ratio,471846,9577,10000,0.9577,1.314333438873291,1.314333438873291,0.0,181.9267415426042,6.9391048001732285,1.3222552756429318,4.336808689942018e-18,0.0,0.0,0.0,1.0,0.13533528323661267,7.389056098930651,0.9535762144593316,0.961472273432151,0.95,0.95,0.95,0.95,0.32,0.0192
1.0,18,0.1,oracle_ratio,471846,9306,10000,0.9306,1.2813816338777542,1.2823160886764526,0.0,181.9267415426042,6.9391048001732285,1.3222552756429318,4.336808689942018e-18,0.0,0.0,0.0,1.0,0.13533528323661267,7.389056098930651,0.9254519449064093,0.9354173556967639,0.9,0.9,0.9,0.9,0.32,0.0192
1.0,18,0.2,oracle_ratio,471846,7783,10000,0.7783,1.0771592944025994,1.0785813331604004,0.0,181.9267415426042,6.9391048001732285,1.3222552756429318,4.336808689942018e-18,0.0,0.0,0.0,1.0,0.13533528323661267,7.389056098930651,0.770052494605078,0.7863337719018033,0.8,0.8,0.8,0.8,0.32,0.0192
1.0,18,0.05,estimated_ratio,471846,9577,10000,0.9577,1.314333438873291,1.314333438873291,0.0,190.0500688124231,6.513131939637797,1.277061336118308,0.013183502136401293,0.034462780756147,0.00010057692556745152,0.2836574350408626,0.9761358884957567,0.14276258471007042,6.922549666923523,0.9535762144593316,0.961472273432151,0.95,0.9368164978635987,0.915537219243853,0.6663425649591374,0.32,0.0192
1.0,18,0.1,estimated_ratio,471846,9306,10000,0.9306,1.2808693856000901,1.279902100563049,0.0,190.0500688124231,6.513131939637797,1.277061336118308,0.013183502136401293,0.034462780756147,0.00010057692556745152,0.2836574350408626,0.9761358884957567,0.14276258471007042,6.922549666923523,0.9254519449064093,0.9354173556967639,0.9,0.8868164978635987,0.8655372192438531,0.6163425649591374,0.32,0.0192
1.0,18,0.2,estimated_ratio,471846,7783,10000,0.7783,1.0682148303508758,1.0627883672714231,0.0,190.0500688124231,6.513131939637797,1.277061336118308,0.013183502136401293,0.034462780756147,0.00010057692556745152,0.2836574350408626,0.9761358884957567,0.14276258471007042,6.922549666923523,0.770052494605078,0.7863337719018033,0.8,0.7868164978635988,0.7655372192438531,0.5163425649591374,0.32,0.0192
1.0,18,0.05,estimated_ratio_clipped,471846,9577,10000,0.9577,1.314333438873291,1.314333438873291,0.0,196.57420355193014,5.0,1.242404420404382,0.02971243392029206,0.061065784769680206,0.0004857194311131699,0.6233582797160361,0.9495328844822237,0.14276258471007042,5.0,0.9535762144593316,0.961472273432151,0.95,0.9202875660797079,0.8889342152303198,0.3266417202839639,0.32,0.0192
1.0,18,0.1,estimated_ratio_clipped,471846,9306,10000,0.9306,1.2790736437916757,1.279902100563049,0.0,196.57420355193014,5.0,1.242404420404382,0.02971243392029206,0.061065784769680206,0.0004857194311131699,0.6233582797160361,0.9495328844822237,0.14276258471007042,5.0,0.9254519449064093,0.9354173556967639,0.9,0.8702875660797079,0.8389342152303199,0.27664172028396394,0.32,0.0192
1.0,18,0.2,estimated_ratio_clipped,471846,7572,10000,0.7572,1.0627883672714231,1.0627883672714231,0.0,196.57420355193014,5.0,1.242404420404382,0.02971243392029206,0.061065784769680206,0.0004857194311131699,0.6233582797160361,0.9495328844822237,0.14276258471007042,5.0,0.7486984296416023,0.7655040415965216,0.8,0.7702875660797079,0.7389342152303199,0.17664172028396397,0.32,0.0192
1.0,19,0.05,unweighted,471847,8065,10000,0.8065,1.1501529216766355,1.1501529216766355,0.0,500.0,1.0,0.0,0.46417342872686507,0.9283468574537301,0.1438270458284751,10.726678734015486,1.0,1.0,1.0,0.7986402263570334,0.8141243826417419,0.95,0.4858265712731349,0.02165314254626982,-9.776678734015487,0.336,0.0192
1.0,19,0.1,unweighted,471847,6782,10000,0.6782,0.98867267370224,0.98867267370224,0.0,500.0,1.0,0.0,0.46417342872686507,0.9283468574537301,0.1438270458284751,10.726678734015486,1.0,1.0,1.0,0.6689767741299645,0.6872863688507264,0.9,0.43582657127313496,-0.028346857453730112,-9.826678734015486,0.336,0.0192
1.0,19,0.2,unweighted,471847,4739,10000,0.4739,0.899455189704895,0.899455189704895,0.0,500.0,1.0,0.0,0.46417342872686507,0.9283468574537301,0.1438270458284751,10.726678734015486,1.0,1.0,1.0,0.4641254370526847,0.48369460766226446,0.8,0.335826571273135,-0.1283468574537301,-9.926678734015486,0.336,0.0192
1.0,19,0.05,oracle_ratio,471847,9422,10000,0.9422,1.2936705276966094,1.2983108758926392,0.0,181.97416555144684,7.389056098930651,1.3219844054784635,4.336808689942018e-18,0.0,0.0,0.0,1.0,0.13533528323661267,7.389056098930651,0.9374540553922868,0.946606336448687,0.95,0.95,0.95,0.95,0.336,0.0192
1.0,19,0.1,oracle_ratio,471847,9008,10000,0.9008,1.2560487024307252,1.255275011062622,0.0,181.97416555144684,7.389056098930651,1.3219844054784635,4.336808689942018e-18,0.0,0.0,0.0,1.0,0.13533528323661267,7.389056098930651,0.8947862695759949,0.9065059173300707,0.9,0.9,0.9,0.9,0.336,0.0192
1.0,19,0.2,oracle_ratio,471847,8148,10000,0.8148,1.1679874583244323,1.172321081161499,0.0,181.97416555144684,7.389056098930651,1.3219844054784635,4.336808689942018e-18,0.0,0.0,0.0,1.0,0.13533528323661267,7.389056098930651,0.8070659487611468,0.8222922858646752,0.8,0.8,0.8,0.8,0.336,0.0192
1.0,19,0.05,estimated_ratio,471847,9422,10000,0.9422,1.293327608883381,1.2983108758926392,0.0,182.4716830952355,7.496658809785419,1.3191479038874696,0.0008373741595310117,0.017199398678210243,3.100431063201643e-05,0.157491106115911,1.0171993986782102,0.13835156321522307,7.496658809785419,0.9374540553922868,0.946606336448687,0.95,0.949162625840469,0.9328006013217898,0.792508893884089,0.336,0.0192
1.0,19,0.1,estimated_ratio,471847,9008,10000,0.9008,1.2560042073249817,1.255275011062622,0.0,182.4716830952355,7.496658809785419,1.3191479038874696,0.0008373741595310117,0.017199398678210243,3.100431063201643e-05,0.157491106115911,1.0171993986782102,0.13835156321522307,7.496658809785419,0.8947862695759949,0.9065059173300707,0.9,0.899162625840469,0.8828006013217897,0.742508893884089,0.336,0.0192
1.0,19,0.2,estimated_ratio,471847,8148,10000,0.8148,1.166641745018959,1.172321081161499,0.0,182.4716830952355,7.496658809785419,1.3191479038874696,0.0008373741595310117,0.017199398678210243,3.100431063201643e-05,0.157491106115911,1.0171993986782102,0.13835156321522307,7.496658809785419,0.8070659487611468,0.8222922858646752,0.8,0.799162625840469,0.7828006013217899,0.642508893884089,0.336,0.0192
1.0,19,0.05,estimated_ratio_clipped,471847,9422,10000,0.9422,1.284243908405304,1.2739903926849363,0.0,200.82762969482874,5.0,1.220531549395487,0.03401967967751866,0.052129081741575614,0.00043889653357939446,0.5925514550345105,0.9759000006603662,0.13835156321522307,5.0,0.9374540553922868,0.946606336448687,0.95,0.9159803203224813,0.8978709182584244,0.3574485449654895,0.336,0.0192
1.0,19,0.1,estimated_ratio_clipped,471847,8907,10000,0.8907,1.255275011062622,1.255275011062622,0.0,200.82762969482874,5.0,1.220531549395487,0.03401967967751866,0.052129081741575614,0.00043889653357939446,0.5925514550345105,0.9759000006603662,0.13835156321522307,5.0,0.8844339193785391,0.8966660242946143,0.9,0.8659803203224814,0.8478709182584244,0.30744854496548957,0.336,0.0192
1.0,19,0.2,estimated_ratio_clipped,471847,7778,10000,0.7778,1.1278682126045227,1.1275087594985962,0.0,200.82762969482874,5.0,1.220531549395487,0.03401967967751866,0.052129081741575614,0.00043889653357939446,0.5925514550345105,0.9759000006603662,0.13835156321522307,5.0,0.7695461338745871,0.7858405166306649,0.8,0.7659803203224814,0.7478709182584244,0.2074485449654896,0.336,0.0192
1.0,20,0.05,unweighted,471848,8581,10000,0.8581,1.2339407205581665,1.2339407205581665,0.0,500.0,1.0,0.0,0.46417342872686507,0.9283468574537301,0.1438270458284751,10.726678734015486,1.0,1.0,1.0,0.8511231746975313,0.8648018056693901,0.95,0.4858265712731349,0.02165314254626982,-9.776678734015487,0.316,0.0192
1.0,20,0.1,unweighted,471848,7896,10000,0.7896,1.1282352209091189,1.1282352209091189,0.0,500.0,1.0,0.0,0.46417342872686507,0.9283468574537301,0.1438270458284751,10.726678734015486,1.0,1.0,1.0,0.781500883041053,0.797476705102651,0.9,0.43582657127313496,-0.028346857453730112,-9.826678734015486,0.316,0.0192
1.0,20,0.2,unweighted,471848,5143,10000,0.5143,0.9118086695671082,0.9118086695671082,0.0,500.0,1.0,0.0,0.46417342872686507,0.9283468574537301,0.1438270458284751,10.726678734015486,1.0,1.0,1.0,0.5045005770798496,0.524088440566749,0.8,0.335826571273135,-0.1283468574537301,-9.926678734015486,0.316,0.0192
1.0,20,0.05,oracle_ratio,471848,9674,10000,0.9674,1.3147531281471252,1.3149404525756836,0.0,180.85360993454728,6.9391048001732285,1.3284076784237835,4.336808689942018e-18,0.0,0.0,0.0,1.0,0.13533528323661267,7.389056098930651,0.9637359155761993,0.9707051227468921,0.95,0.95,0.95,0.95,0.316,0.0192
1.0,20,0.1,oracle_ratio,471848,9421,10000,0.9421,1.2887763832330703,1.2823160886764526,0.0,180.85360993454728,6.9391048001732285,1.3284076784237835,4.336808689942018e-18,0.0,0.0,0.0,1.0,0.13533528323661267,7.389056098930651,0.9373503864985802,0.9465100821420676,0.9,0.9,0.9,0.9,0.316,0.0192
1.0,20,0.2,oracle_ratio,471848,8820,10000,0.882,1.2524614334106443,1.2524614334106443,0.0,180.85360993454728,6.9391048001732285,1.3284076784237835,4.336808689942018e-18,0.0,0.0,0.0,1.0,0.13533528323661267,7.389056098930651,0.8755298221611701,0.8881768030836329,0.8,0.8,0.8,0.8,0.316,0.0192
1.0,20,0.05,estimated_ratio,471848,9674,10000,0.9674,1.3148072130680084,1.3149404525756836,0.0,176.897128396271,7.245104226546762,1.3514812270329282,0.006962808957498805,0.02513912858475599,4.1528654846047e-05,0.1822715662873329,1.022884751989162,0.13276202725866645,7.722577156878741,0.9637359155761993,0.9707051227468921,0.95,0.9430371910425012,0.924860871415244,0.7677284337126671,0.316,0.0192
1.0,20,0.1,estimated_ratio,471848,9421,10000,0.9421,1.2904446395397187,1.2983108758926392,0.0,176.897128396271,7.245104226546762,1.3514812270329282,0.006962808957498805,0.02513912858475599,4.1528654846047e-05,0.1822715662873329,1.022884751989162,0.13276202725866645,7.722577156878741,0.9373503864985802,0.9465100821420676,0.9,0.8930371910425012,0.874860871415244,0.7177284337126671,0.316,0.0192
1.0,20,0.2,estimated_ratio,471848,8820,10000,0.882,1.2524614334106443,1.2524614334106443,0.0,176.897128396271,7.245104226546762,1.3514812270329282,0.006962808957498805,0.02513912858475599,4.1528654846047e-05,0.1822715662873329,1.022884751989162,0.13276202725866645,7.722577156878741,0.8755298221611701,0.8881768030836329,0.8,0.7930371910425013,0.7748608714152441,0.6177284337126672,0.316,0.0192
1.0,20,0.05,estimated_ratio_clipped,471848,9674,10000,0.9674,1.3146816826343537,1.3149404525756836,0.0,193.65544775151326,5.0,1.257738113031535,0.03396797164384529,0.05407647576275294,0.000438047302182172,0.5919779064675789,0.9755930180859493,0.13276202725866645,5.0,0.9637359155761993,0.9707051227468921,0.95,0.9160320283561547,0.895923524237247,0.3580220935324211,0.316,0.0192
1.0,20,0.1,estimated_ratio_clipped,471848,9312,10000,0.9312,1.2823160886764526,1.2823160886764526,0.0,193.65544775151326,5.0,1.257738113031535,0.03396797164384529,0.05407647576275294,0.000438047302182172,0.5919779064675789,0.9755930180859493,0.13276202725866645,5.0,0.9260716715285763,0.9359971682765523,0.9,0.8660320283561548,0.845923524237247,0.30802209353242116,0.316,0.0192
1.0,20,0.2,estimated_ratio_clipped,471848,8820,10000,0.882,1.2485831961393357,1.2524614334106443,0.0,193.65544775151326,5.0,1.257738113031535,0.03396797164384529,0.05407647576275294,0.000438047302182172,0.5919779064675789,0.9755930180859493,0.13276202725866645,5.0,0.8755298221611701,0.8881768030836329,0.8,0.7660320283561548,0.7459235242372471,0.20802209353242118,0.316,0.0192
1.0,21,0.05,unweighted,471849,8210,10000,0.821,1.1766608953475952,1.1766608953475952,0.0,500.0,1.0,0.0,0.46417342872686507,0.9283468574537301,0.1438270458284751,10.726678734015486,1.0,1.0,1.0,0.8133636006636648,0.8283898723823607,0.95,0.4858265712731349,0.02165314254626982,-9.776678734015487,0.32,0.0192
1.0,21,0.1,unweighted,471849,6724,10000,0.6724,0.9703732132911682,0.9703732132911682,0.0,500.0,1.0,0.0,0.46417342872686507,0.9283468574537301,0.1438270458284751,10.726678734015486,1.0,1.0,1.0,0.6631364692929611,0.6815311280688297,0.9,0.43582657127313496,-0.028346857453730112,-9.826678734015486,0.32,0.0192
1.0,21,0.2,unweighted,471849,4926,10000,0.4926,0.9032050371170044,0.9032050371170044,0.0,500.0,1.0,0.0,0.46417342872686507,0.9283468574537301,0.1438270458284751,10.726678734015486,1.0,1.0,1.0,0.4828059761202031,0.5023997070556827,0.8,0.335826571273135,-0.1283468574537301,-9.926678734015486,0.32,0.0192
1.0,21,0.05,oracle_ratio,471849,9789,10000,0.9789,1.329429030418396,1.329429030418396,0.0,171.76414644704292,7.235920578751015,1.3823778011433823,4.336808689942018e-18,0.0,0.0,0.0,1.0,0.13533528323661267,7.389056098930651,0.9758938303821698,0.981538375978396,0.95,0.95,0.95,0.95,0.32,0.0192
1.0,21,0.1,oracle_ratio,471849,9596,10000,0.9596,1.314333438873291,1.314333438873291,0.0,171.76414644704292,7.235920578751015,1.3823778011433823,4.336808689942018e-18,0.0,0.0,0.0,1.0,0.13533528323661267,7.389056098930651,0.955561140133446,0.963285888564228,0.9,0.9,0.9,0.9,0.32,0.0192
1.0,21,0.2,oracle_ratio,471849,8210,10000,0.821,1.1858732150793077,1.1766608953475952,0.0,171.76414644704292,7.235920578751015,1.3823778011433823,4.336808689942018e-18,0.0,0.0,0.0,1.0,0.13533528323661267,7.389056098930651,0.8133636006636648,0.8283898723823607,0.8,0.8,0.8,0.8,0.32,0.0192
1.0,21,0.05,estimated_ratio,471849,9789,10000,0.9789,1.329429030418396,1.329429030418396,0.0,171.83841581663236,7.067823347067728,1.3819226645871256,0.00013481891883700906,0.022829002113959593,4.816880147360104e-05,0.19630344158694932,0.9771709978860404,0.1323520700264772,7.217355219848659,0.9758938303821698,0.981538375978396,0.95,0.9498651810811629,0.9271709978860404,0.7536965584130506,0.32,0.0192
1.0,21,0.1,estimated_ratio,471849,9596,10000,0.9596,1.314333438873291,1.314333438873291,0.0,171.83841581663236,7.067823347067728,1.3819226645871256,0.00013481891883700906,0.022829002113959593,4.816880147360104e-05,0.19630344158694932,0.9771709978860404,0.1323520700264772,7.217355219848659,0.955561140133446,0.963285888564228,0.9,0.899865181081163,0.8771709978860405,0.7036965584130507,0.32,0.0192
1.0,21,0.2,estimated_ratio,471849,8210,10000,0.821,1.1858732150793077,1.1766608953475952,0.0,171.83841581663236,7.067823347067728,1.3819226645871256,0.00013481891883700906,0.022829002113959593,4.816880147360104e-05,0.19630344158694932,0.9771709978860404,0.1323520700264772,7.217355219848659,0.8133636006636648,0.8283898723823607,0.8,0.799865181081163,0.7771709978860405,0.6036965584130507,0.32,0.0192
1.0,21,0.05,estimated_ratio_clipped,471849,9789,10000,0.9789,1.3184655235648155,1.3149404525756836,0.0,187.74216539353995,5.0,1.2896615754334064,0.02869032562930804,0.056210129627208415,0.0004538439423438505,0.6025571789258513,0.9437898703727916,0.1323520700264772,5.0,0.9758938303821698,0.981538375978396,0.95,0.9213096743706919,0.8937898703727916,0.3474428210741487,0.32,0.0192
1.0,21,0.1,estimated_ratio_clipped,471849,9478,10000,0.9478,1.301152050614357,1.3028135299682615,0.0,187.74216539353995,5.0,1.2896615754334064,0.02869032562930804,0.056210129627208415,0.0004538439423438505,0.6025571789258513,0.9437898703727916,0.1323520700264772,5.0,0.9432659417746723,0.9519901492845497,0.9,0.871309674370692,0.8437898703727916,0.29744282107414877,0.32,0.0192
1.0,21,0.2,estimated_ratio_clipped,471849,8100,10000,0.81,1.1501529216766355,1.1501529216766355,0.0,187.74216539353995,5.0,1.2896615754334064,0.02869032562930804,0.056210129627208415,0.0004538439423438505,0.6025571789258513,0.9437898703727916,0.1323520700264772,5.0,0.8021925588735106,0.81756936213667,0.8,0.771309674370692,0.7437898703727917,0.1974428210741488,0.32,0.0192
1.0,22,0.05,unweighted,471850,8268,10000,0.8268,1.1966276168823242,1.1966276168823242,0.0,500.0,1.0,0.0,0.46417342872686507,0.9283468574537301,0.1438270458284751,10.726678734015486,1.0,1.0,1.0,0.8192579743985696,0.8340910442663562,0.95,0.4858265712731349,0.02165314254626982,-9.776678734015487,0.326,0.0192
1.0,22,0.1,unweighted,471850,6727,10000,0.6727,0.9703732132911682,0.9703732132911682,0.0,500.0,1.0,0.0,0.46417342872686507,0.9283468574537301,0.1438270458284751,10.726678734015486,1.0,1.0,1.0,0.6634385147616252,0.681828852201143,0.9,0.43582657127313496,-0.028346857453730112,-9.826678734015486,0.326,0.0192
1.0,22,0.2,unweighted,471850,4479,10000,0.4479,0.8766467571258545,0.8766467571258545,0.0,500.0,1.0,0.0,0.46417342872686507,0.9283468574537301,0.1438270458284751,10.726678734015486,1.0,1.0,1.0,0.43817538400819617,0.4576646286220282,0.8,0.335826571273135,-0.1283468574537301,-9.926678734015486,0.326,0.0192
1.0,22,0.05,oracle_ratio,471850,9790,10000,0.979,1.3219688616871834,1.3149404525756836,0.0,178.88856312647954,7.235920578751015,1.3397895901040466,4.336808689942018e-18,0.0,0.0,0.0,1.0,0.13533528323661267,7.389056098930651,0.9760003136075379,0.9816318159533539,0.95,0.95,0.95,0.95,0.326,0.0192
1.0,22,0.1,oracle_ratio,471850,9146,10000,0.9146,1.2624772769212722,1.2524614334106443,0.0,178.88856312647954,7.235920578751015,1.3397895901040466,4.336808689942018e-18,0.0,0.0,0.0,1.0,0.13533528323661267,7.389056098930651,0.9089619033511235,0.9199196851999113,0.9,0.9,0.9,0.9,0.326,0.0192
1.0,22,0.2,oracle_ratio,471850,8101,10000,0.8101,1.1501529216766355,1.1501529216766355,0.0,178.88856312647954,7.235920578751015,1.3397895901040466,4.336808689942018e-18,0.0,0.0,0.0,1.0,0.13533528323661267,7.389056098930651,0.8022940685842617,0.8176677756262447,0.8,0.8,0.8,0.8,0.326,0.0192
1.0,22,0.05,estimated_ratio,471850,9790,10000,0.979,1.3198491827487946,1.3149404525756836,0.0,187.77787686705395,6.998470621273189,1.2894651947177609,0.015020278960919467,0.029840527808303045,0.00023075946805928982,0.4296598357391948,1.0128252055820208,0.1497138770515925,7.1415298339092725,0.9760003136075379,0.9816318159533539,0.95,0.9349797210390804,0.9201594721916969,0.5203401642608052,0.326,0.0192
1.0,22,0.1,estimated_ratio,471850,9059,10000,0.9059,1.2573458721637725,1.2524614334106443,0.0,187.77787686705395,6.998470621273189,1.2894651947177609,0.015020278960919467,0.029840527808303045,0.00023075946805928982,0.4296598357391948,1.0128252055820208,0.1497138770515925,7.1415298339092725,0.9000206476675309,0.911467622455154,0.9,0.8849797210390805,0.870159472191697,0.4703401642608052,0.326,0.0192
1.0,22,0.2,estimated_ratio,471850,8101,10000,0.8101,1.1414262731313705,1.1369203329086304,0.0,187.77787686705395,6.998470621273189,1.2894651947177609,0.015020278960919467,0.029840527808303045,0.00023075946805928982,0.4296598357391948,1.0128252055820208,0.1497138770515925,7.1415298339092725,0.8022940685842617,0.8176677756262447,0.8,0.7849797210390805,0.770159472191697,0.37034016426080524,0.326,0.0192
1.0,22,0.05,estimated_ratio_clipped,471850,9623,10000,0.9623,1.30599684715271,1.3028135299682615,0.0,201.56805067626465,5.0,1.216779291823137,0.03479338374022935,0.06229450957731496,0.0006347442324766891,0.712597632595949,0.9803712238130089,0.1497138770515925,5.0,0.9583858373846685,0.9658591177218039,0.95,0.9152066162597706,0.887705490422685,0.23740236740405096,0.326,0.0192
1.0,22,0.1,estimated_ratio_clipped,471850,8724,10000,0.8724,1.245755910873413,1.245755910873413,0.0,201.56805067626465,5.0,1.216779291823137,0.03479338374022935,0.06229450957731496,0.0006347442324766891,0.712597632595949,0.9803712238130089,0.1497138770515925,5.0,0.8657173910620394,0.8787966069514807,0.9,0.8652066162597707,0.837705490422685,0.18740236740405103,0.326,0.0192
1.0,22,0.2,estimated_ratio_clipped,471850,7746,10000,0.7746,1.0931060397028922,1.0785813331604004,0.0,201.56805067626465,5.0,1.216779291823137,0.03479338374022935,0.06229450957731496,0.0006347442324766891,0.712597632595949,0.9803712238130089,0.1497138770515925,5.0,0.7663058268607574,0.7826832812340669,0.8,0.7652066162597707,0.7377054904226851,0.08740236740405105,0.326,0.0192
1.0,23,0.05,unweighted,471851,7937,10000,0.7937,1.135647535324097,1.135647535324097,0.0,500.0,1.0,0.0,0.46417342872686507,0.9283468574537301,0.1438270458284751,10.726678734015486,1.0,1.0,1.0,0.785656978089842,0.8015174612672223,0.95,0.4858265712731349,0.02165314254626982,-9.776678734015487,0.306,0.0192
1.0,23,0.1,unweighted,471851,7104,10000,0.7104,1.02435564994812,1.02435564994812,0.0,500.0,1.0,0.0,0.46417342872686507,0.9283468574537301,0.1438270458284751,10.726678734015486,1.0,1.0,1.0,0.7014306062395411,0.7192078072460782,0.9,0.43582657127313496,-0.028346857453730112,-9.826678734015486,0.306,0.0192
1.0,23,0.2,unweighted,471851,4258,10000,0.4258,0.8752741813659668,0.8752741813659668,0.0,500.0,1.0,0.0,0.46417342872686507,0.9283468574537301,0.1438270458284751,10.726678734015486,1.0,1.0,1.0,0.4161390010664147,0.4355179842917936,0.8,0.335826571273135,-0.1283468574537301,-9.926678734015486,0.306,0.0192
1.0,23,0.05,oracle_ratio,471851,9386,10000,0.9386,1.287826292872429,1.2823160886764526,0.0,171.04267501992703,7.235920578751015,1.3868118395091829,4.336808689942018e-18,0.0,0.0,0.0,1.0,0.13533528323661267,7.389056098930651,0.9337243278086323,0.9431388288206101,0.95,0.95,0.95,0.95,0.306,0.0192
1.0,23,0.1,oracle_ratio,471851,8666,10000,0.8666,1.245755910873413,1.245755910873413,0.0,171.04267501992703,7.235920578751015,1.3868118395091829,4.336808689942018e-18,0.0,0.0,0.0,1.0,0.13533528323661267,7.389056098930651,0.8597950132755536,0.8731234391190663,0.9,0.9,0.9,0.9,0.306,0.0192
1.0,23,0.2,oracle_ratio,471851,8051,10000,0.8051,1.1426174521446228,1.135647535324097,0.0,171.04267501992703,7.235920578751015,1.3868118395091829,4.336808689942018e-18,0.0,0.0,0.0,1.0,0.13533528323661267,7.389056098930651,0.7972195668559101,0.812746117338303,0.8,0.8,0.8,0.8,0.306,0.0192
1.0,23,0.05,estimated_ratio,471851,9386,10000,0.9386,1.2860444735765457,1.2823160886764526,0.0,181.42032067106436,6.802227259805821,1.3251531408739234,0.016105763490683767,0.034937682080657055,0.000154101217438891,0.35111390452545854,0.987731945656329,0.1469234376362314,6.940923263413649,0.9337243278086323,0.9431388288206101,0.95,0.9338942365093161,0.9150623179193429,0.5988860954745414,0.306,0.0192
1.0,23,0.1,estimated_ratio,471851,8666,10000,0.8666,1.245755910873413,1.245755910873413,0.0,181.42032067106436,6.802227259805821,1.3251531408739234,0.016105763490683767,0.034937682080657055,0.000154101217438891,0.35111390452545854,0.987731945656329,0.1469234376362314,6.940923263413649,0.8597950132755536,0.8731234391190663,0.9,0.8838942365093163,0.865062317919343,0.5488860954745415,0.306,0.0192
1.0,23,0.2,estimated_ratio,471851,7937,10000,0.7937,1.1342740334630015,1.135647535324097,0.0,181.42032067106436,6.802227259805821,1.3251531408739234,0.016105763490683767,0.034937682080657055,0.000154101217438891,0.35111390452545854,0.987731945656329,0.1469234376362314,6.940923263413649,0.785656978089842,0.8015174612672223,0.8,0.7838942365093162,0.765062317919343,0.4488860954745415,0.306,0.0192
1.0,23,0.05,estimated_ratio_clipped,471851,9290,10000,0.929,1.28155737221241,1.2823160886764526,0.0,197.2079343535507,5.0,1.2391105461739504,0.03204087336416351,0.06219965041591016,0.000542120175924535,0.6585561029552668,0.9604699773210759,0.1469234376362314,5.0,0.9237998614131585,0.9338706679848011,0.95,0.9179591266358365,0.8878003495840898,0.29144389704473317,0.306,0.0192
1.0,23,0.1,estimated_ratio_clipped,471851,8666,10000,0.8666,1.2457370065689086,1.245755910873413,0.0,197.2079343535507,5.0,1.2391105461739504,0.03204087336416351,0.06219965041591016,0.000542120175924535,0.6585561029552668,0.9604699773210759,0.1469234376362314,5.0,0.8597950132755536,0.8731234391190663,0.9,0.8679591266358365,0.8378003495840899,0.24144389704473324,0.306,0.0192
1.0,23,0.2,estimated_ratio_clipped,471851,7752,10000,0.7752,1.10425485227108,1.0906329154968262,0.0,197.2079343535507,5.0,1.2391105461739504,0.03204087336416351,0.06219965041591016,0.000542120175924535,0.6585561029552668,0.9604699773210759,0.1469234376362314,5.0,0.7669133317649254,0.7832753155318543,0.8,0.7679591266358365,0.7378003495840899,0.14144389704473326,0.306,0.0192
1.0,24,0.05,unweighted,471852,8243,10000,0.8243,1.1766608953475952,1.1766608953475952,0.0,500.0,1.0,0.0,0.46417342872686507,0.9283468574537301,0.1438270458284751,10.726678734015486,1.0,1.0,1.0,0.8167169303458501,0.831634008310929,0.95,0.4858265712731349,0.02165314254626982,-9.776678734015487,0.32,0.0192
1.0,24,0.1,unweighted,471852,6858,10000,0.6858,0.9957479238510132,0.9957479238510132,0.0,500.0,1.0,0.0,0.46417342872686507,0.9283468574537301,0.1438270458284751,10.726678734015486,1.0,1.0,1.0,0.676632036724326,0.6948252694811304,0.9,0.43582657127313496,-0.028346857453730112,-9.826678734015486,0.32,0.0192
1.0,24,0.2,unweighted,471852,4650,10000,0.465,0.8914327621459961,0.8914327621459961,0.0,500.0,1.0,0.0,0.46417342872686507,0.9283468574537301,0.1438270458284751,10.726678734015486,1.0,1.0,1.0,0.4552395269447351,0.47478735294121227,0.8,0.335826571273135,-0.1283468574537301,-9.926678734015486,0.32,0.0192
1.0,24,0.05,oracle_ratio,471852,9685,10000,0.9685,1.3155113120555877,1.3149404525756836,0.0,172.59552031971552,7.0859587369447326,1.3772968331466204,4.336808689942018e-18,0.0,0.0,0.0,1.0,0.13533528323661267,7.389056098930651,0.9648926645659677,0.9717475289607083,0.95,0.95,0.95,0.95,0.32,0.0192
1.0,24,0.1,oracle_ratio,471852,9255,10000,0.9255,1.2770009643554687,1.2739903926849363,0.0,172.59552031971552,7.0859587369447326,1.3772968331466204,4.336808689942018e-18,0.0,0.0,0.0,1.0,0.13533528323661267,7.389056098930651,0.9201884742372172,0.9304847431493369,0.9,0.9,0.9,0.9,0.32,0.0192
1.0,24,0.2,oracle_ratio,471852,8718,10000,0.8718,1.2432546350836753,1.245755910873413,0.0,172.59552031971552,7.0859587369447326,1.3772968331466204,4.336808689942018e-18,0.0,0.0,0.0,1.0,0.13533528323661267,7.389056098930651,0.8651045300244866,0.8782099287870782,0.8,0.8,0.8,0.8,0.32,0.0192
1.0,24,0.05,estimated_ratio,471852,9811,10000,0.9811,1.318433917427063,1.3149404525756836,0.0,164.86205246377384,7.723157381674194,1.4257764978821603,0.01368961163257815,0.05059586225854367,0.00016209093115329026,0.3601010204409759,1.0462461820008822,0.13034137321363376,8.064059961062506,0.978240462950095,0.9835900538176398,0.95,0.9363103883674218,0.8994041377414563,0.589898979559024,0.32,0.0192
1.0,24,0.1,estimated_ratio,471852,9308,10000,0.9308,1.278391355586052,1.2823160886764526,0.0,164.86205246377384,7.723157381674194,1.4257764978821603,0.01368961163257815,0.05059586225854367,0.00016209093115329026,0.3601010204409759,1.0462461820008822,0.13034137321363376,8.064059961062506,0.9256585084682405,0.9356106385355845,0.9,0.8863103883674218,0.8494041377414564,0.5398989795590241,0.32,0.0192
1.0,24,0.2,estimated_ratio,471852,8718,10000,0.8718,1.245755910873413,1.245755910873413,0.0,164.86205246377384,7.723157381674194,1.4257764978821603,0.01368961163257815,0.05059586225854367,0.00016209093115329026,0.3601010204409759,1.0462461820008822,0.13034137321363376,8.064059961062506,0.8651045300244866,0.8782099287870782,0.8,0.7863103883674218,0.7494041377414564,0.43989897955902413,0.32,0.0192
1.0,24,0.05,estimated_ratio_clipped,471852,9685,10000,0.9685,1.3149404525756836,1.3149404525756836,0.0,182.6278356883203,5.0,1.318259563263024,0.03723339081478636,0.06952051443515923,0.000518546942387599,0.6440788413774196,0.9889417530962885,0.13034137321363376,5.0,0.9648926645659677,0.9717475289607083,0.95,0.9127666091852136,0.8804794855648407,0.3059211586225804,0.32,0.0192
1.0,24,0.1,estimated_ratio_clipped,471852,9308,10000,0.9308,1.2792530651211738,1.2823160886764526,0.0,182.6278356883203,5.0,1.318259563263024,0.03723339081478636,0.06952051443515923,0.000518546942387599,0.6440788413774196,0.9889417530962885,0.13034137321363376,5.0,0.9256585084682405,0.9356106385355845,0.9,0.8627666091852136,0.8304794855648407,0.25592115862258047,0.32,0.0192
1.0,24,0.2,estimated_ratio_clipped,471852,8547,10000,0.8547,1.216987376010418,1.2281887531280518,0.0,182.6278356883203,5.0,1.318259563263024,0.03723339081478636,0.06952051443515923,0.000518546942387599,0.6440788413774196,0.9889417530962885,0.13034137321363376,5.0,0.8476568060799524,0.8614707854758895,0.8,0.7627666091852137,0.7304794855648408,0.1559211586225805,0.32,0.0192
1.0,25,0.05,unweighted,471853,8255,10000,0.8255,1.1766608953475952,1.1766608953475952,0.0,500.0,1.0,0.0,0.46417342872686507,0.9283468574537301,0.1438270458284751,10.726678734015486,1.0,1.0,1.0,0.8179365616384285,0.8328134554222609,0.95,0.4858265712731349,0.02165314254626982,-9.776678734015487,0.318,0.0192
1.0,25,0.1,unweighted,471853,6923,10000,0.6923,1.0019125938415527,1.0019125938415527,0.0,500.0,1.0,0.0,0.46417342872686507,0.9283468574537301,0.1438270458284751,10.726678734015486,1.0,1.0,1.0,0.6831815422330554,0.7012707719935825,0.9,0.43582657127313496,-0.028346857453730112,-9.826678734015486,0.318,0.0192
1.0,25,0.2,unweighted,471853,4548,10000,0.4548,0.8882631659507751,0.8882631659507751,0.0,500.0,1.0,0.0,0.46417342872686507,0.9283468574537301,0.1438270458284751,10.726678734015486,1.0,1.0,1.0,0.4450595203937513,0.4645751930589578,0.8,0.335826571273135,-0.1283468574537301,-9.926678734015486,0.318,0.0192
1.0,25,0.05,oracle_ratio,471853,9778,10000,0.9778,1.3207067976236344,1.314333438873291,0.0,168.19566847420268,7.235920578751015,1.4045384151470306,4.336808689942018e-18,0.0,0.0,0.0,1.0,0.13533528323661267,7.389056098930651,0.974723572600068,0.9805094785569133,0.95,0.95,0.95,0.95,0.318,0.0192
1.0,25,0.1,oracle_ratio,471853,9151,10000,0.9151,1.2739903926849363,1.2739903926849363,0.0,168.19566847420268,7.235920578751015,1.4045384151470306,4.336808689942018e-18,0.0,0.0,0.0,1.0,0.13533528323661267,7.389056098930651,0.9094762628643873,0.9204049416882769,0.9,0.9,0.9,0.9,0.318,0.0192
1.0,25,0.2,oracle_ratio,471853,8528,10000,0.8528,1.232475458717346,1.2334575653076172,0.0,168.19566847420268,7.235920578751015,1.4045384151470306,4.336808689942018e-18,0.0,0.0,0.0,1.0,0.13533528323661267,7.389056098930651,0.8457202832792774,0.8596087674703732,0.8,0.8,0.8,0.8,0.318,0.0192
1.0,25,0.05,estimated_ratio,471853,9778,10000,0.9778,1.3208351101517677,1.314333438873291,0.0,167.60028720175143,7.227105381364401,1.4082927408320594,0.0009973446967055715,0.004252085357786178,3.53266379151949e-06,0.053161367864414395,0.9957479146422139,0.1339598530959862,7.380403782879685,0.974723572600068,0.9805094785569133,0.95,0.9490026553032944,0.9457479146422137,0.8968386321355856,0.318,0.0192
1.0,25,0.1,estimated_ratio,471853,9151,10000,0.9151,1.2739903926849363,1.2739903926849363,0.0,167.60028720175143,7.227105381364401,1.4082927408320594,0.0009973446967055715,0.004252085357786178,3.53266379151949e-06,0.053161367864414395,0.9957479146422139,0.1339598530959862,7.380403782879685,0.9094762628643873,0.9204049416882769,0.9,0.8990026553032945,0.8957479146422138,0.8468386321355856,0.318,0.0192
1.0,25,0.2,estimated_ratio,471853,8528,10000,0.8528,1.2329675657749175,1.2334575653076172,0.0,167.60028720175143,7.227105381364401,1.4082927408320594,0.0009973446967055715,0.004252085357786178,3.53266379151949e-06,0.053161367864414395,0.9957479146422139,0.1339598530959862,7.380403782879685,0.8457202832792774,0.8596087674703732,0.8,0.7990026553032945,0.7957479146422138,0.7468386321355857,0.318,0.0192
1.0,25,0.05,estimated_ratio_clipped,471853,9514,10000,0.9514,1.3050756019830703,1.2983108758926392,0.0,189.7674317029161,5.0,1.2785945653724407,0.031027710827761193,0.0420371568752306,0.0004130779999973027,0.5748585913055855,0.9579628431247693,0.1339598530959862,5.0,0.9470093917792698,0.9554439344916833,0.95,0.9189722891722387,0.9079628431247694,0.3751414086944145,0.318,0.0192
1.0,25,0.1,estimated_ratio_clipped,471853,9151,10000,0.9151,1.2739903926849363,1.2739903926849363,0.0,189.7674317029161,5.0,1.2785945653724407,0.031027710827761193,0.0420371568752306,0.0004130779999973027,0.5748585913055855,0.9579628431247693,0.1339598530959862,5.0,0.9094762628643873,0.9204049416882769,0.9,0.8689722891722388,0.8579628431247694,0.32514140869441455,0.318,0.0192
1.0,25,0.2,estimated_ratio_clipped,471853,8203,10000,0.8203,1.1748854773640633,1.1766608953475952,0.0,189.7674317029161,5.0,1.2785945653724407,0.031027710827761193,0.0420371568752306,0.0004130779999973027,0.5748585913055855,0.9579628431247693,0.1339598530959862,5.0,0.8126524106513475,0.8277015999923971,0.8,0.7689722891722388,0.7579628431247695,0.22514140869441457,0.318,0.0192
1.0,26,0.05,unweighted,471854,8224,10000,0.8224,1.1966276168823242,1.1966276168823242,0.0,500.0,1.0,0.0,0.46417342872686507,0.9283468574537301,0.1438270458284751,10.726678734015486,1.0,1.0,1.0,0.814786108612755,0.8297662892378328,0.95,0.4858265712731349,0.02165314254626982,-9.776678734015487,0.316,0.0192
1.0,26,0.1,unweighted,471854,7171,10000,0.7171,1.031848669052124,1.031848669052124,0.0,500.0,1.0,0.0,0.46417342872686507,0.9283468574537301,0.1438270458284751,10.726678734015486,1.0,1.0,1.0,0.7081900959052747,0.7258431720021774,0.9,0.43582657127313496,-0.028346857453730112,-9.826678734015486,0.316,0.0192
1.0,26,0.2,unweighted,471854,5317,10000,0.5317,0.9183274507522585,0.9183274507522584,0.0,500.0,1.0,0.0,0.46417342872686507,0.9283468574537301,0.1438270458284751,10.726678734015486,1.0,1.0,1.0,0.5219095930183003,0.5414660614849988,0.8,0.335826571273135,-0.1283468574537301,-9.926678734015486,0.316,0.0192
1.0,26,0.05,oracle_ratio,471854,9665,10000,0.9665,1.3145619795322419,1.314333438873291,0.0,177.2592779157182,7.389056098930651,1.3493431082896057,4.336808689942018e-18,0.0,0.0,0.0,1.0,0.13533528323661267,7.389056098930651,0.9627902709459518,0.969851458574207,0.95,0.95,0.95,0.95,0.316,0.0192
1.0,26,0.1,oracle_ratio,471854,9279,10000,0.9279,1.2823160886764526,1.2823160886764526,0.0,177.2592779157182,7.389056098930651,1.3493431082896057,4.336808689942018e-18,0.0,0.0,0.0,1.0,0.13533528323661267,7.389056098930651,0.9226644840559255,0.9328068901384494,0.9,0.9,0.9,0.9,0.316,0.0192
1.0,26,0.2,oracle_ratio,471854,8434,10000,0.8434,1.233592752146721,1.2334575653076172,0.0,177.2592779157182,7.389056098930651,1.3493431082896057,4.336808689942018e-18,0.0,0.0,0.0,1.0,0.13533528323661267,7.389056098930651,0.8361453176690221,0.8503909522499973,0.8,0.8,0.8,0.8,0.316,0.0192
1.0,26,0.05,estimated_ratio,471854,9665,10000,0.9665,1.3145792187213898,1.314333438873291,0.0,173.81184591067063,7.491357557908435,1.3699174779183143,0.006042797637018442,0.01185696930346777,3.776709684486941e-05,0.1738208200299824,0.9950780541859157,0.1298731156727768,7.491357557908435,0.9627902709459518,0.969851458574207,0.95,0.9439572023629815,0.9381430306965322,0.7761791799700175,0.316,0.0192
1.0,26,0.1,estimated_ratio,471854,9279,10000,0.9279,1.2823160886764526,1.2823160886764526,0.0,173.81184591067063,7.491357557908435,1.3699174779183143,0.006042797637018442,0.01185696930346777,3.776709684486941e-05,0.1738208200299824,0.9950780541859157,0.1298731156727768,7.491357557908435,0.9226644840559255,0.9328068901384494,0.9,0.8939572023629816,0.8881430306965322,0.7261791799700177,0.316,0.0192
1.0,26,0.2,estimated_ratio,471854,8529,10000,0.8529,1.2336848898530006,1.2334575653076172,0.0,173.81184591067063,7.491357557908435,1.3699174779183143,0.006042797637018442,0.01185696930346777,3.776709684486941e-05,0.1738208200299824,0.9950780541859157,0.1298731156727768,7.491357557908435,0.8458221955721125,0.8597067783778639,0.8,0.7939572023629816,0.7881430306965322,0.6261791799700176,0.316,0.0192
1.0,26,0.05,estimated_ratio_clipped,471854,9665,10000,0.9665,1.3146542456150054,1.3149404525756836,0.0,189.93353030215673,5.0,1.2776931957594329,0.03047323343230859,0.047604940704036855,0.00044641108543535244,0.597602600687348,0.9545969445052753,0.1298731156727768,5.0,0.9627902709459518,0.969851458574207,0.95,0.9195267665676914,0.9023950592959631,0.3523973993126519,0.316,0.0192
1.0,26,0.1,estimated_ratio_clipped,471854,9279,10000,0.9279,1.2823160886764526,1.2823160886764526,0.0,189.93353030215673,5.0,1.2776931957594329,0.03047323343230859,0.047604940704036855,0.00044641108543535244,0.597602600687348,0.9545969445052753,0.1298731156727768,5.0,0.9226644840559255,0.9328068901384494,0.9,0.8695267665676915,0.8523950592959632,0.30239739931265197,0.316,0.0192
1.0,26,0.2,estimated_ratio_clipped,471854,8285,10000,0.8285,1.20262348651886,1.20262348651886,0.0,189.93353030215673,5.0,1.2776931957594329,0.03047323343230859,0.047604940704036855,0.00044641108543535244,0.597602600687348,0.9545969445052753,0.1298731156727768,5.0,0.8209862062547439,0.8357615068157216,0.8,0.7695267665676915,0.7523950592959632,0.202397399312652,0.316,0.0192
1.0,27,0.05,unweighted,471855,8251,10000,0.8251,1.172321081161499,1.172321081161499,0.0,500.0,1.0,0.0,0.46417342872686507,0.9283468574537301,0.1438270458284751,10.726678734015486,1.0,1.0,1.0,0.8175300036004057,0.8324203206589803,0.95,0.4858265712731349,0.02165314254626982,-9.776678734015487,0.312,0.0192
1.0,27,0.1,unweighted,471855,7266,10000,0.7266,1.031848669052124,1.031848669052124,0.0,500.0,1.0,0.0,0.46417342872686507,0.9283468574537301,0.1438270458284751,10.726678734015486,1.0,1.0,1.0,0.7177785836008405,0.7352473883375689,0.9,0.43582657127313496,-0.028346857453730112,-9.826678734015486,0.312,0.0192
1.0,27,0.2,unweighted,471855,5114,10000,0.5114,0.9049690365791319,0.904969036579132,0.0,500.0,1.0,0.0,0.46417342872686507,0.9283468574537301,0.1438270458284751,10.726678734015486,1.0,1.0,1.0,0.5016002302669493,0.5211910145701992,0.8,0.335826571273135,-0.1283468574537301,-9.926678734015486,0.312,0.0192
1.0,27,0.05,oracle_ratio,471855,9310,10000,0.931,1.280587190389633,1.279902100563049,0.0,178.9455316966592,6.9391048001732285,1.339457474618385,4.336808689942018e-18,0.0,0.0,0.0,1.0,0.13533528323661267,7.389056098930651,0.9258650839929272,0.9358039094115496,0.95,0.95,0.95,0.95,0.312,0.0192
1.0,27,0.1,oracle_ratio,471855,8943,10000,0.8943,1.255275011062622,1.255275011062622,0.0,178.9455316966592,6.9391048001732285,1.339457474618385,4.336808689942018e-18,0.0,0.0,0.0,1.0,0.13533528323661267,7.389056098930651,0.8881218710168762,0.900175307868008,0.9,0.9,0.9,0.9,0.312,0.0192
1.0,27,0.2,oracle_ratio,471855,7855,10000,0.7855,1.1098858898639679,1.1275087594985962,0.0,178.9455316966592,6.9391048001732285,1.339457474618385,4.336808689942018e-18,0.0,0.0,0.0,1.0,0.13533528323661267,7.389056098930651,0.7773460034467793,0.7934347334835642,0.8,0.8,0.8,0.8,0.312,0.0192
1.0,27,0.05,estimated_ratio,471855,9310,10000,0.931,1.2806518852710724,1.279902100563049,0.0,176.47250508414243,7.07217281379814,1.3539950360302093,0.00462749522211089,0.010816654425638351,1.2241521893690238e-05,0.09896068671423107,1.005354051205103,0.1323388472020147,7.535727517574342,0.9258650839929272,0.9358039094115496,0.95,0.945372504777889,0.9391833455743616,0.8510393132857689,0.312,0.0192
1.0,27,0.1,estimated_ratio,471855,8943,10000,0.8943,1.255275011062622,1.255275011062622,0.0,176.47250508414243,7.07217281379814,1.3539950360302093,0.00462749522211089,0.010816654425638351,1.2241521893690238e-05,0.09896068671423107,1.005354051205103,0.1323388472020147,7.535727517574342,0.8881218710168762,0.900175307868008,0.9,0.8953725047778891,0.8891833455743616,0.8010393132857689,0.312,0.0192
1.0,27,0.2,estimated_ratio,471855,7903,10000,0.7903,1.1170212694644928,1.1275087594985962,0.0,176.47250508414243,7.07217281379814,1.3539950360302093,0.00462749522211089,0.010816654425638351,1.2241521893690238e-05,0.09896068671423107,1.005354051205103,0.1323388472020147,7.535727517574342,0.782210373479898,0.7981666770660871,0.8,0.7953725047778891,0.7891833455743616,0.701039313285769,0.312,0.0192
1.0,27,0.05,estimated_ratio_clipped,471855,9208,10000,0.9208,1.279902100563049,1.279902100563049,0.0,185.94011799407548,5.0,1.2996298583389037,0.031919952723023795,0.04512090430608796,0.0004194605863398065,0.5792827194659316,0.9634292200043431,0.1323388472020147,5.0,0.9153440676696213,0.9259327593016172,0.95,0.9180800472769761,0.904879095693912,0.3707172805340684,0.312,0.0192
1.0,27,0.1,estimated_ratio_clipped,471855,8943,10000,0.8943,1.255275011062622,1.255275011062622,0.0,185.94011799407548,5.0,1.2996298583389037,0.031919952723023795,0.04512090430608796,0.0004194605863398065,0.5792827194659316,0.9634292200043431,0.1323388472020147,5.0,0.8881218710168762,0.900175307868008,0.9,0.8680800472769762,0.8548790956939121,0.32071728053406845,0.312,0.0192
1.0,27,0.2,estimated_ratio_clipped,471855,7795,10000,0.7795,1.0929604484438895,1.0730522871017456,0.0,185.94011799407548,5.0,1.2996298583389037,0.031919952723023795,0.04512090430608796,0.0004194605863398065,0.5792827194659316,0.9634292200043431,0.1323388472020147,5.0,0.7712678301089788,0.787517514801813,0.8,0.7680800472769762,0.7548790956939121,0.22071728053406847,0.312,0.0192
1.0,28,0.05,unweighted,471856,7989,10000,0.7989,1.1369203329086304,1.1369203329086304,0.0,500.0,1.0,0.0,0.46417342872686507,0.9283468574537301,0.1438270458284751,10.726678734015486,1.0,1.0,1.0,0.7909299133844746,0.806640532389535,0.95,0.4858265712731349,0.02165314254626982,-9.776678734015487,0.326,0.0192
1.0,28,0.1,unweighted,471856,6821,10000,0.6821,0.98867267370224,0.98867267370224,0.0,500.0,1.0,0.0,0.46417342872686507,0.9283468574537301,0.1438270458284751,10.726678734015486,1.0,1.0,1.0,0.6729047827277505,0.6911553650656491,0.9,0.43582657127313496,-0.028346857453730112,-9.826678734015486,0.326,0.0192
1.0,28,0.2,unweighted,471856,4257,10000,0.4257,0.8752741813659668,0.8752741813659668,0.0,500.0,1.0,0.0,0.46417342872686507,0.9283468574537301,0.1438270458284751,10.726678734015486,1.0,1.0,1.0,0.4160393336133986,0.4354177285444839,0.8,0.335826571273135,-0.1283468574537301,-9.926678734015486,0.326,0.0192
1.0,28,0.05,oracle_ratio,471856,9150,10000,0.915,1.2739903926849363,1.2739903926849363,0.0,166.04719170685107,7.389056098930651,1.4181650640219194,4.336808689942018e-18,0.0,0.0,0.0,1.0,0.13533528323661267,7.389056098930651,0.9093733864591546,0.9203078948931839,0.95,0.95,0.95,0.95,0.326,0.0192
1.0,28,0.1,oracle_ratio,471856,8825,10000,0.8825,1.2475771307945251,1.245755910873413,0.0,166.04719170685107,7.389056098930651,1.4181650640219194,4.336808689942018e-18,0.0,0.0,0.0,1.0,0.13533528323661267,7.389056098930651,0.876041242566673,0.8886649986797592,0.9,0.9,0.9,0.9,0.326,0.0192
1.0,28,0.2,oracle_ratio,471856,8053,10000,0.8053,1.1390045482873916,1.1369203329086304,0.0,166.04719170685107,7.389056098930651,1.4181650640219194,4.336808689942018e-18,0.0,0.0,0.0,1.0,0.13533528323661267,7.389056098930651,0.7974225087326816,0.8129430218621831,0.8,0.8,0.8,0.8,0.326,0.0192
1.0,28,0.05,estimated_ratio,471856,9150,10000,0.915,1.2739903926849363,1.2739903926849363,0.0,157.0340640390289,7.946903046686928,1.4778438833363647,0.016455510292434587,0.040206604085206044,0.0001539236597558902,0.35091156692920816,1.0223420177634817,0.12521388616412227,7.946903046686928,0.9093733864591546,0.9203078948931839,0.95,0.9335444897075653,0.9097933959147939,0.5990884330707917,0.326,0.0192
1.0,28,0.1,estimated_ratio,471856,8825,10000,0.8825,1.249321237206459,1.2524614334106443,0.0,157.0340640390289,7.946903046686928,1.4778438833363647,0.016455510292434587,0.040206604085206044,0.0001539236597558902,0.35091156692920816,1.0223420177634817,0.12521388616412227,7.946903046686928,0.876041242566673,0.8886649986797592,0.9,0.8835444897075654,0.859793395914794,0.5490884330707919,0.326,0.0192
1.0,28,0.2,estimated_ratio,471856,8116,10000,0.8116,1.14686726988554,1.1501529216766355,0.0,157.0340640390289,7.946903046686928,1.4778438833363647,0.016455510292434587,0.040206604085206044,0.0001539236597558902,0.35091156692920816,1.0223420177634817,0.12521388616412227,7.946903046686928,0.8038168118785356,0.8191438803368587,0.8,0.7835444897075654,0.759793395914794,0.4490884330707919,0.326,0.0192
1.0,28,0.05,estimated_ratio_clipped,471856,9150,10000,0.915,1.2668589687347411,1.2739903926849363,0.0,182.20165154368024,5.0,1.3206862713368712,0.03563191160806278,0.06324292571287196,0.0005298563096612003,0.6510645495870284,0.9691492583099381,0.12521388616412227,5.0,0.9093733864591546,0.9203078948931839,0.95,0.9143680883919372,0.886757074287128,0.29893545041297154,0.326,0.0192
1.0,28,0.1,estimated_ratio_clipped,471856,8609,10000,0.8609,1.233678898727894,1.2334575653076172,0.0,182.20165154368024,5.0,1.3206862713368712,0.03563191160806278,0.06324292571287196,0.0005298563096612003,0.6510645495870284,0.9691492583099381,0.12521388616412227,5.0,0.8539788293710087,0.867544000605037,0.9,0.8643680883919372,0.8367570742871281,0.2489354504129716,0.326,0.0192
1.0,28,0.2,estimated_ratio_clipped,471856,7632,10000,0.7632,1.0730522871017456,1.0730522871017456,0.0,182.20165154368024,5.0,1.3206862713368712,0.03563191160806278,0.06324292571287196,0.0005298563096612003,0.6510645495870284,0.9691492583099381,0.12521388616412227,5.0,0.7547677485078798,0.7714301147497961,0.8,0.7643680883919373,0.7367570742871281,0.14893545041297163,0.326,0.0192
1.0,29,0.05,unweighted,471857,8178,10000,0.8178,1.172321081161499,1.172321081161499,0.0,500.0,1.0,0.0,0.46417342872686507,0.9283468574537301,0.1438270458284751,10.726678734015486,1.0,1.0,1.0,0.8101127909556759,0.8252431396799219,0.95,0.4858265712731349,0.02165314254626982,-9.776678734015487,0.326,0.0192
1.0,29,0.1,unweighted,471857,6898,10000,0.6898,1.0019125938415527,1.0019125938415527,0.0,500.0,1.0,0.0,0.46417342872686507,0.9283468574537301,0.1438270458284751,10.726678734015486,1.0,1.0,1.0,0.6806622546216109,0.6987919795968801,0.9,0.43582657127313496,-0.028346857453730112,-9.826678734015486,0.326,0.0192
1.0,29,0.2,unweighted,471857,4761,10000,0.4761,0.899455189704895,0.899455189704895,0.0,500.0,1.0,0.0,0.46417342872686507,0.9283468574537301,0.1438270458284751,10.726678734015486,1.0,1.0,1.0,0.46632243483492897,0.4858959202871893,0.8,0.335826571273135,-0.1283468574537301,-9.926678734015486,0.326,0.0192
1.0,29,0.05,oracle_ratio,471857,9121,10000,0.9121,1.2747252179741857,1.2739903926849363,0.0,169.51189548907035,7.389056098930651,1.3962970678253055,4.336808689942018e-18,0.0,0.0,0.0,1.0,0.13533528323661267,7.389056098930651,0.9063909372467261,0.9174925712961622,0.95,0.95,0.95,0.95,0.326,0.0192
1.0,29,0.1,oracle_ratio,471857,8799,10000,0.8799,1.2524614334106443,1.2524614334106443,0.0,169.51189548907035,7.389056098930651,1.3962970678253055,4.336808689942018e-18,0.0,0.0,0.0,1.0,0.13533528323661267,7.389056098930651,0.8733822520052814,0.8861259860326784,0.9,0.9,0.9,0.9,0.326,0.0192
1.0,29,0.2,oracle_ratio,471857,8178,10000,0.8178,1.1671702722907067,1.172321081161499,0.0,169.51189548907035,7.389056098930651,1.3962970678253055,4.336808689942018e-18,0.0,0.0,0.0,1.0,0.13533528323661267,7.389056098930651,0.8101127909556759,0.8252431396799219,0.8,0.8,0.8,0.8,0.326,0.0192
1.0,29,0.05,estimated_ratio,471857,9121,10000,0.9121,1.2751029761075972,1.2739903926849363,0.0,162.3012303746008,7.922955156163811,1.4424601802153794,0.013006814191361224,0.038476074212950434,0.00010545866630826034,0.2904598647775769,1.0300951096883717,0.1288676430222917,7.922955156163811,0.9063909372467261,0.9174925712961622,0.95,0.9369931858086388,0.9115239257870495,0.659540135222423,0.326,0.0192
1.0,29,0.1,estimated_ratio,471857,8799,10000,0.8799,1.2524614334106443,1.2524614334106443,0.0,162.3012303746008,7.922955156163811,1.4424601802153794,0.013006814191361224,0.038476074212950434,0.00010545866630826034,0.2904598647775769,1.0300951096883717,0.1288676430222917,7.922955156163811,0.8733822520052814,0.8861259860326784,0.9,0.8869931858086388,0.8615239257870496,0.6095401352224231,0.326,0.0192
1.0,29,0.2,estimated_ratio,471857,8178,10000,0.8178,1.172321081161499,1.172321081161499,0.0,162.3012303746008,7.922955156163811,1.4424601802153794,0.013006814191361224,0.038476074212950434,0.00010545866630826034,0.2904598647775769,1.0300951096883717,0.1288676430222917,7.922955156163811,0.8101127909556759,0.8252431396799219,0.8,0.7869931858086389,0.7615239257870496,0.5095401352224231,0.326,0.0192
1.0,29,0.05,estimated_ratio_clipped,471857,9121,10000,0.9121,1.2701477947235107,1.2739903926849363,0.0,184.34085189955803,5.0,1.3085743251059638,0.035283403697447285,0.06185329477285394,0.0004827666266764029,0.6214606193003079,0.9772432491670656,0.1288676430222917,5.0,0.9063909372467261,0.9174925712961622,0.95,0.9147165963025526,0.888146705227146,0.328539380699692,0.326,0.0192
1.0,29,0.1,estimated_ratio_clipped,471857,8699,10000,0.8699,1.245755910873413,1.245755910873413,0.0,184.34085189955803,5.0,1.3085743251059638,0.035283403697447285,0.06185329477285394,0.0004827666266764029,0.6214606193003079,0.9772432491670656,0.1288676430222917,5.0,0.863164113128852,0.8763518048765214,0.9,0.8647165963025527,0.8381467052271461,0.2785393806996921,0.326,0.0192
1.0,29,0.2,estimated_ratio_clipped,471857,7878,10000,0.7878,1.1282352209091189,1.1282352209091189,0.0,184.34085189955803,5.0,1.3085743251059638,0.035283403697447285,0.06185329477285394,0.0004827666266764029,0.6214606193003079,0.9772432491670656,0.1288676430222917,5.0,0.7796766414185811,0.7957023291192574,0.8,0.7647165963025527,0.7381467052271461,0.1785393806996921,0.326,0.0192
1.0,30,0.05,unweighted,471858,7965,10000,0.7965,1.135647535324097,1.135647535324097,0.0,500.0,1.0,0.0,0.46417342872686507,0.9283468574537301,0.1438270458284751,10.726678734015486,1.0,1.0,1.0,0.7884959990480997,0.8042762899180889,0.95,0.4858265712731349,0.02165314254626982,-9.776678734015487,0.31,0.0192
1.0,30,0.1,unweighted,471858,6737,10000,0.6737,0.98867267370224,0.98867267370224,0.0,500.0,1.0,0.0,0.46417342872686507,0.9283468574537301,0.1438270458284751,10.726678734015486,1.0,1.0,1.0,0.6644453638156529,0.682821235150374,0.9,0.43582657127313496,-0.028346857453730112,-9.826678734015486,0.31,0.0192
1.0,30,0.2,unweighted,471858,4303,10000,0.4303,0.8766467571258545,0.8766467571258545,0.0,500.0,1.0,0.0,0.46417342872686507,0.9283468574537301,0.1438270458284751,10.726678734015486,1.0,1.0,1.0,0.4206244551483422,0.44002907422453,0.8,0.335826571273135,-0.1283468574537301,-9.926678734015486,0.31,0.0192
1.0,30,0.05,oracle_ratio,471858,9896,10000,0.9896,1.3414488248348235,1.363731861114502,0.0,174.90422118418977,7.235920578751015,1.363344215238469,4.336808689942018e-18,0.0,0.0,0.0,1.0,0.13533528323661267,7.389056098930651,0.9874151479094373,0.9914088408859962,0.95,0.95,0.95,0.95,0.31,0.0192
1.0,30,0.1,oracle_ratio,471858,9339,10000,0.9339,1.2739250511288642,1.2823160886764526,0.0,174.90422118418977,7.235920578751015,1.363344215238469,4.336808689942018e-18,0.0,0.0,0.0,1.0,0.13533528323661267,7.389056098930651,0.9288618039000095,0.9386049623139171,0.9,0.9,0.9,0.9,0.31,0.0192
1.0,30,0.2,oracle_ratio,471858,7965,10000,0.7965,1.1359817719697953,1.135647535324097,0.0,174.90422118418977,7.235920578751015,1.363344215238469,4.336808689942018e-18,0.0,0.0,0.0,1.0,0.13533528323661267,7.389056098930651,0.7884959990480997,0.8042762899180889,0.8,0.8,0.8,0.8,0.31,0.0192
1.0,30,0.05,estimated_ratio,471858,9896,10000,0.9896,1.339941170310974,1.363731861114502,0.0,177.21044634464414,7.04544766998476,1.3496310958126618,0.003837840480474203,0.01549636254056407,1.6604503569038345e-05,0.11525451338334076,0.98516378983276,0.13640195207837247,7.193244895620976,0.9874151479094373,0.9914088408859962,0.95,0.9461621595195258,0.9345036374594359,0.8347454866166591,0.31,0.0192
1.0,30,0.1,estimated_ratio,471858,9339,10000,0.9339,1.2714672083377838,1.2823160886764526,0.0,177.21044634464414,7.04544766998476,1.3496310958126618,0.003837840480474203,0.01549636254056407,1.6604503569038345e-05,0.11525451338334076,0.98516378983276,0.13640195207837247,7.193244895620976,0.9288618039000095,0.9386049623139171,0.9,0.8961621595195258,0.8845036374594359,0.7847454866166592,0.31,0.0192
1.0,30,0.2,estimated_ratio,471858,7965,10000,0.7965,1.1345830328941344,1.135647535324097,0.0,177.21044634464414,7.04544766998476,1.3496310958126618,0.003837840480474203,0.01549636254056407,1.6604503569038345e-05,0.11525451338334076,0.98516378983276,0.13640195207837247,7.193244895620976,0.7884959990480997,0.8042762899180889,0.8,0.7961621595195258,0.784503637459436,0.6847454866166592,0.31,0.0192
1.0,30,0.05,estimated_ratio_clipped,471858,9896,10000,0.9896,1.3298803818702698,1.3149404525756836,0.0,188.86411535015094,5.0,1.2835131637412713,0.030067907778373173,0.048508769517987695,0.0004216565065883078,0.5807970430973682,0.9521513828553363,0.13640195207837247,5.0,0.9874151479094373,0.9914088408859962,0.95,0.9199320922216268,0.9014912304820123,0.3692029569026317,0.31,0.0192
1.0,30,0.1,estimated_ratio_clipped,471858,9259,10000,0.9259,1.2626355923891068,1.255275011062622,0.0,188.86411535015094,5.0,1.2835131637412713,0.030067907778373173,0.048508769517987695,0.0004216565065883078,0.5807970430973682,0.9521513828553363,0.13640195207837247,5.0,0.920601032607926,0.9308718775799315,0.9,0.8699320922216268,0.8514912304820124,0.3192029569026318,0.31,0.0192
1.0,30,0.2,estimated_ratio_clipped,471858,7808,10000,0.7808,1.1278639991283417,1.1275087594985962,0.0,188.86411535015094,5.0,1.2835131637412713,0.030067907778373173,0.048508769517987695,0.0004216565065883078,0.5807970430973682,0.9521513828553363,0.13640195207837247,5.0,0.7725845552358336,0.7887997912791945,0.8,0.7699320922216268,0.7514912304820124,0.2192029569026318,0.31,0.0192
1.0,31,0.05,unweighted,471859,7731,10000,0.7731,1.1275087594985962,1.1275087594985962,0.0,500.0,1.0,0.0,0.46417342872686507,0.9283468574537301,0.1438270458284751,10.726678734015486,1.0,1.0,1.0,0.7647871701487797,0.7812030899411567,0.95,0.4858265712731349,0.02165314254626982,-9.776678734015487,0.328,0.0192
1.0,31,0.1,unweighted,471859,6566,10000,0.6566,0.9703732132911682,0.9703732132911682,0.0,500.0,1.0,0.0,0.46417342872686507,0.9283468574537301,0.1438270458284751,10.726678734015486,1.0,1.0,1.0,0.6472346951580967,0.6658450365522073,0.9,0.43582657127313496,-0.028346857453730112,-9.826678734015486,0.328,0.0192
1.0,31,0.2,unweighted,471859,4821,10000,0.4821,0.8999583721160889,0.8999583721160889,0.0,500.0,1.0,0.0,0.46417342872686507,0.9283468574537301,0.1438270458284751,10.726678734015486,1.0,1.0,1.0,0.47231521370147805,0.491898533440192,0.8,0.335826571273135,-0.1283468574537301,-9.926678734015486,0.328,0.0192
1.0,31,0.05,oracle_ratio,471859,9779,10000,0.9779,1.329429030418396,1.329429030418396,0.0,179.67888385602663,6.795294358226612,1.3351936676471279,4.336808689942018e-18,0.0,0.0,0.0,1.0,0.13533528323661267,7.389056098930651,0.974829881507051,0.9806030928502564,0.95,0.95,0.95,0.95,0.328,0.0192
1.0,31,0.1,oracle_ratio,471859,9445,10000,0.9445,1.3023195223331452,1.3028135299682615,0.0,179.67888385602663,6.795294358226612,1.3351936676471279,4.336808689942018e-18,0.0,0.0,0.0,1.0,0.13533528323661267,7.389056098930651,0.9398395206647528,0.9488191047837157,0.9,0.9,0.9,0.9,0.328,0.0192
1.0,31,0.2,oracle_ratio,471859,7671,10000,0.7671,1.1089897106409072,1.0906329154968262,0.0,179.67888385602663,6.795294358226612,1.3351936676471279,4.336808689942018e-18,0.0,0.0,0.0,1.0,0.13533528323661267,7.389056098930651,0.75871403236401,0.7752808357063745,0.8,0.8,0.8,0.8,0.328,0.0192
1.0,31,0.05,estimated_ratio,471859,9779,10000,0.9779,1.329429030418396,1.329429030418396,0.0,176.4133549095688,6.711985719790624,1.3543457993786696,0.006127887349301158,0.02966620795462522,0.00016005978445836444,0.35783771121374497,0.970333792045375,0.12657854746923078,7.306990287153246,0.974829881507051,0.9806030928502564,0.95,0.9438721126506988,0.9203337920453747,0.592162288786255,0.328,0.0192
1.0,31,0.1,estimated_ratio,471859,9553,10000,0.9553,1.3035985710978508,1.3028135299682615,0.0,176.4133549095688,6.711985719790624,1.3543457993786696,0.006127887349301158,0.02966620795462522,0.00016005978445836444,0.35783771121374497,0.970333792045375,0.12657854746923078,7.306990287153246,0.9510720147979599,0.9591783162857019,0.9,0.8938721126506989,0.8703337920453748,0.542162288786255,0.328,0.0192
1.0,31,0.2,estimated_ratio,471859,7731,10000,0.7731,1.116670948946476,1.1275087594985962,0.0,176.4133549095688,6.711985719790624,1.3543457993786696,0.006127887349301158,0.02966620795462522,0.00016005978445836444,0.35783771121374497,0.970333792045375,0.12657854746923078,7.306990287153246,0.7647871701487797,0.7812030899411567,0.8,0.7938721126506989,0.7703337920453748,0.4421622887862551,0.328,0.0192
1.0,31,0.05,estimated_ratio_clipped,471859,9779,10000,0.9779,1.3227048814415931,1.329429030418396,0.0,185.3622824738486,5.0,1.302850869623688,0.027289872476814254,0.06497376600008438,0.0005682331617805886,0.6742303237206637,0.9350262339999157,0.12657854746923078,5.0,0.974829881507051,0.9806030928502564,0.95,0.9227101275231857,0.8850262339999155,0.27576967627933624,0.328,0.0192
1.0,31,0.1,estimated_ratio_clipped,471859,9385,10000,0.9385,1.2993595440268517,1.2983108758926392,0.0,185.3622824738486,5.0,1.302850869623688,0.027289872476814254,0.06497376600008438,0.0005682331617805886,0.6742303237206637,0.9350262339999157,0.12657854746923078,5.0,0.9336207914268926,0.943042442002024,0.9,0.8727101275231858,0.8350262339999156,0.2257696762793363,0.328,0.0192
1.0,31,0.2,estimated_ratio_clipped,471859,7631,10000,0.7631,1.0836152791023255,1.0785813331604004,0.0,185.3622824738486,5.0,1.302850869623688,0.027289872476814254,0.06497376600008438,0.0005682331617805886,0.6742303237206637,0.9350262339999157,0.12657854746923078,5.0,0.7546665745586649,0.7713313654986851,0.8,0.7727101275231858,0.7350262339999156,0.12576967627933633,0.328,0.0192
1.0,32,0.05,unweighted,471860,8241,10000,0.8241,1.1966276168823242,1.1966276168823242,0.0,500.0,1.0,0.0,0.46417342872686507,0.9283468574537301,0.1438270458284751,10.726678734015486,1.0,1.0,1.0,0.8165136709253524,0.8314374213307751,0.95,0.4858265712731349,0.02165314254626982,-9.776678734015487,0.32,0.0192
1.0,32,0.1,unweighted,471860,6711,10000,0.6711,0.9745562672615053,0.9745562672615052,0.0,500.0,1.0,0.0,0.46417342872686507,0.9283468574537301,0.1438270458284751,10.726678734015486,1.0,1.0,1.0,0.6618276548153872,0.6802409409421672,0.9,0.43582657127313496,-0.028346857453730112,-9.826678734015486,0.32,0.0192
1.0,32,0.2,unweighted,471860,4556,10000,0.4556,0.8914327621459961,0.8914327621459961,0.0,500.0,1.0,0.0,0.46417342872686507,0.9283468574537301,0.1438270458284751,10.726678734015486,1.0,1.0,1.0,0.44585780343343917,0.46537629562187677,0.8,0.335826571273135,-0.1283468574537301,-9.926678734015486,0.32,0.0192
1.0,32,0.05,oracle_ratio,471860,9201,10000,0.9201,1.2799950391054153,1.279902100563049,0.0,178.50286923522756,7.389056098930651,1.3420415132481363,4.336808689942018e-18,0.0,0.0,0.0,1.0,0.13533528323661267,7.389056098930651,0.9146230408571421,0.9252543237118154,0.95,0.95,0.95,0.95,0.32,0.0192
1.0,32,0.1,oracle_ratio,471860,8997,10000,0.8997,1.257892370223999,1.257892370223999,0.0,178.50286923522756,7.389056098930651,1.3420415132481363,4.336808689942018e-18,0.0,0.0,0.0,1.0,0.13533528323661267,7.389056098930651,0.8936579221486726,0.9054351095538086,0.9,0.9,0.9,0.9,0.32,0.0192
1.0,32,0.2,oracle_ratio,471860,8241,10000,0.8241,1.2050312048077583,1.1966276168823242,0.0,178.50286923522756,7.389056098930651,1.3420415132481363,4.336808689942018e-18,0.0,0.0,0.0,1.0,0.13533528323661267,7.389056098930651,0.8165136709253524,0.8314374213307751,0.8,0.8,0.8,0.8,0.32,0.0192
1.0,32,0.05,estimated_ratio,471860,9201,10000,0.9201,1.280048629641533,1.279902100563049,0.0,175.45049617651432,7.581551353977379,1.3600759915253013,0.005599855484393396,0.013978198523637256,1.7689743782195494e-05,0.11896131735045806,1.00843575754409,0.1319688377654329,7.581551353977379,0.9146230408571421,0.9252543237118154,0.95,0.9444001445156066,0.9360218014763627,0.831038682649542,0.32,0.0192
1.0,32,0.1,estimated_ratio,471860,8997,10000,0.8997,1.257892370223999,1.257892370223999,0.0,175.45049617651432,7.581551353977379,1.3600759915253013,0.005599855484393396,0.013978198523637256,1.7689743782195494e-05,0.11896131735045806,1.00843575754409,0.1319688377654329,7.581551353977379,0.8936579221486726,0.9054351095538086,0.9,0.8944001445156067,0.8860218014763628,0.7810386826495419,0.32,0.0192
1.0,32,0.2,estimated_ratio,471860,8326,10000,0.8326,1.2145534903645516,1.2281887531280518,0.0,175.45049617651432,7.581551353977379,1.3600759915253013,0.005599855484393396,0.013978198523637256,1.7689743782195494e-05,0.11896131735045806,1.00843575754409,0.1319688377654329,7.581551353977379,0.8251553876558161,0.8397891766280098,0.8,0.7944001445156067,0.7860218014763628,0.681038682649542,0.32,0.0192
1.0,32,0.05,estimated_ratio_clipped,471860,9201,10000,0.9201,1.279902100563049,1.279902100563049,0.0,193.2827812779816,5.0,1.2597155650521104,0.03221578163579664,0.047026953957260025,0.0004231573134410426,0.5818297437849271,0.9652554318965034,0.1319688377654329,5.0,0.9146230408571421,0.9252543237118154,0.95,0.9177842183642033,0.90297304604274,0.3681702562150728,0.32,0.0192
1.0,32,0.1,estimated_ratio_clipped,471860,8997,10000,0.8997,1.2570186957359315,1.257892370223999,0.0,193.2827812779816,5.0,1.2597155650521104,0.03221578163579664,0.047026953957260025,0.0004231573134410426,0.5818297437849271,0.9652554318965034,0.1319688377654329,5.0,0.8936579221486726,0.9054351095538086,0.9,0.8677842183642034,0.85297304604274,0.3181702562150729,0.32,0.0192
1.0,32,0.2,estimated_ratio_clipped,471860,8076,10000,0.8076,1.1501529216766355,1.1501529216766355,0.0,193.2827812779816,5.0,1.2597155650521104,0.03221578163579664,0.047026953957260025,0.0004231573134410426,0.5818297437849271,0.9652554318965034,0.1319688377654329,5.0,0.7997565679438073,0.8152071962585524,0.8,0.7677842183642034,0.7529730460427401,0.2181702562150729,0.32,0.0192
1.0,33,0.05,unweighted,471861,7966,10000,0.7966,1.1369203329086304,1.1369203329086304,0.0,500.0,1.0,0.0,0.46417342872686507,0.9283468574537301,0.1438270458284751,10.726678734015486,1.0,1.0,1.0,0.7885974034784217,0.804374808688093,0.95,0.4858265712731349,0.02165314254626982,-9.776678734015487,0.336,0.0192
1.0,33,0.1,unweighted,471861,7014,10000,0.7014,1.0092549324035645,1.0092549324035645,0.0,500.0,1.0,0.0,0.46417342872686507,0.9283468574537301,0.1438270458284751,10.726678734015486,1.0,1.0,1.0,0.6923543938220904,0.710290931634201,0.9,0.43582657127313496,-0.028346857453730112,-9.826678734015486,0.336,0.0192
1.0,33,0.2,unweighted,471861,5245,10000,0.5245,0.9118360280990598,0.91183602809906,0.0,500.0,1.0,0.0,0.46417342872686507,0.9283468574537301,0.1438270458284751,10.726678734015486,1.0,1.0,1.0,0.514704418826815,0.5342767652530219,0.8,0.335826571273135,-0.1283468574537301,-9.926678734015486,0.336,0.0192
1.0,33,0.05,oracle_ratio,471861,9797,10000,0.9797,1.3190598685860633,1.314333438873291,0.0,180.56595174628754,7.235920578751015,1.3300644078925834,4.336808689942018e-18,0.0,0.0,0.0,1.0,0.13533528323661267,7.389056098930651,0.9767461649309657,0.9822854270322072,0.95,0.95,0.95,0.95,0.336,0.0192
1.0,33,0.1,oracle_ratio,471861,9138,10000,0.9138,1.274954508280754,1.2739903926849363,0.0,180.56595174628754,7.235920578751015,1.3300644078925834,4.336808689942018e-18,0.0,0.0,0.0,1.0,0.13533528323661267,7.389056098930651,0.9081390444552065,0.9191431584932214,0.9,0.9,0.9,0.9,0.336,0.0192
1.0,33,0.2,oracle_ratio,471861,7919,10000,0.7919,1.1363051898360252,1.1369203329086304,0.0,180.56595174628754,7.235920578751015,1.3300644078925834,4.336808689942018e-18,0.0,0.0,0.0,1.0,0.13533528323661267,7.389056098930651,0.7838321996422495,0.7997436221089496,0.8,0.8,0.8,0.8,0.336,0.0192
1.0,33,0.05,estimated_ratio,471861,9797,10000,0.9797,1.3190598685860633,1.314333438873291,0.0,180.63365200926918,7.164162272820288,1.329674208240838,0.00011953013458994614,0.009555752644057822,8.174785818905234e-06,0.0808692070885092,0.9904442473559422,0.1341376259403842,7.3157376663614455,0.9767461649309657,0.9822854270322072,0.95,0.94988046986541,0.9404442473559421,0.8691307929114908,0.336,0.0192
1.0,33,0.1,estimated_ratio,471861,9138,10000,0.9138,1.274954508280754,1.2739903926849363,0.0,180.63365200926918,7.164162272820288,1.329674208240838,0.00011953013458994614,0.009555752644057822,8.174785818905234e-06,0.0808692070885092,0.9904442473559422,0.1341376259403842,7.3157376663614455,0.9081390444552065,0.9191431584932214,0.9,0.89988046986541,0.8904442473559422,0.8191307929114908,0.336,0.0192
1.0,33,0.2,estimated_ratio,471861,7919,10000,0.7919,1.136296152973175,1.1369203329086304,0.0,180.63365200926918,7.164162272820288,1.329674208240838,0.00011953013458994614,0.009555752644057822,8.174785818905234e-06,0.0808692070885092,0.9904442473559422,0.1341376259403842,7.3157376663614455,0.7838321996422495,0.7997436221089496,0.8,0.7998804698654101,0.7904442473559422,0.7191307929114908,0.336,0.0192
1.0,33,0.05,estimated_ratio_clipped,471861,9586,10000,0.9586,1.314333438873291,1.314333438873291,0.0,195.67446679123742,5.0,1.2471024036579808,0.030438438223966007,0.045613487723597336,0.0004170191778050459,0.5775944444366105,0.9543865122764027,0.1341376259403842,5.0,0.9545161641583557,0.9623316325360596,0.95,0.919561561776034,0.9043865122764027,0.3724055555633895,0.336,0.0192
1.0,33,0.1,estimated_ratio_clipped,471861,9138,10000,0.9138,1.2739903926849363,1.2739903926849363,0.0,195.67446679123742,5.0,1.2471024036579808,0.030438438223966007,0.045613487723597336,0.0004170191778050459,0.5775944444366105,0.9543865122764027,0.1341376259403842,5.0,0.9081390444552065,0.9191431584932214,0.9,0.869561561776034,0.8543865122764027,0.32240555556338957,0.336,0.0192
1.0,33,0.2,estimated_ratio_clipped,471861,7770,10000,0.777,1.0874741957664489,1.0906329154968262,0.0,195.67446679123742,5.0,1.2471024036579808,0.030438438223966007,0.045613487723597336,0.0004170191778050459,0.5775944444366105,0.9543865122764027,0.1341376259403842,5.0,0.7687359921221026,0.7850512727805425,0.8,0.7695615617760341,0.7543865122764027,0.2224055555633896,0.336,0.0192
1.0,34,0.05,unweighted,471862,8142,10000,0.8142,1.1501529216766355,1.1501529216766355,0.0,500.0,1.0,0.0,0.46417342872686507,0.9283468574537301,0.1438270458284751,10.726678734015486,1.0,1.0,1.0,0.8064566709686074,0.8217020244552595,0.95,0.4858265712731349,0.02165314254626982,-9.776678734015487,0.334,0.0192
1.0,34,0.1,unweighted,471862,6858,10000,0.6858,0.9957479238510132,0.9957479238510132,0.0,500.0,1.0,0.0,0.46417342872686507,0.9283468574537301,0.1438270458284751,10.726678734015486,1.0,1.0,1.0,0.676632036724326,0.6948252694811304,0.9,0.43582657127313496,-0.028346857453730112,-9.826678734015486,0.334,0.0192
1.0,34,0.2,unweighted,471862,4580,10000,0.458,0.8882631659507751,0.8882631659507751,0.0,500.0,1.0,0.0,0.46417342872686507,0.9283468574537301,0.1438270458284751,10.726678734015486,1.0,1.0,1.0,0.4482528047445868,0.46777945111854996,0.8,0.335826571273135,-0.1283468574537301,-9.926678734015486,0.334,0.0192
1.0,34,0.05,oracle_ratio,471862,9399,10000,0.9399,1.2862268141508102,1.2823160886764526,0.0,181.23559276219063,6.9391048001732285,1.326212646939923,4.336808689942018e-18,0.0,0.0,0.0,1.0,0.13533528323661267,7.389056098930651,0.9350706252345946,0.9443915329988839,0.95,0.95,0.95,0.95,0.334,0.0192
1.0,34,0.1,oracle_ratio,471862,9010,10000,0.901,1.2434206918478012,1.2334575653076172,0.0,181.23559276219063,6.9391048001732285,1.326212646939923,4.336808689942018e-18,0.0,0.0,0.0,1.0,0.13533528323661267,7.389056098930651,0.8949914473662954,0.906700585940422,0.9,0.9,0.9,0.9,0.334,0.0192
1.0,34,0.2,oracle_ratio,471862,7392,10000,0.7392,1.0459416766881944,1.0421744585037231,0.0,181.23559276219063,6.9391048001732285,1.326212646939923,4.336808689942018e-18,0.0,0.0,0.0,1.0,0.13533528323661267,7.389056098930651,0.7305036759035217,0.7477126192759465,0.8,0.8,0.8,0.8,0.334,0.0192
1.0,34,0.05,estimated_ratio,471862,9399,10000,0.9399,1.2860972563743591,1.2823160886764526,0.0,182.06469755199566,6.877285616830571,1.3214675546475358,0.0014088108255910783,0.0051626511882535905,1.8219362113675069e-06,0.03817785967146411,0.9952303366812782,0.13582452665262787,7.321761088919389,0.9350706252345946,0.9443915329988839,0.95,0.9485911891744089,0.9448373488117464,0.9118221403285358,0.334,0.0192
1.0,34,0.1,estimated_ratio,471862,9010,10000,0.901,1.2427235993146897,1.2334575653076172,0.0,182.06469755199566,6.877285616830571,1.3214675546475358,0.0014088108255910783,0.0051626511882535905,1.8219362113675069e-06,0.03817785967146411,0.9952303366812782,0.13582452665262787,7.321761088919389,0.8949914473662954,0.906700585940422,0.9,0.8985911891744089,0.8948373488117465,0.8618221403285359,0.334,0.0192
1.0,34,0.2,estimated_ratio,471862,7392,10000,0.7392,1.0447626911878585,1.0421744585037231,0.0,182.06469755199566,6.877285616830571,1.3214675546475358,0.0014088108255910783,0.0051626511882535905,1.8219362113675069e-06,0.03817785967146411,0.9952303366812782,0.13582452665262787,7.321761088919389,0.7305036759035217,0.7477126192759465,0.8,0.798591189174409,0.7948373488117465,0.7618221403285359,0.334,0.0192
1.0,34,0.05,estimated_ratio_clipped,471862,9301,10000,0.9301,1.2820952087640762,1.2823160886764526,0.0,195.304635388359,5.0,1.2490408669009567,0.031180276750160423,0.04149984072149399,0.000410852864473661,0.5733081994694728,0.958893147148038,0.13582452665262787,5.0,0.924935588026703,0.9349340965748412,0.95,0.9188197232498395,0.9085001592785059,0.3766918005305272,0.334,0.0192
1.0,34,0.1,estimated_ratio_clipped,471862,8515,10000,0.8515,1.2334575653076172,1.2334575653076172,0.0,195.304635388359,5.0,1.2490408669009567,0.031180276750160423,0.04149984072149399,0.000410852864473661,0.5733081994694728,0.958893147148038,0.13582452665262787,5.0,0.8443955232747883,0.8583345258706262,0.9,0.8688197232498396,0.858500159278506,0.32669180053052727,0.334,0.0192
1.0,34,0.2,estimated_ratio_clipped,471862,7392,10000,0.7392,1.0363531711101532,1.0344692468643188,0.0,195.304635388359,5.0,1.2490408669009567,0.031180276750160423,0.04149984072149399,0.000410852864473661,0.5733081994694728,0.958893147148038,0.13582452665262787,5.0,0.7305036759035217,0.7477126192759465,0.8,0.7688197232498396,0.758500159278506,0.2266918005305273,0.334,0.0192
1.0,35,0.05,unweighted,471863,8227,10000,0.8227,1.1766608953475952,1.1766608953475952,0.0,500.0,1.0,0.0,0.46417342872686507,0.9283468574537301,0.1438270458284751,10.726678734015486,1.0,1.0,1.0,0.8150909540527422,0.830061213398823,0.95,0.4858265712731349,0.02165314254626982,-9.776678734015487,0.32,0.0192
1.0,35,0.1,unweighted,471863,6962,10000,0.6962,1.0092549324035645,1.0092549324035645,0.0,500.0,1.0,0.0,0.46417342872686507,0.9283468574537301,0.1438270458284751,10.726678734015486,1.0,1.0,1.0,0.6871122532584677,0.7051370657808789,0.9,0.43582657127313496,-0.028346857453730112,-9.826678734015486,0.32,0.0192
1.0,35,0.2,unweighted,471863,4420,10000,0.442,0.8766467571258545,0.8766467571258545,0.0,500.0,1.0,0.0,0.46417342872686507,0.9283468574537301,0.1438270458284751,10.726678734015486,1.0,1.0,1.0,0.43229045202492355,0.45175409178607484,0.8,0.335826571273135,-0.1283468574537301,-9.926678734015486,0.32,0.0192
1.0,35,0.05,oracle_ratio,471863,9673,10000,0.9673,1.314821052980423,1.3149404525756836,0.0,176.97793293624594,7.235920578751015,1.351003694916256,4.336808689942018e-18,0.0,0.0,0.0,1.0,0.13533528323661267,7.389056098930651,0.9636308096203245,0.9706103055024411,0.95,0.95,0.95,0.95,0.32,0.0192
1.0,35,0.1,oracle_ratio,471863,9151,10000,0.9151,1.2739903926849363,1.2739903926849363,0.0,176.97793293624594,7.235920578751015,1.351003694916256,4.336808689942018e-18,0.0,0.0,0.0,1.0,0.13533528323661267,7.389056098930651,0.9094762628643873,0.9204049416882769,0.9,0.9,0.9,0.9,0.32,0.0192
1.0,35,0.2,oracle_ratio,471863,8126,10000,0.8126,1.1501529216766355,1.1501529216766355,0.0,176.97793293624594,7.235920578751015,1.351003694916256,4.336808689942018e-18,0.0,0.0,0.0,1.0,0.13533528323661267,7.389056098930651,0.8048320763139051,0.8201278479047479,0.8,0.8,0.8,0.8,0.32,0.0192
1.0,35,0.05,estimated_ratio,471863,9673,10000,0.9673,1.3149404525756836,1.3149404525756836,0.0,168.05639391582852,7.739227322561741,1.405415159146285,0.01571995597726924,0.03766797162498725,0.0001412698233306772,0.33617831379275753,1.0197561448279577,0.12546503577865978,7.908963593020578,0.9636308096203245,0.9706103055024411,0.95,0.9342800440227307,0.9123320283750127,0.6138216862072424,0.32,0.0192
1.0,35,0.1,estimated_ratio,471863,9151,10000,0.9151,1.2739903926849363,1.2739903926849363,0.0,168.05639391582852,7.739227322561741,1.405415159146285,0.01571995597726924,0.03766797162498725,0.0001412698233306772,0.33617831379275753,1.0197561448279577,0.12546503577865978,7.908963593020578,0.9094762628643873,0.9204049416882769,0.9,0.8842800440227307,0.8623320283750128,0.5638216862072425,0.32,0.0192
1.0,35,0.2,estimated_ratio,471863,8126,10000,0.8126,1.1501529216766355,1.1501529216766355,0.0,168.05639391582852,7.739227322561741,1.405415159146285,0.01571995597726924,0.03766797162498725,0.0001412698233306772,0.33617831379275753,1.0197561448279577,0.12546503577865978,7.908963593020578,0.8048320763139051,0.8201278479047479,0.8,0.7842800440227308,0.7623320283750128,0.4638216862072425,0.32,0.0192
1.0,35,0.05,estimated_ratio_clipped,471863,9673,10000,0.9673,1.3147417769908905,1.3149404525756836,0.0,188.0812668249066,5.0,1.2877986293123178,0.03507628392536471,0.061824374363638454,0.000521789640210442,0.6460895542944132,0.9676834664853993,0.12546503577865978,5.0,0.9636308096203245,0.9706103055024411,0.95,0.9149237160746353,0.8881756256363615,0.3039104457055868,0.32,0.0192
1.0,35,0.1,estimated_ratio_clipped,471863,9151,10000,0.9151,1.266070043182373,1.2739903926849363,0.0,188.0812668249066,5.0,1.2877986293123178,0.03507628392536471,0.061824374363638454,0.000521789640210442,0.6460895542944132,0.9676834664853993,0.12546503577865978,5.0,0.9094762628643873,0.9204049416882769,0.9,0.8649237160746354,0.8381756256363616,0.25391044570558685,0.32,0.0192
1.0,35,0.2,estimated_ratio_clipped,471863,7892,10000,0.7892,1.1320783829689025,1.1282352209091189,0.0,188.0812668249066,5.0,1.2877986293123178,0.03507628392536471,0.061824374363638454,0.000521789640210442,0.6460895542944132,0.9676834664853993,0.12546503577865978,5.0,0.781095475847267,0.7970824194951336,0.8,0.7649237160746354,0.7381756256363616,0.15391044570558687,0.32,0.0192
1.0,36,0.05,unweighted,471864,8188,10000,0.8188,1.1766608953475952,1.1766608953475952,0.0,500.0,1.0,0.0,0.46417342872686507,0.9283468574537301,0.1438270458284751,10.726678734015486,1.0,1.0,1.0,0.8111285745214286,0.8262265881174279,0.95,0.4858265712731349,0.02165314254626982,-9.776678734015487,0.318,0.0192
1.0,36,0.1,unweighted,471864,6703,10000,0.6703,0.9745562672615053,0.9745562672615052,0.0,500.0,1.0,0.0,0.46417342872686507,0.9283468574537301,0.1438270458284751,10.726678734015486,1.0,1.0,1.0,0.6610222702019481,0.6794469399529994,0.9,0.43582657127313496,-0.028346857453730112,-9.826678734015486,0.318,0.0192
1.0,36,0.2,unweighted,471864,5174,10000,0.5174,0.9118360280990598,0.91183602809906,0.0,500.0,1.0,0.0,0.46417342872686507,0.9283468574537301,0.1438270458284751,10.726678734015486,1.0,1.0,1.0,0.5076013126090176,0.5271853242476828,0.8,0.335826571273135,-0.1283468574537301,-9.926678734015486,0.318,0.0192
1.0,36,0.05,oracle_ratio,471864,9595,10000,0.9595,1.3144721415042877,1.314333438873291,0.0,175.0691939182741,7.235920578751015,1.3623559032119668,4.336808689942018e-18,0.0,0.0,0.0,1.0,0.13533528323661267,7.389056098930651,0.9554566141252407,0.9631904913721074,0.95,0.95,0.95,0.95,0.318,0.0192
1.0,36,0.1,oracle_ratio,471864,9319,10000,0.9319,1.280639573931694,1.279902100563049,0.0,175.0691939182741,7.235920578751015,1.3623559032119668,4.336808689942018e-18,0.0,0.0,0.0,1.0,0.13533528323661267,7.389056098930651,0.9267948231923746,0.9366734790150348,0.9,0.9,0.9,0.9,0.318,0.0192
1.0,36,0.2,oracle_ratio,471864,8342,10000,0.8342,1.2130867536067962,1.1966276168823242,0.0,175.0691939182741,7.235920578751015,1.3623559032119668,4.336808689942018e-18,0.0,0.0,0.0,1.0,0.13533528323661267,7.389056098930651,0.8267828117262211,0.8413605237628187,0.8,0.8,0.8,0.8,0.318,0.0192
1.0,36,0.05,estimated_ratio,471864,9595,10000,0.9595,1.3144115615367888,1.314333438873291,0.0,184.4846553306686,6.638842241495563,1.3077662287648613,0.016554293902685313,0.04571907008806748,0.00016801308599856843,0.3666203333134358,0.9653450647780883,0.1439655604576888,6.7740651364508295,0.9554566141252407,0.9631904913721074,0.95,0.9334457060973147,0.9042809299119324,0.5833796666865642,0.318,0.0192
1.0,36,0.1,estimated_ratio,471864,9221,10000,0.9221,1.2801637768745422,1.279902100563049,0.0,184.4846553306686,6.638842241495563,1.3077662287648613,0.016554293902685313,0.04571907008806748,0.00016801308599856843,0.3666203333134358,0.9653450647780883,0.1439655604576888,6.7740651364508295,0.9166834414025443,0.9271923871729305,0.9,0.8834457060973147,0.8542809299119325,0.5333796666865642,0.318,0.0192
1.0,36,0.2,estimated_ratio,471864,8188,10000,0.8188,1.1735130998969079,1.1766608953475952,0.0,184.4846553306686,6.638842241495563,1.3077662287648613,0.016554293902685313,0.04571907008806748,0.00016801308599856843,0.3666203333134358,0.9653450647780883,0.1439655604576888,6.7740651364508295,0.8111285745214286,0.8262265881174279,0.8,0.7834457060973148,0.7542809299119325,0.43337966668656425,0.318,0.0192
1.0,36,0.05,estimated_ratio_clipped,471864,9595,10000,0.9595,1.3101459519863128,1.314333438873291,0.0,192.89649053846858,5.0,1.2617700847419242,0.02984841100193087,0.0689131474243792,0.000535050938817578,0.6542482335123743,0.9421509874417766,0.1439655604576888,5.0,0.9554566141252407,0.9631904913721074,0.95,0.920151588998069,0.8810868525756208,0.2957517664876257,0.318,0.0192
1.0,36,0.1,estimated_ratio_clipped,471864,9221,10000,0.9221,1.279902100563049,1.279902100563049,0.0,192.89649053846858,5.0,1.2617700847419242,0.02984841100193087,0.0689131474243792,0.000535050938817578,0.6542482335123743,0.9421509874417766,0.1439655604576888,5.0,0.9166834414025443,0.9271923871729305,0.9,0.8701515889980691,0.8310868525756208,0.24575176648762576,0.318,0.0192
1.0,36,0.2,estimated_ratio_clipped,471864,8103,10000,0.8103,1.1455480090141297,1.1369203329086304,0.0,192.89649053846858,5.0,1.2617700847419242,0.02984841100193087,0.0689131474243792,0.000535050938817578,0.6542482335123743,0.9421509874417766,0.1439655604576888,5.0,0.8024970904401808,0.8178646001709774,0.8,0.7701515889980691,0.7310868525756209,0.14575176648762578,0.318,0.0192
1.0,37,0.05,unweighted,471865,8183,10000,0.8183,1.1766608953475952,1.1766608953475952,0.0,500.0,1.0,0.0,0.46417342872686507,0.9283468574537301,0.1438270458284751,10.726678734015486,1.0,1.0,1.0,0.8106206720657844,0.8257348745714429,0.95,0.4858265712731349,0.02165314254626982,-9.776678734015487,0.33,0.0192
1.0,37,0.1,unweighted,471865,7161,10000,0.7161,1.031848669052124,1.031848669052124,0.0,500.0,1.0,0.0,0.46417342872686507,0.9283468574537301,0.1438270458284751,10.726678734015486,1.0,1.0,1.0,0.707181065364088,0.7248529705401054,0.9,0.43582657127313496,-0.028346857453730112,-9.826678734015486,0.33,0.0192
1.0,37,0.2,unweighted,471865,4633,10000,0.4633,0.8914327621459961,0.8914327621459961,0.0,500.0,1.0,0.0,0.46417342872686507,0.9283468574537301,0.1438270458284751,10.726678734015486,1.0,1.0,1.0,0.45354257352828,0.4730856119521275,0.8,0.335826571273135,-0.1283468574537301,-9.926678734015486,0.33,0.0192
1.0,37,0.05,oracle_ratio,471865,9791,10000,0.9791,1.3194275651335716,1.3149404525756836,0.0,175.64511886345068,7.389056098930651,1.3589146363176405,4.336808689942018e-18,0.0,0.0,0.0,1.0,0.13533528323661267,7.389056098930651,0.9761068133392968,0.9817252394219208,0.95,0.95,0.95,0.95,0.33,0.0192
1.0,37,0.1,oracle_ratio,471865,9399,10000,0.9399,1.2983108758926392,1.2983108758926392,0.0,175.64511886345068,7.389056098930651,1.3589146363176405,4.336808689942018e-18,0.0,0.0,0.0,1.0,0.13533528323661267,7.389056098930651,0.9350706252345946,0.9443915329988839,0.9,0.9,0.9,0.9,0.33,0.0192
1.0,37,0.2,oracle_ratio,471865,8748,10000,0.8748,1.2404396386981011,1.2339407205581665,0.0,175.64511886345068,7.389056098930651,1.3589146363176405,4.336808689942018e-18,0.0,0.0,0.0,1.0,0.13533528323661267,7.389056098930651,0.8681693124311033,0.8811428423902375,0.8,0.8,0.8,0.8,0.33,0.0192
1.0,37,0.05,estimated_ratio,471865,9791,10000,0.9791,1.3190305781006813,1.3149404525756836,0.0,178.414813235732,7.152119360960664,1.3425564733525668,0.004890255899078304,0.018419840019353376,2.3592887149594326e-05,0.1373838044300545,0.9827418015177062,0.13691568101134513,7.152119360960664,0.9761068133392968,0.9817252394219208,0.95,0.9451097441009216,0.9315801599806466,0.8126161955699455,0.33,0.0192
1.0,37,0.1,estimated_ratio,471865,9399,10000,0.9399,1.2983108758926392,1.2983108758926392,0.0,178.414813235732,7.152119360960664,1.3425564733525668,0.004890255899078304,0.018419840019353376,2.3592887149594326e-05,0.1373838044300545,0.9827418015177062,0.13691568101134513,7.152119360960664,0.9350706252345946,0.9443915329988839,0.9,0.8951097441009217,0.8815801599806466,0.7626161955699455,0.33,0.0192
1.0,37,0.2,estimated_ratio,471865,8748,10000,0.8748,1.2375615199208259,1.2339407205581665,0.0,178.414813235732,7.152119360960664,1.3425564733525668,0.004890255899078304,0.018419840019353376,2.3592887149594326e-05,0.1373838044300545,0.9827418015177062,0.13691568101134513,7.152119360960664,0.8681693124311033,0.8811428423902375,0.8,0.7951097441009217,0.7815801599806467,0.6626161955699456,0.33,0.0192
1.0,37,0.05,estimated_ratio_clipped,471865,9666,10000,0.9666,1.314669845867157,1.3149404525756836,0.0,193.75308899267057,5.0,1.2572207515927207,0.029835769281408287,0.05040524807705832,0.0004265794769242777,0.5841776968863346,0.9507563934600013,0.13691568101134513,5.0,0.9628953085895608,0.9699463441309237,0.95,0.9201642307185917,0.8995947519229417,0.36582230311366537,0.33,0.0192
1.0,37,0.1,estimated_ratio_clipped,471865,9399,10000,0.9399,1.2890578914880753,1.2823160886764526,0.0,193.75308899267057,5.0,1.2572207515927207,0.029835769281408287,0.05040524807705832,0.0004265794769242777,0.5841776968863346,0.9507563934600013,0.13691568101134513,5.0,0.9350706252345946,0.9443915329988839,0.9,0.8701642307185917,0.8495947519229416,0.31582230311366544,0.33,0.0192
1.0,37,0.2,estimated_ratio_clipped,471865,8126,10000,0.8126,1.1836993397831916,1.1766608953475952,0.0,193.75308899267057,5.0,1.2572207515927207,0.029835769281408287,0.05040524807705832,0.0004265794769242777,0.5841776968863346,0.9507563934600013,0.13691568101134513,5.0,0.8048320763139051,0.8201278479047479,0.8,0.7701642307185917,0.7495947519229418,0.21582230311366546,0.33,0.0192
1.0,38,0.05,unweighted,471866,8379,10000,0.8379,1.2281887531280518,1.2281887531280518,0.0,500.0,1.0,0.0,0.46417342872686507,0.9283468574537301,0.1438270458284751,10.726678734015486,1.0,1.0,1.0,0.8305471677516687,0.844993326149428,0.95,0.4858265712731349,0.02165314254626982,-9.776678734015487,0.312,0.0192
1.0,38,0.1,unweighted,471866,7164,10000,0.7164,1.0256803035736084,1.0256803035736084,0.0,500.0,1.0,0.0,0.46417342872686507,0.9283468574537301,0.1438270458284751,10.726678734015486,1.0,1.0,1.0,0.7074837689099907,0.7251500365951806,0.9,0.43582657127313496,-0.028346857453730112,-9.826678734015486,0.312,0.0192
1.0,38,0.2,unweighted,471866,4126,10000,0.4126,0.8709402084350586,0.8709402084350586,0.0,500.0,1.0,0.0,0.46417342872686507,0.9283468574537301,0.1438270458284751,10.726678734015486,1.0,1.0,1.0,0.40298641433284593,0.4222807085823483,0.8,0.335826571273135,-0.1283468574537301,-9.926678734015486,0.312,0.0192
1.0,38,0.05,oracle_ratio,471866,9676,10000,0.9676,1.31452853307724,1.314333438873291,0.0,165.8815666444263,7.389056098930651,1.4192246773243813,4.336808689942018e-18,0.0,0.0,0.0,1.0,0.13533528323661267,7.389056098930651,0.9639461536539876,0.9708947310697557,0.95,0.95,0.95,0.95,0.312,0.0192
1.0,38,0.1,oracle_ratio,471866,9310,10000,0.931,1.282256028699875,1.2823160886764526,0.0,165.8815666444263,7.389056098930651,1.4192246773243813,4.336808689942018e-18,0.0,0.0,0.0,1.0,0.13533528323661267,7.389056098930651,0.9258650839929272,0.9358039094115496,0.9,0.9,0.9,0.9,0.312,0.0192
1.0,38,0.2,oracle_ratio,471866,8650,10000,0.865,1.245755910873413,1.245755910873413,0.0,165.8815666444263,7.389056098930651,1.4192246773243813,4.336808689942018e-18,0.0,0.0,0.0,1.0,0.13533528323661267,7.389056098930651,0.8581620010628351,0.8715576801265709,0.8,0.8,0.8,0.8,0.312,0.0192
1.0,38,0.05,estimated_ratio,471866,9676,10000,0.9676,1.3145132363319396,1.314333438873291,0.0,168.34768515578844,7.207739967390191,1.4035824908657124,0.0041841791957303275,0.013582917976011175,1.3077216722748766e-05,0.1022828107660276,0.9882122646097037,0.1371046210884405,7.207739967390191,0.9639461536539876,0.9708947310697557,0.95,0.9458158208042696,0.9364170820239888,0.8477171892339723,0.312,0.0192
1.0,38,0.1,estimated_ratio,471866,9310,10000,0.931,1.2814762622117997,1.2823160886764526,0.0,168.34768515578844,7.207739967390191,1.4035824908657124,0.0041841791957303275,0.013582917976011175,1.3077216722748766e-05,0.1022828107660276,0.9882122646097037,0.1371046210884405,7.207739967390191,0.9258650839929272,0.9358039094115496,0.9,0.8958158208042697,0.8864170820239888,0.7977171892339724,0.312,0.0192
1.0,38,0.2,estimated_ratio,471866,8650,10000,0.865,1.245755910873413,1.245755910873413,0.0,168.34768515578844,7.207739967390191,1.4035824908657124,0.0041841791957303275,0.013582917976011175,1.3077216722748766e-05,0.1022828107660276,0.9882122646097037,0.1371046210884405,7.207739967390191,0.8581620010628351,0.8715576801265709,0.8,0.7958158208042697,0.7864170820239889,0.6977171892339724,0.312,0.0192
1.0,38,0.05,estimated_ratio_clipped,471866,9586,10000,0.9586,1.314333438873291,1.314333438873291,0.0,186.32030506021678,5.0,1.2975171598628532,0.03050416745364183,0.047011079354074184,0.0004188533633751847,0.5788632746168544,0.9547841032316406,0.1371046210884405,5.0,0.9545161641583557,0.9623316325360596,0.95,0.9194958325463581,0.9029889206459257,0.37113672538314557,0.312,0.0192
1.0,38,0.1,estimated_ratio_clipped,471866,9310,10000,0.931,1.2807576179504394,1.279902100563049,0.0,186.32030506021678,5.0,1.2975171598628532,0.03050416745364183,0.047011079354074184,0.0004188533633751847,0.5788632746168544,0.9547841032316406,0.1371046210884405,5.0,0.9258650839929272,0.9358039094115496,0.9,0.8694958325463582,0.8529889206459258,0.32113672538314564,0.312,0.0192
1.0,38,0.2,estimated_ratio_clipped,471866,8541,10000,0.8541,1.2339407205581665,1.2339407205581665,0.0,186.32030506021678,5.0,1.2975171598628532,0.03050416745364183,0.047011079354074184,0.0004188533633751847,0.5788632746168544,0.9547841032316406,0.1371046210884405,5.0,0.8470452292580152,0.8608828230958715,0.8,0.7694958325463582,0.7529889206459258,0.22113672538314566,0.312,0.0192
1.0,39,0.05,unweighted,471867,8270,10000,0.827,1.1966276168823242,1.1966276168823242,0.0,500.0,1.0,0.0,0.46417342872686507,0.9283468574537301,0.1438270458284751,10.726678734015486,1.0,1.0,1.0,0.8194612821849343,0.8342875828806431,0.95,0.4858265712731349,0.02165314254626982,-9.776678734015487,0.322,0.0192
1.0,39,0.1,unweighted,471867,7163,10000,0.7163,1.031848669052124,1.031848669052124,0.0,500.0,1.0,0.0,0.46417342872686507,0.9283468574537301,0.1438270458284751,10.726678734015486,1.0,1.0,1.0,0.7073828671935786,0.7250510151112669,0.9,0.43582657127313496,-0.028346857453730112,-9.826678734015486,0.322,0.0192
1.0,39,0.2,unweighted,471867,5083,10000,0.5083,0.9118086695671082,0.9118086695671082,0.0,500.0,1.0,0.0,0.46417342872686507,0.9283468574537301,0.1438270458284751,10.726678734015486,1.0,1.0,1.0,0.49850022416340894,0.5180934014636378,0.8,0.335826571273135,-0.1283468574537301,-9.926678734015486,0.322,0.0192
1.0,39,0.05,oracle_ratio,471867,9679,10000,0.9679,1.3145123258113862,1.314333438873291,0.0,171.01982909400482,7.235920578751015,1.3869526251106046,4.336808689942018e-18,0.0,0.0,0.0,1.0,0.13533528323661267,7.389056098930651,0.9642615767715146,0.9711790775532061,0.95,0.95,0.95,0.95,0.322,0.0192
1.0,39,0.1,oracle_ratio,471867,9105,10000,0.9105,1.2757822313427922,1.2739903926849363,0.0,171.01982909400482,7.235920578751015,1.3869526251106046,4.336808689942018e-18,0.0,0.0,0.0,1.0,0.13533528323661267,7.389056098930651,0.9047462290294601,0.9159385083082143,0.9,0.9,0.9,0.9,0.322,0.0192
1.0,39,0.2,oracle_ratio,471867,8494,10000,0.8494,1.2335856014490127,1.2334575653076172,0.0,171.01982909400482,7.235920578751015,1.3869526251106046,4.336808689942018e-18,0.0,0.0,0.0,1.0,0.13533528323661267,7.389056098930651,0.8422559140891551,0.8562757478494162,0.8,0.8,0.8,0.8,0.322,0.0192
1.0,39,0.05,estimated_ratio,471867,9585,10000,0.9585,1.3144241267204284,1.314333438873291,0.0,183.95706582497598,6.43914455672341,1.3107347263029552,0.022657164006498125,0.06136713543117294,0.0003115371527169817,0.49922912792983676,0.9541928960003083,0.1473699515565614,6.5684358143540456,0.9544117008827055,0.9622361726113839,0.95,0.9273428359935019,0.8886328645688271,0.4507708720701632,0.322,0.0192
1.0,39,0.1,estimated_ratio,471867,9105,10000,0.9105,1.2741878437280654,1.2739903926849363,0.0,183.95706582497598,6.43914455672341,1.3107347263029552,0.022657164006498125,0.06136713543117294,0.0003115371527169817,0.49922912792983676,0.9541928960003083,0.1473699515565614,6.5684358143540456,0.9047462290294601,0.9159385083082143,0.9,0.8773428359935019,0.8386328645688271,0.40077087207016326,0.322,0.0192
1.0,39,0.2,estimated_ratio,471867,8453,10000,0.8453,1.2173127615332604,1.2281887531280518,0.0,183.95706582497598,6.43914455672341,1.3107347263029552,0.022657164006498125,0.06136713543117294,0.0003115371527169817,0.49922912792983676,0.9541928960003083,0.1473699515565614,6.5684358143540456,0.838079934324594,0.8522548764006167,0.8,0.777342835993502,0.7386328645688272,0.3007708720701633,0.322,0.0192
1.0,39,0.05,estimated_ratio_clipped,471867,9585,10000,0.9585,1.3093833340168,1.314333438873291,0.0,194.6489299082325,5.0,1.252488401691641,0.03270643612939253,0.08019646106028921,0.0006464601511579299,0.7191440195999296,0.9353635703711921,0.1473699515565614,5.0,0.9544117008827055,0.9622361726113839,0.95,0.9172935638706075,0.8698035389397107,0.23085598040007038,0.322,0.0192
1.0,39,0.1,estimated_ratio_clipped,471867,9105,10000,0.9105,1.2622165461063386,1.255275011062622,0.0,194.6489299082325,5.0,1.252488401691641,0.03270643612939253,0.08019646106028921,0.0006464601511579299,0.7191440195999296,0.9353635703711921,0.1473699515565614,5.0,0.9047462290294601,0.9159385083082143,0.9,0.8672935638706075,0.8198035389397108,0.18085598040007045,0.322,0.0192
1.0,39,0.2,estimated_ratio_clipped,471867,8270,10000,0.827,1.1966276168823242,1.1966276168823242,0.0,194.6489299082325,5.0,1.252488401691641,0.03270643612939253,0.08019646106028921,0.0006464601511579299,0.7191440195999296,0.9353635703711921,0.1473699515565614,5.0,0.8194612821849343,0.8342875828806431,0.8,0.7672935638706075,0.7198035389397108,0.08085598040007047,0.322,0.0192
1.0,40,0.05,unweighted,471868,8303,10000,0.8303,1.1966276168823242,1.1966276168823242,0.0,500.0,1.0,0.0,0.46417342872686507,0.9283468574537301,0.1438270458284751,10.726678734015486,1.0,1.0,1.0,0.8228163867702961,0.837529943906035,0.95,0.4858265712731349,0.02165314254626982,-9.776678734015487,0.334,0.0192
1.0,40,0.1,unweighted,471868,7434,10000,0.7434,1.0421744585037231,1.0421744585037231,0.0,500.0,1.0,0.0,0.46417342872686507,0.9283468574537301,0.1438270458284751,10.726678734015486,1.0,1.0,1.0,0.7347473936071636,0.751865675985991,0.9,0.43582657127313496,-0.028346857453730112,-9.826678734015486,0.334,0.0192
1.0,40,0.2,unweighted,471868,5737,10000,0.5737,0.9290723204612732,0.9290723204612732,0.0,500.0,1.0,0.0,0.46417342872686507,0.9283468574537301,0.1438270458284751,10.726678734015486,1.0,1.0,1.0,0.5639807430469566,0.5833626555932057,0.8,0.335826571273135,-0.1283468574537301,-9.926678734015486,0.334,0.0192
1.0,40,0.05,oracle_ratio,471868,9620,10000,0.962,1.3086056134223938,1.314333438873291,0.0,185.6247349441226,7.389056098930651,1.301386391442458,4.336808689942018e-18,0.0,0.0,0.0,1.0,0.13533528323661267,7.389056098930651,0.9580717371477112,0.9655734483577836,0.95,0.95,0.95,0.95,0.334,0.0192
1.0,40,0.1,oracle_ratio,471868,9259,10000,0.9259,1.278638742041588,1.279902100563049,0.0,185.6247349441226,7.389056098930651,1.301386391442458,4.336808689942018e-18,0.0,0.0,0.0,1.0,0.13533528323661267,7.389056098930651,0.920601032607926,0.9308718775799315,0.9,0.9,0.9,0.9,0.334,0.0192
1.0,40,0.2,oracle_ratio,471868,8531,10000,0.8531,1.223490715742111,1.2281887531280518,0.0,185.6247349441226,7.389056098930651,1.301386391442458,4.336808689942018e-18,0.0,0.0,0.0,1.0,0.13533528323661267,7.389056098930651,0.8460260234627479,0.8599027968878801,0.8,0.8,0.8,0.8,0.334,0.0192
1.0,40,0.05,estimated_ratio,471868,9620,10000,0.962,1.3041616308569908,1.3028135299682615,0.0,191.00761592457323,6.912018199267592,1.271887050493331,0.009314244802227735,0.038371981869579616,0.00010545801072013952,0.2904589619483475,0.9629331791779989,0.13769058655844588,6.912018199267592,0.9580717371477112,0.9655734483577836,0.95,0.9406857551977722,0.9116280181304204,0.6595410380516524,0.334,0.0192
1.0,40,0.1,estimated_ratio,471868,9259,10000,0.9259,1.2724275961399079,1.279902100563049,0.0,191.00761592457323,6.912018199267592,1.271887050493331,0.009314244802227735,0.038371981869579616,0.00010545801072013952,0.2904589619483475,0.9629331791779989,0.13769058655844588,6.912018199267592,0.920601032607926,0.9308718775799315,0.9,0.8906857551977723,0.8616280181304204,0.6095410380516525,0.334,0.0192
1.0,40,0.2,estimated_ratio,471868,8484,10000,0.8484,1.2106432359695434,1.20262348651886,0.0,191.00761592457323,6.912018199267592,1.271887050493331,0.009314244802227735,0.038371981869579616,0.00010545801072013952,0.2904589619483475,0.9629331791779989,0.13769058655844588,6.912018199267592,0.8412372188917239,0.8552952110435887,0.8,0.7906857551977723,0.7616280181304205,0.5095410380516525,0.334,0.0192
1.0,40,0.05,estimated_ratio_clipped,471868,9620,10000,0.962,1.3040119995355606,1.3028135299682615,0.0,201.9954813448847,5.0,1.214620474155647,0.027576780496220504,0.06449681958663983,0.0004883748725343807,0.625059915550105,0.9368083414609386,0.13769058655844588,5.0,0.9580717371477112,0.9655734483577836,0.95,0.9224232195037795,0.8855031804133602,0.324940084449895,0.334,0.0192
1.0,40,0.1,estimated_ratio_clipped,471868,9259,10000,0.9259,1.2741289482951164,1.279902100563049,0.0,201.9954813448847,5.0,1.214620474155647,0.027576780496220504,0.06449681958663983,0.0004883748725343807,0.625059915550105,0.9368083414609386,0.13769058655844588,5.0,0.920601032607926,0.9308718775799315,0.9,0.8724232195037795,0.8355031804133601,0.27494008444989504,0.334,0.0192
1.0,40,0.2,estimated_ratio_clipped,471868,8199,10000,0.8199,1.1838947460055351,1.1766608953475952,0.0,201.9954813448847,5.0,1.214620474155647,0.027576780496220504,0.06449681958663983,0.0004883748725343807,0.625059915550105,0.9368083414609386,0.13769058655844588,5.0,0.8122460353995777,0.8273082824428633,0.8,0.7724232195037796,0.7355031804133603,0.17494008444989506,0.334,0.0192
1.0,41,0.05,unweighted,471869,7925,10000,0.7925,1.135647535324097,1.135647535324097,0.0,500.0,1.0,0.0,0.46417342872686507,0.9283468574537301,0.1438270458284751,10.726678734015486,1.0,1.0,1.0,0.7844404326672224,0.8003349282859317,0.95,0.4858265712731349,0.02165314254626982,-9.776678734015487,0.332,0.0192
1.0,41,0.1,unweighted,471869,6375,10000,0.6375,0.9646281003952026,0.9646281003952026,0.0,500.0,1.0,0.0,0.46417342872686507,0.9283468574537301,0.1438270458284751,10.726678734015486,1.0,1.0,1.0,0.628026881158847,0.6468675192892168,0.9,0.43582657127313496,-0.028346857453730112,-9.826678734015486,0.332,0.0192
1.0,41,0.2,unweighted,471869,4405,10000,0.4405,0.876076877117157,0.876076877117157,0.0,500.0,1.0,0.0,0.46417342872686507,0.9283468574537301,0.1438270458284751,10.726678734015486,1.0,1.0,1.0,0.4307945045464484,0.45025119125966195,0.8,0.335826571273135,-0.1283468574537301,-9.926678734015486,0.332,0.0192
1.0,41,0.05,oracle_ratio,471869,9584,10000,0.9584,1.3092946307182312,1.314333438873291,0.0,172.3685506729391,7.389056098930651,1.3786809556306927,4.336808689942018e-18,0.0,0.0,0.0,1.0,0.13533528323661267,7.389056098930651,0.9543072437610572,0.9621407065327064,0.95,0.95,0.95,0.95,0.332,0.0192
1.0,41,0.1,oracle_ratio,471869,9140,10000,0.914,1.2653393154144288,1.257892370223999,0.0,172.3685506729391,7.389056098930651,1.3786809556306927,4.336808689942018e-18,0.0,0.0,0.0,1.0,0.13533528323661267,7.389056098930651,0.9083447458349277,0.919337303514152,0.9,0.9,0.9,0.9,0.332,0.0192
1.0,41,0.2,oracle_ratio,471869,8078,10000,0.8078,1.1477922278404236,1.1501529216766355,0.0,172.3685506729391,7.389056098930651,1.3786809556306927,4.336808689942018e-18,0.0,0.0,0.0,1.0,0.13533528323661267,7.389056098930651,0.7999595495132422,0.8154040610897691,0.8,0.8,0.8,0.8,0.332,0.0192
1.0,41,0.05,estimated_ratio,471869,9584,10000,0.9584,1.3091517838478088,1.314333438873291,0.0,173.0975972214727,7.334099799096261,1.374243010007836,0.0012985965551817898,0.0040727934731933195,1.1794439036650994e-06,0.030717342380682598,0.9965667368274767,0.13591779407027801,7.334099799096261,0.9543072437610572,0.9621407065327064,0.95,0.9487014034448181,0.9459272065268066,0.9192826576193174,0.332,0.0192
1.0,41,0.1,estimated_ratio,471869,9140,10000,0.914,1.2649915981292725,1.257892370223999,0.0,173.0975972214727,7.334099799096261,1.374243010007836,0.0012985965551817898,0.0040727934731933195,1.1794439036650994e-06,0.030717342380682598,0.9965667368274767,0.13591779407027801,7.334099799096261,0.9083447458349277,0.919337303514152,0.9,0.8987014034448182,0.8959272065268067,0.8692826576193174,0.332,0.0192
1.0,41,0.2,estimated_ratio,471869,8078,10000,0.8078,1.1466674577951432,1.1501529216766355,0.0,173.0975972214727,7.334099799096261,1.374243010007836,0.0012985965551817898,0.0040727934731933195,1.1794439036650994e-06,0.030717342380682598,0.9965667368274767,0.13591779407027801,7.334099799096261,0.7999595495132422,0.8154040610897691,0.8,0.7987014034448182,0.7959272065268067,0.7692826576193175,0.332,0.0192
1.0,41,0.05,estimated_ratio_clipped,471869,9584,10000,0.9584,1.305654339504242,1.3028135299682615,0.0,190.42514428406287,5.0,1.2750308501809893,0.031343572452023856,0.040748647902761254,0.0004103953446750998,0.5729888966987753,0.9598908823979087,0.13591779407027801,5.0,0.9543072437610572,0.9621407065327064,0.95,0.918656427547976,0.9092513520972387,0.37701110330122467,0.332,0.0192
1.0,41,0.1,estimated_ratio_clipped,471869,9016,10000,0.9016,1.257892370223999,1.257892370223999,0.0,190.42514428406287,5.0,1.2750308501809893,0.031343572452023856,0.040748647902761254,0.0004103953446750998,0.5729888966987753,0.9598908823979087,0.13591779407027801,5.0,0.8956070248882629,0.9072845476204096,0.9,0.8686564275479761,0.8592513520972388,0.32701110330122474,0.332,0.0192
1.0,41,0.2,estimated_ratio_clipped,471869,7813,10000,0.7813,1.1277770416975021,1.1275087594985962,0.0,190.42514428406287,5.0,1.2750308501809893,0.031343572452023856,0.040748647902761254,0.0004103953446750998,0.5729888966987753,0.9598908823979087,0.13591779407027801,5.0,0.7730910190509389,0.7892929434657184,0.8,0.7686564275479761,0.7592513520972388,0.22701110330122476,0.332,0.0192
1.0,42,0.05,unweighted,471870,8383,10000,0.8383,1.2281887531280518,1.2281887531280518,0.0,500.0,1.0,0.0,0.46417342872686507,0.9283468574537301,0.1438270458284751,10.726678734015486,1.0,1.0,1.0,0.8309542046936925,0.8453859820087078,0.95,0.4858265712731349,0.02165314254626982,-9.776678734015487,0.328,0.0192
1.0,42,0.1,unweighted,471870,7210,10000,0.721,1.031848669052124,1.031848669052124,0.0,500.0,1.0,0.0,0.46417342872686507,0.9283468574537301,0.1438270458284751,10.726678734015486,1.0,1.0,1.0,0.7121258286464824,0.7297044440736784,0.9,0.43582657127313496,-0.028346857453730112,-9.826678734015486,0.328,0.0192
1.0,42,0.2,unweighted,471870,5455,10000,0.5455,0.9207746982574465,0.9207746982574464,0.0,500.0,1.0,0.0,0.46417342872686507,0.9283468574537301,0.1438270458284751,10.726678734015486,1.0,1.0,1.0,0.5357252269457253,0.5552398292025431,0.8,0.335826571273135,-0.1283468574537301,-9.926678734015486,0.328,0.0192
1.0,42,0.05,oracle_ratio,471870,10000,10000,1.0,1.3707729663848878,1.363731861114502,0.0,174.54298556153495,7.235920578751015,1.36551230462015,4.336808689942018e-18,0.0,0.0,0.0,1.0,0.13533528323661267,7.389056098930651,0.9996160016293234,1.0,0.95,0.95,0.95,0.95,0.328,0.0192
1.0,42,0.1,oracle_ratio,471870,9580,10000,0.958,1.3143914086818695,1.314333438873291,0.0,174.54298556153495,7.235920578751015,1.36551230462015,4.336808689942018e-18,0.0,0.0,0.0,1.0,0.13533528323661267,7.389056098930651,0.9538894763930422,0.9617587810994178,0.9,0.9,0.9,0.9,0.328,0.0192
1.0,42,0.2,oracle_ratio,471870,8684,10000,0.8684,1.245755910873413,1.245755910873413,0.0,174.54298556153495,7.235920578751015,1.36551230462015,4.336808689942018e-18,0.0,0.0,0.0,1.0,0.13533528323661267,7.389056098930651,0.8616325332567527,0.8748845367437326,0.8,0.8,0.8,0.8,0.328,0.0192
1.0,42,0.05,estimated_ratio,471870,10000,10000,1.0,1.369521005153656,1.363731861114502,0.0,175.63882170904162,7.213939896140298,1.3589521880151696,0.002089603626513617,0.004457672733571012,6.126915170779965e-06,0.07001094297768008,1.0033447201877195,0.13748702476438757,7.365880719336766,0.9996160016293234,1.0,0.95,0.9479103963734863,0.945542327266429,0.8799890570223199,0.328,0.0192
1.0,42,0.1,estimated_ratio,471870,9580,10000,0.958,1.31437884349823,1.314333438873291,0.0,175.63882170904162,7.213939896140298,1.3589521880151696,0.002089603626513617,0.004457672733571012,6.126915170779965e-06,0.07001094297768008,1.0033447201877195,0.13748702476438757,7.365880719336766,0.9538894763930422,0.9617587810994178,0.9,0.8979103963734864,0.895542327266429,0.82998905702232,0.328,0.0192
1.0,42,0.2,estimated_ratio,471870,8684,10000,0.8684,1.245755910873413,1.245755910873413,0.0,175.63882170904162,7.213939896140298,1.3589521880151696,0.002089603626513617,0.004457672733571012,6.126915170779965e-06,0.07001094297768008,1.0033447201877195,0.13748702476438757,7.365880719336766,0.8616325332567527,0.8748845367437326,0.8,0.7979103963734864,0.795542327266429,0.72998905702232,0.328,0.0192
1.0,42,0.05,estimated_ratio_clipped,471870,9872,10000,0.9872,1.342748819577694,1.329429030418396,0.0,192.63785643750077,5.0,1.2631483806557613,0.032288402344132223,0.042097599791503605,0.00041565323166636143,0.5766477133684734,0.9657047931297869,0.13748702476438757,5.0,0.9848021999837809,0.9892236320038316,0.95,0.9177115976558677,0.9079024002084963,0.37335228663152653,0.328,0.0192
1.0,42,0.1,estimated_ratio_clipped,471870,9580,10000,0.958,1.309459365415573,1.314333438873291,0.0,192.63785643750077,5.0,1.2631483806557613,0.032288402344132223,0.042097599791503605,0.00041565323166636143,0.5766477133684734,0.9657047931297869,0.13748702476438757,5.0,0.9538894763930422,0.9617587810994178,0.9,0.8677115976558678,0.8579024002084964,0.3233522866315266,0.328,0.0192
1.0,42,0.2,estimated_ratio_clipped,471870,8383,10000,0.8383,1.2272096034169198,1.2281887531280518,0.0,192.63785643750077,5.0,1.2631483806557613,0.032288402344132223,0.042097599791503605,0.00041565323166636143,0.5766477133684734,0.9657047931297869,0.13748702476438757,5.0,0.8309542046936925,0.8453859820087078,0.8,0.7677115976558678,0.7579024002084964,0.22335228663152662,0.328,0.0192
1.0,43,0.05,unweighted,471871,8208,10000,0.8208,1.1966276168823242,1.1966276168823242,0.0,500.0,1.0,0.0,0.46417342872686507,0.9283468574537301,0.1438270458284751,10.726678734015486,1.0,1.0,1.0,0.8131603991813168,0.8281932274640571,0.95,0.4858265712731349,0.02165314254626982,-9.776678734015487,0.332,0.0192
1.0,43,0.1,unweighted,471871,6882,10000,0.6882,1.0019125938415527,1.0019125938415527,0.0,500.0,1.0,0.0,0.46417342872686507,0.9283468574537301,0.1438270458284751,10.726678734015486,1.0,1.0,1.0,0.6790500729454414,0.6972053900678359,0.9,0.43582657127313496,-0.028346857453730112,-9.826678734015486,0.332,0.0192
1.0,43,0.2,unweighted,471871,5042,10000,0.5042,0.9049690365791319,0.904969036579132,0.0,500.0,1.0,0.0,0.46417342872686507,0.9283468574537301,0.1438270458284751,10.726678734015486,1.0,1.0,1.0,0.4944007945668631,0.5139959798468232,0.8,0.335826571273135,-0.1283468574537301,-9.926678734015486,0.332,0.0192
1.0,43,0.05,oracle_ratio,471871,9573,10000,0.9573,1.314412107849121,1.314333438873291,0.0,173.76758042536574,7.389056098930651,1.3701849141946143,4.336808689942018e-18,0.0,0.0,0.0,1.0,0.13533528323661267,7.389056098930651,0.95315861562209,0.9610901794680892,0.95,0.95,0.95,0.95,0.332,0.0192
1.0,43,0.1,oracle_ratio,471871,9308,10000,0.9308,1.280853694677353,1.279902100563049,0.0,173.76758042536574,7.389056098930651,1.3701849141946143,4.336808689942018e-18,0.0,0.0,0.0,1.0,0.13533528323661267,7.389056098930651,0.9256585084682405,0.9356106385355845,0.9,0.9,0.9,0.9,0.332,0.0192
1.0,43,0.2,oracle_ratio,471871,8043,10000,0.8043,1.1563528171777726,1.1501529216766355,0.0,173.76758042536574,7.389056098930651,1.3701849141946143,4.336808689942018e-18,0.0,0.0,0.0,1.0,0.13533528323661267,7.389056098930651,0.7964078308155667,0.8119584677760396,0.8,0.8,0.8,0.8,0.332,0.0192
1.0,43,0.05,estimated_ratio,471871,9573,10000,0.9573,1.314437420320511,1.314333438873291,0.0,169.34504604259277,7.6608769653571125,1.397337353276539,0.008501801255874377,0.019949247676535088,4.14105310687581e-05,0.18201215578912985,1.0099122113831738,0.1298616080360585,7.6608769653571125,0.95315861562209,0.9610901794680892,0.95,0.9414981987441255,0.9300507523234649,0.7679878442108701,0.332,0.0192
1.0,43,0.1,estimated_ratio,471871,9308,10000,0.9308,1.2811380624771118,1.2823160886764526,0.0,169.34504604259277,7.6608769653571125,1.397337353276539,0.008501801255874377,0.019949247676535088,4.14105310687581e-05,0.18201215578912985,1.0099122113831738,0.1298616080360585,7.6608769653571125,0.9256585084682405,0.9356106385355845,0.9,0.8914981987441256,0.880050752323465,0.7179878442108701,0.332,0.0192
1.0,43,0.2,estimated_ratio,471871,8043,10000,0.8043,1.1612429630160332,1.1501529216766355,0.0,169.34504604259277,7.6608769653571125,1.397337353276539,0.008501801255874377,0.019949247676535088,4.14105310687581e-05,0.18201215578912985,1.0099122113831738,0.1298616080360585,7.6608769653571125,0.7964078308155667,0.8119584677760396,0.8,0.7914981987441256,0.780050752323465,0.6179878442108702,0.332,0.0192
1.0,43,0.05,estimated_ratio_clipped,471871,9573,10000,0.9573,1.314333438873291,1.314333438873291,0.0,184.12349531124863,5.0,1.3097971963801063,0.032186908064183645,0.050947606905817316,0.0004430298445485096,0.5953350952520837,0.9646814895312468,0.1298616080360585,5.0,0.95315861562209,0.9610901794680892,0.95,0.9178130919358163,0.8990523930941826,0.35466490474791623,0.332,0.0192
1.0,43,0.1,estimated_ratio_clipped,471871,9199,10000,0.9199,1.2678979936361312,1.257892370223999,0.0,184.12349531124863,5.0,1.3097971963801063,0.032186908064183645,0.050947606905817316,0.0004430298445485096,0.5953350952520837,0.9646814895312468,0.1298616080360585,5.0,0.9144170553402478,0.9250604628280581,0.9,0.8678130919358163,0.8490523930941827,0.3046649047479163,0.332,0.0192
1.0,43,0.2,estimated_ratio_clipped,471871,8043,10000,0.8043,1.1501529216766355,1.1501529216766355,0.0,184.12349531124863,5.0,1.3097971963801063,0.032186908064183645,0.050947606905817316,0.0004430298445485096,0.5953350952520837,0.9646814895312468,0.1298616080360585,5.0,0.7964078308155667,0.8119584677760396,0.8,0.7678130919358164,0.7490523930941827,0.20466490474791632,0.332,0.0192
1.0,44,0.05,unweighted,471872,8213,10000,0.8213,1.1966276168823242,1.1966276168823242,0.0,500.0,1.0,0.0,0.46417342872686507,0.9283468574537301,0.1438270458284751,10.726678734015486,1.0,1.0,1.0,0.8136684094053396,0.8286848332416638,0.95,0.4858265712731349,0.02165314254626982,-9.776678734015487,0.338,0.0192
1.0,44,0.1,unweighted,471872,6921,10000,0.6921,1.0019125938415527,1.0019125938415527,0.0,500.0,1.0,0.0,0.46417342872686507,0.9283468574537301,0.1438270458284751,10.726678734015486,1.0,1.0,1.0,0.6829799877970232,0.701072480028963,0.9,0.43582657127313496,-0.028346857453730112,-9.826678734015486,0.338,0.0192
1.0,44,0.2,unweighted,471872,4613,10000,0.4613,0.8914327621459961,0.8914327621459961,0.0,500.0,1.0,0.0,0.46417342872686507,0.9283468574537301,0.1438270458284751,10.726678734015486,1.0,1.0,1.0,0.4515463038839154,0.4710834175899748,0.8,0.335826571273135,-0.1283468574537301,-9.926678734015486,0.338,0.0192
1.0,44,0.05,oracle_ratio,471872,9793,10000,0.9793,1.329429030418396,1.329429030418396,0.0,185.12749235008386,7.389056098930651,1.3041631123728394,4.336808689942018e-18,0.0,0.0,0.0,1.0,0.13533528323661267,7.389056098930651,0.9763198627854448,0.9819120363764244,0.95,0.95,0.95,0.95,0.338,0.0192
1.0,44,0.1,oracle_ratio,471872,9095,10000,0.9095,1.276700608086586,1.2739903926849363,0.0,185.12749235008386,7.389056098930651,1.3041631123728394,4.336808689942018e-18,0.0,0.0,0.0,1.0,0.13533528323661267,7.389056098930651,0.9037185605817196,0.9149669447526961,0.9,0.9,0.9,0.9,0.338,0.0192
1.0,44,0.2,oracle_ratio,471872,8112,10000,0.8112,1.1739389638900757,1.172321081161499,0.0,185.12749235008386,7.389056098930651,1.3041631123728394,4.336808689942018e-18,0.0,0.0,0.0,1.0,0.13533528323661267,7.389056098930651,0.8034107290571689,0.8187502703569219,0.8,0.8,0.8,0.8,0.338,0.0192
1.0,44,0.05,estimated_ratio,471872,9793,10000,0.9793,1.329429030418396,1.329429030418396,0.0,181.9388677933163,7.684383960422602,1.3221860063761877,0.005761593059767733,0.022850415920578265,3.413250479318092e-05,0.16524528384962983,1.021603717701095,0.13356165592724392,7.684383960422602,0.9763198627854448,0.9819120363764244,0.95,0.9442384069402322,0.9271495840794217,0.7847547161503701,0.338,0.0192
1.0,44,0.1,estimated_ratio,471872,9183,10000,0.9183,1.2784426421403885,1.2739903926849363,0.0,181.9388677933163,7.684383960422602,1.3221860063761877,0.005761593059767733,0.022850415920578265,3.413250479318092e-05,0.16524528384962983,1.021603717701095,0.13356165592724392,7.684383960422602,0.912769520515378,0.9235092264477139,0.9,0.8942384069402323,0.8771495840794218,0.7347547161503702,0.338,0.0192
1.0,44,0.2,estimated_ratio,471872,8112,10000,0.8112,1.1765781553149224,1.1766608953475952,0.0,181.9388677933163,7.684383960422602,1.3221860063761877,0.005761593059767733,0.022850415920578265,3.413250479318092e-05,0.16524528384962983,1.021603717701095,0.13356165592724392,7.684383960422602,0.8034107290571689,0.8187502703569219,0.8,0.7942384069402323,0.7771495840794218,0.6347547161503702,0.338,0.0192
1.0,44,0.05,estimated_ratio_clipped,471872,9671,10000,0.9671,1.3146645041465759,1.3149404525756836,0.0,202.00687477039358,5.0,1.2145630021704066,0.03392803235225292,0.052831816174566254,0.00043336280326641954,0.5888040782918674,0.9753560368738736,0.13356165592724392,5.0,0.9634206236823176,0.9704206450397962,0.95,0.916071967647747,0.8971681838254337,0.36119592170813253,0.338,0.0192
1.0,44,0.1,estimated_ratio_clipped,471872,8992,10000,0.8992,1.2561457809448242,1.257892370223999,0.0,202.00687477039358,5.0,1.2145630021704066,0.03392803235225292,0.052831816174566254,0.00043336280326641954,0.5888040782918674,0.9753560368738736,0.13356165592724392,5.0,0.8931451093345752,0.9049483063662764,0.9,0.8660719676477471,0.8471681838254338,0.3111959217081326,0.338,0.0192
1.0,44,0.2,estimated_ratio_clipped,471872,7831,10000,0.7831,1.1161423194885254,1.1282352209091189,0.0,202.00687477039358,5.0,1.2145630021704066,0.03392803235225292,0.052831816174566254,0.00043336280326641954,0.5888040782918674,0.9753560368738736,0.13356165592724392,5.0,0.7749144325744014,0.7910681475481215,0.8,0.7660719676477471,0.7471681838254338,0.21119592170813262,0.338,0.0192
1.0,45,0.05,unweighted,471873,8214,10000,0.8214,1.1766608953475952,1.1766608953475952,0.0,500.0,1.0,0.0,0.46417342872686507,0.9283468574537301,0.1438270458284751,10.726678734015486,1.0,1.0,1.0,0.8137700140596852,0.828783151787644,0.95,0.4858265712731349,0.02165314254626982,-9.776678734015487,0.324,0.0192
1.0,45,0.1,unweighted,471873,6637,10000,0.6637,0.9703732132911682,0.9703732132911682,0.0,500.0,1.0,0.0,0.46417342872686507,0.9283468574537301,0.1438270458284751,10.726678734015486,1.0,1.0,1.0,0.6543789930638004,0.67289528586964,0.9,0.43582657127313496,-0.028346857453730112,-9.826678734015486,0.324,0.0192
1.0,45,0.2,unweighted,471873,4488,10000,0.4488,0.8824967741966248,0.8824967741966248,0.0,500.0,1.0,0.0,0.46417342872686507,0.9283468574537301,0.1438270458284751,10.726678734015486,1.0,1.0,1.0,0.43907320748865514,0.45856611394450203,0.8,0.335826571273135,-0.1283468574537301,-9.926678734015486,0.324,0.0192
1.0,45,0.05,oracle_ratio,471873,9800,10000,0.98,1.329429030418396,1.329429030418396,0.0,166.68548375849318,7.389056098930651,1.4140938195833272,4.336808689942018e-18,0.0,0.0,0.0,1.0,0.13533528323661267,7.389056098930651,0.977066073239287,0.9825652883248633,0.95,0.95,0.95,0.95,0.324,0.0192
1.0,45,0.1,oracle_ratio,471873,9426,10000,0.9426,1.2988755087137223,1.2983108758926392,0.0,166.68548375849318,7.389056098930651,1.4140938195833272,4.336808689942018e-18,0.0,0.0,0.0,1.0,0.13533528323661267,7.389056098930651,0.9378687695143805,0.9469913151278965,0.9,0.9,0.9,0.9,0.324,0.0192
1.0,45,0.2,oracle_ratio,471873,8881,10000,0.8881,1.255275011062622,1.255275011062622,0.0,166.68548375849318,7.389056098930651,1.4140938195833272,4.336808689942018e-18,0.0,0.0,0.0,1.0,0.13533528323661267,7.389056098930651,0.8817717024996626,0.8941302379650181,0.8,0.8,0.8,0.8,0.324,0.0192
1.0,45,0.05,estimated_ratio,471873,9800,10000,0.98,1.329429030418396,1.329429030418396,0.0,170.46195756076636,7.130234285674132,1.3903977074086795,0.006009310443899621,0.01942523582357126,2.697557848276237e-05,0.14690290257925434,0.9831523424631687,0.13787990443255985,7.130234285674132,0.977066073239287,0.9825652883248633,0.95,0.9439906895561003,0.9305747641764287,0.8030970974207456,0.324,0.0192
1.0,45,0.1,estimated_ratio,471873,9426,10000,0.9426,1.298573380625248,1.2983108758926392,0.0,170.46195756076636,7.130234285674132,1.3903977074086795,0.006009310443899621,0.01942523582357126,2.697557848276237e-05,0.14690290257925434,0.9831523424631687,0.13787990443255985,7.130234285674132,0.9378687695143805,0.9469913151278965,0.9,0.8939906895561004,0.8805747641764288,0.7530970974207457,0.324,0.0192
1.0,45,0.2,estimated_ratio,471873,8881,10000,0.8881,1.2521536981105805,1.255275011062622,0.0,170.46195756076636,7.130234285674132,1.3903977074086795,0.006009310443899621,0.01942523582357126,2.697557848276237e-05,0.14690290257925434,0.9831523424631687,0.13787990443255985,7.130234285674132,0.8817717024996626,0.8941302379650181,0.8,0.7939906895561004,0.7805747641764288,0.6530970974207457,0.324,0.0192
1.0,45,0.05,estimated_ratio_clipped,471873,9800,10000,0.98,1.3218587484955788,1.3149404525756836,0.0,189.72242840867736,5.0,1.2788389475908506,0.02998825174408875,0.050905333378685795,0.00042879879763082373,0.5856953458109933,0.9516722449080541,0.13787990443255985,5.0,0.977066073239287,0.9825652883248633,0.95,0.9200117482559113,0.8990946666213142,0.3643046541890067,0.324,0.0192
1.0,45,0.1,estimated_ratio_clipped,471873,9426,10000,0.9426,1.2983108758926392,1.2983108758926392,0.0,189.72242840867736,5.0,1.2788389475908506,0.02998825174408875,0.050905333378685795,0.00042879879763082373,0.5856953458109933,0.9516722449080541,0.13787990443255985,5.0,0.9378687695143805,0.9469913151278965,0.9,0.8700117482559113,0.8490946666213143,0.31430465418900677,0.324,0.0192
1.0,45,0.2,estimated_ratio_clipped,471873,8572,10000,0.8572,1.2318654107093812,1.2339407205581665,0.0,189.72242840867736,5.0,1.2788389475908506,0.02998825174408875,0.050905333378685795,0.00042879879763082373,0.5856953458109933,0.9516722449080541,0.13787990443255985,5.0,0.8502054785636323,0.8639201930003563,0.8,0.7700117482559113,0.7490946666213143,0.2143046541890068,0.324,0.0192
1.0,46,0.05,unweighted,471874,8041,10000,0.8041,1.1369203329086304,1.1369203329086304,0.0,500.0,1.0,0.0,0.46417342872686507,0.9283468574537301,0.1438270458284751,10.726678734015486,1.0,1.0,1.0,0.7962049046538964,0.8117615475370581,0.95,0.4858265712731349,0.02165314254626982,-9.776678734015487,0.338,0.0192
1.0,46,0.1,unweighted,471874,7205,10000,0.7205,1.031848669052124,1.031848669052124,0.0,500.0,1.0,0.0,0.46417342872686507,0.9283468574537301,0.1438270458284751,10.726678734015486,1.0,1.0,1.0,0.7116212016161488,0.7292094551023828,0.9,0.43582657127313496,-0.028346857453730112,-9.826678734015486,0.338,0.0192
1.0,46,0.2,unweighted,471874,5560,10000,0.556,0.9225364923477171,0.9225364923477172,0.0,500.0,1.0,0.0,0.46417342872686507,0.9283468574537301,0.1438270458284751,10.726678734015486,1.0,1.0,1.0,0.5462421807616732,0.5657148114208111,0.8,0.335826571273135,-0.1283468574537301,-9.926678734015486,0.338,0.0192
1.0,46,0.05,oracle_ratio,471874,9148,10000,0.9148,1.2749309454083442,1.2739903926849363,0.0,185.05661401105107,7.389056098930651,1.3045596460515378,4.336808689942018e-18,0.0,0.0,0.0,1.0,0.13533528323661267,7.389056098930651,0.9091676404097432,0.9201137945419434,0.95,0.95,0.95,0.95,0.338,0.0192
1.0,46,0.1,oracle_ratio,471874,9039,10000,0.9039,1.2532919667720794,1.255275011062622,0.0,185.05661401105107,7.389056098930651,1.3045596460515378,4.336808689942018e-18,0.0,0.0,0.0,1.0,0.13533528323661267,7.389056098930651,0.8979673609430874,0.9095224451730801,0.9,0.9,0.9,0.9,0.338,0.0192
1.0,46,0.2,oracle_ratio,471874,7859,10000,0.7859,1.1277346163511277,1.1275087594985962,0.0,185.05661401105107,7.389056098930651,1.3045596460515378,4.336808689942018e-18,0.0,0.0,0.0,1.0,0.13533528323661267,7.389056098930651,0.7777513047665756,0.7938291249650715,0.8,0.8,0.8,0.8,0.338,0.0192
1.0,46,0.05,estimated_ratio,471874,9148,10000,0.9148,1.2750308532714842,1.2739903926849363,0.0,182.87530776309413,7.31332592404007,1.316853597026668,0.0039018121278640355,0.02212719717534952,8.034336974781864e-05,0.2535245467371057,0.9778728028246505,0.1292846243904301,7.31332592404007,0.9091676404097432,0.9201137945419434,0.95,0.946098187872136,0.9278728028246505,0.6964754532628943,0.338,0.0192
1.0,46,0.1,estimated_ratio,471874,9039,10000,0.9039,1.2547624805927278,1.255275011062622,0.0,182.87530776309413,7.31332592404007,1.316853597026668,0.0039018121278640355,0.02212719717534952,8.034336974781864e-05,0.2535245467371057,0.9778728028246505,0.1292846243904301,7.31332592404007,0.8979673609430874,0.9095224451730801,0.9,0.896098187872136,0.8778728028246505,0.6464754532628942,0.338,0.0192
1.0,46,0.2,estimated_ratio,471874,7859,10000,0.7859,1.1278090786457062,1.1275087594985962,0.0,182.87530776309413,7.31332592404007,1.316853597026668,0.0039018121278640355,0.02212719717534952,8.034336974781864e-05,0.2535245467371057,0.9778728028246505,0.1292846243904301,7.31332592404007,0.7777513047665756,0.7938291249650715,0.8,0.796098187872136,0.7778728028246505,0.5464754532628944,0.338,0.0192
1.0,46,0.05,estimated_ratio_clipped,471874,9148,10000,0.9148,1.2752649569034575,1.2739903926849363,0.0,199.51842251060182,5.0,1.227205870426177,0.02844211614717831,0.057775311522404366,0.0004888440035518757,0.6253600585594674,0.9422246884775956,0.1292846243904301,5.0,0.9091676404097432,0.9201137945419434,0.95,0.9215578838528217,0.8922246884775956,0.32463994144053254,0.338,0.0192
1.0,46,0.1,estimated_ratio_clipped,471874,8719,10000,0.8719,1.245755910873413,1.245755910873413,0.0,199.51842251060182,5.0,1.227205870426177,0.02844211614717831,0.057775311522404366,0.0004888440035518757,0.6253600585594674,0.9422246884775956,0.1292846243904301,5.0,0.8652066702488592,0.8783077117630316,0.9,0.8715578838528217,0.8422246884775957,0.2746399414405326,0.338,0.0192
1.0,46,0.2,estimated_ratio_clipped,471874,7741,10000,0.7741,1.076688187789917,1.0785813331604004,0.0,199.51842251060182,5.0,1.227205870426177,0.02844211614717831,0.057775311522404366,0.0004888440035518757,0.6253600585594674,0.9422246884775956,0.1292846243904301,5.0,0.7657995912319377,0.7821899008612574,0.8,0.7715578838528218,0.7422246884775957,0.17463994144053263,0.338,0.0192
1.0,47,0.05,unweighted,471875,8225,10000,0.8225,1.172321081161499,1.172321081161499,0.0,500.0,1.0,0.0,0.46417342872686507,0.9283468574537301,0.1438270458284751,10.726678734015486,1.0,1.0,1.0,0.8148877228817009,0.8298645981692128,0.95,0.4858265712731349,0.02165314254626982,-9.776678734015487,0.324,0.0192
1.0,47,0.1,unweighted,471875,6998,10000,0.6998,1.0019125938415527,1.0019125938415527,0.0,500.0,1.0,0.0,0.46417342872686507,0.9283468574537301,0.1438270458284751,10.726678734015486,1.0,1.0,1.0,0.6907412813144025,0.7087052729366752,0.9,0.43582657127313496,-0.028346857453730112,-9.826678734015486,0.324,0.0192
1.0,47,0.2,unweighted,471875,5044,10000,0.5044,0.9049690365791319,0.904969036579132,0.0,500.0,1.0,0.0,0.46417342872686507,0.9283468574537301,0.1438270458284751,10.726678734015486,1.0,1.0,1.0,0.49460075146039983,0.5141958693539381,0.8,0.335826571273135,-0.1283468574537301,-9.926678734015486,0.324,0.0192
1.0,47,0.05,oracle_ratio,471875,9880,10000,0.988,1.3448593621253968,1.363731861114502,0.0,174.4036091950024,7.389056098930651,1.3663503015370244,4.336808689942018e-18,0.0,0.0,0.0,1.0,0.13533528323661267,7.389056098930651,0.9856706937299375,0.989954523860282,0.95,0.95,0.95,0.95,0.324,0.0192
1.0,47,0.1,oracle_ratio,471875,8543,10000,0.8543,1.2335889352202416,1.2334575653076172,0.0,174.4036091950024,7.389056098930651,1.3663503015370244,4.336808689942018e-18,0.0,0.0,0.0,1.0,0.13533528323661267,7.389056098930651,0.8472490837381117,0.8610788150164268,0.9,0.9,0.9,0.9,0.324,0.0192
1.0,47,0.2,oracle_ratio,471875,7812,10000,0.7812,1.0785813331604004,1.0785813331604004,0.0,174.4036091950024,7.389056098930651,1.3663503015370244,4.336808689942018e-18,0.0,0.0,0.0,1.0,0.13533528323661267,7.389056098930651,0.7729897249030006,0.789194314413331,0.8,0.8,0.8,0.8,0.324,0.0192
1.0,47,0.05,estimated_ratio,471875,9880,10000,0.988,1.3374760603904725,1.363731861114502,0.0,180.74706869018428,7.045739632255004,1.329020914535077,0.010799759775233321,0.025583346336246288,6.548351370794429e-05,0.22888165275171235,0.9861269965164485,0.14223652818525243,7.045739632255004,0.9856706937299375,0.989954523860282,0.95,0.9392002402247667,0.9244166536637537,0.7211183472482876,0.324,0.0192
1.0,47,0.1,estimated_ratio,471875,8543,10000,0.8543,1.233520617067814,1.2334575653076172,0.0,180.74706869018428,7.045739632255004,1.329020914535077,0.010799759775233321,0.025583346336246288,6.548351370794429e-05,0.22888165275171235,0.9861269965164485,0.14223652818525243,7.045739632255004,0.8472490837381117,0.8610788150164268,0.9,0.8892002402247667,0.8744166536637538,0.6711183472482877,0.324,0.0192
1.0,47,0.2,estimated_ratio,471875,7812,10000,0.7812,1.0785813331604004,1.0785813331604004,0.0,180.74706869018428,7.045739632255004,1.329020914535077,0.010799759775233321,0.025583346336246288,6.548351370794429e-05,0.22888165275171235,0.9861269965164485,0.14223652818525243,7.045739632255004,0.7729897249030006,0.789194314413331,0.8,0.7892002402247668,0.7744166536637538,0.5711183472482877,0.324,0.0192
1.0,47,0.05,estimated_ratio_clipped,471875,9495,10000,0.9495,1.3013987960577011,1.3028135299682615,0.0,192.7412755580169,5.0,1.2625969830014871,0.03079151167943236,0.055184220290605095,0.0004620918604939254,0.6080078029064596,0.9565261225620898,0.14223652818525243,5.0,0.9450329289540745,0.9536218565106872,0.95,0.9192084883205676,0.8948157797093949,0.34199219709354034,0.324,0.0192
1.0,47,0.1,estimated_ratio_clipped,471875,8379,10000,0.8379,1.2202686335325241,1.2281887531280518,0.0,192.7412755580169,5.0,1.2625969830014871,0.03079151167943236,0.055184220290605095,0.0004620918604939254,0.6080078029064596,0.9565261225620898,0.14223652818525243,5.0,0.8305471677516687,0.844993326149428,0.9,0.8692084883205676,0.8448157797093949,0.2919921970935404,0.324,0.0192
1.0,47,0.2,estimated_ratio_clipped,471875,7711,10000,0.7711,1.0716820538043976,1.0730522871017456,0.0,192.7412755580169,5.0,1.2625969830014871,0.03079151167943236,0.055184220290605095,0.0004620918604939254,0.6080078029064596,0.9565261225620898,0.14223652818525243,5.0,0.7627625275900455,0.7792292684933736,0.8,0.7692084883205677,0.7448157797093949,0.19199219709354043,0.324,0.0192
1.0,48,0.05,unweighted,471876,8092,10000,0.8092,1.1501529216766355,1.1501529216766355,0.0,500.0,1.0,0.0,0.46417342872686507,0.9283468574537301,0.1438270458284751,10.726678734015486,1.0,1.0,1.0,0.8013805103359567,0.816782025071617,0.95,0.4858265712731349,0.02165314254626982,-9.776678734015487,0.326,0.0192
1.0,48,0.1,unweighted,471876,7151,10000,0.7151,1.0256803035736084,1.0256803035736084,0.0,500.0,1.0,0.0,0.46417342872686507,0.9283468574537301,0.1438270458284751,10.726678734015486,1.0,1.0,1.0,0.7061720882391009,0.7238627156618338,0.9,0.43582657127313496,-0.028346857453730112,-9.826678734015486,0.326,0.0192
1.0,48,0.2,unweighted,471876,4909,10000,0.4909,0.8999583721160889,0.8999583721160889,0.0,500.0,1.0,0.0,0.46417342872686507,0.9283468574537301,0.1438270458284751,10.726678734015486,1.0,1.0,1.0,0.4811071784462703,0.500699810324076,0.8,0.335826571273135,-0.1283468574537301,-9.926678734015486,0.326,0.0192
1.0,48,0.05,oracle_ratio,471876,10000,10000,1.0,1.4578642845153809,1.4578642845153809,0.0,168.99290662644944,7.235920578751015,1.3995370899807402,4.336808689942018e-18,0.0,0.0,0.0,1.0,0.13533528323661267,7.389056098930651,0.9996160016293234,1.0,0.95,0.95,0.95,0.95,0.326,0.0192
1.0,48,0.1,oracle_ratio,471876,9591,10000,0.9591,1.3093268864631653,1.314333438873291,0.0,168.99290662644944,7.235920578751015,1.3995370899807402,4.336808689942018e-18,0.0,0.0,0.0,1.0,0.13533528323661267,7.389056098930651,0.9550385735963716,0.962808839099673,0.9,0.9,0.9,0.9,0.326,0.0192
1.0,48,0.2,oracle_ratio,471876,8092,10000,0.8092,1.1515605998039247,1.1501529216766355,0.0,168.99290662644944,7.235920578751015,1.3995370899807402,4.336808689942018e-18,0.0,0.0,0.0,1.0,0.13533528323661267,7.389056098930651,0.8013805103359567,0.816782025071617,0.8,0.8,0.8,0.8,0.326,0.0192
1.0,48,0.05,estimated_ratio,471876,10000,10000,1.0,1.4578642845153809,1.4578642845153809,0.0,166.54429138395648,7.43434645462064,1.4149927115197016,0.004490530299154775,0.015240798623292355,1.5674721672066052e-05,0.11198114724208197,1.0134639281395197,0.13351643171171315,7.593303057783821,0.9996160016293234,1.0,0.95,0.9455094697008452,0.9347592013767076,0.838018852757918,0.326,0.0192
1.0,48,0.1,estimated_ratio,471876,9591,10000,0.9591,1.3105491487979888,1.314333438873291,0.0,166.54429138395648,7.43434645462064,1.4149927115197016,0.004490530299154775,0.015240798623292355,1.5674721672066052e-05,0.11198114724208197,1.0134639281395197,0.13351643171171315,7.593303057783821,0.9550385735963716,0.962808839099673,0.9,0.8955094697008452,0.8847592013767077,0.788018852757918,0.326,0.0192
1.0,48,0.2,estimated_ratio,471876,8092,10000,0.8092,1.1536377563476563,1.1501529216766355,0.0,166.54429138395648,7.43434645462064,1.4149927115197016,0.004490530299154775,0.015240798623292355,1.5674721672066052e-05,0.11198114724208197,1.0134639281395197,0.13351643171171315,7.593303057783821,0.8013805103359567,0.816782025071617,0.8,0.7955094697008452,0.7847592013767077,0.6880188527579181,0.326,0.0192
1.0,48,0.05,estimated_ratio_clipped,471876,9791,10000,0.9791,1.327985968065262,1.329429030418396,0.0,187.29991409255484,5.0,1.292097276845283,0.032991038022421544,0.047835145901433486,0.0004203857067442204,0.5799211717081696,0.9698291943364513,0.13351643171171315,5.0,0.9761068133392968,0.9817252394219208,0.95,0.9170089619775784,0.9021648540985665,0.37007882829183036,0.326,0.0192
1.0,48,0.1,estimated_ratio_clipped,471876,9500,10000,0.95,1.2951167407631874,1.3028135299682615,0.0,187.29991409255484,5.0,1.292097276845283,0.032991038022421544,0.047835145901433486,0.0004203857067442204,0.5799211717081696,0.9698291943364513,0.13351643171171315,5.0,0.9455528841569758,0.9541015173094152,0.9,0.8670089619775785,0.8521648540985666,0.32007882829183043,0.326,0.0192
1.0,48,0.2,estimated_ratio_clipped,471876,8092,10000,0.8092,1.1501529216766355,1.1501529216766355,0.0,187.29991409255484,5.0,1.292097276845283,0.032991038022421544,0.047835145901433486,0.0004203857067442204,0.5799211717081696,0.9698291943364513,0.13351643171171315,5.0,0.8013805103359567,0.816782025071617,0.8,0.7670089619775785,0.7521648540985666,0.22007882829183045,0.326,0.0192
1.0,49,0.05,unweighted,471877,8222,10000,0.8222,1.1766608953475952,1.1766608953475952,0.0,500.0,1.0,0.0,0.46417342872686507,0.9283468574537301,0.1438270458284751,10.726678734015486,1.0,1.0,1.0,0.814582882705109,0.829569668744827,0.95,0.4858265712731349,0.02165314254626982,-9.776678734015487,0.33,0.0192
1.0,49,0.1,unweighted,471877,7013,10000,0.7013,1.0092549324035645,1.0092549324035645,0.0,500.0,1.0,0.0,0.46417342872686507,0.9283468574537301,0.1438270458284751,10.726678734015486,1.0,1.0,1.0,0.692253570465109,0.7101918317908565,0.9,0.43582657127313496,-0.028346857453730112,-9.826678734015486,0.33,0.0192
1.0,49,0.2,unweighted,471877,4916,10000,0.4916,0.9032050371170044,0.9032050371170044,0.0,500.0,1.0,0.0,0.46417342872686507,0.9283468574537301,0.1438270458284751,10.726678734015486,1.0,1.0,1.0,0.48180666965330726,0.5013997815193199,0.8,0.335826571273135,-0.1283468574537301,-9.926678734015486,0.33,0.0192
1.0,49,0.05,oracle_ratio,471877,9576,10000,0.9576,1.3144718986988069,1.314333438873291,0.0,172.02023045762394,7.235920578751015,1.380809497676906,4.336808689942018e-18,0.0,0.0,0.0,1.0,0.13533528323661267,7.389056098930651,0.9534718058181471,0.9613767588730098,0.95,0.95,0.95,0.95,0.33,0.0192
1.0,49,0.1,oracle_ratio,471877,9137,10000,0.9137,1.2749835596084593,1.2739903926849363,0.0,172.02023045762394,7.235920578751015,1.380809497676906,4.336808689942018e-18,0.0,0.0,0.0,1.0,0.13533528323661267,7.389056098930651,0.9080361970856379,0.9190460826624642,0.9,0.9,0.9,0.9,0.33,0.0192
1.0,49,0.2,oracle_ratio,471877,8040,10000,0.804,1.142041547036171,1.1369203329086304,0.0,172.02023045762394,7.235920578751015,1.380809497676906,4.336808689942018e-18,0.0,0.0,0.0,1.0,0.13533528323661267,7.389056098930651,0.796103442747822,0.8116630862428067,0.8,0.8,0.8,0.8,0.33,0.0192
1.0,49,0.05,estimated_ratio,471877,9576,10000,0.9576,1.3144967255592346,1.314333438873291,0.0,168.6804638249491,7.456564835386892,1.4014936329619438,0.006032367979932474,0.016446397292166452,2.128974325524639e-05,0.13050591788956203,1.0117408578848952,0.13205618615411846,7.616556944971386,0.9534718058181471,0.9613767588730098,0.95,0.9439676320200675,0.9335536027078335,0.819494082110438,0.33,0.0192
1.0,49,0.1,estimated_ratio,471877,9137,10000,0.9137,1.2753388532519339,1.2739903926849363,0.0,168.6804638249491,7.456564835386892,1.4014936329619438,0.006032367979932474,0.016446397292166452,2.128974325524639e-05,0.13050591788956203,1.0117408578848952,0.13205618615411846,7.616556944971386,0.9080361970856379,0.9190460826624642,0.9,0.8939676320200676,0.8835536027078336,0.769494082110438,0.33,0.0192
1.0,49,0.2,estimated_ratio,471877,8097,10000,0.8097,1.1446981036901474,1.1501529216766355,0.0,168.6804638249491,7.456564835386892,1.4014936329619438,0.006032367979932474,0.016446397292166452,2.128974325524639e-05,0.13050591788956203,1.0117408578848952,0.13205618615411846,7.616556944971386,0.8018880346042135,0.8172741168049892,0.8,0.7939676320200676,0.7835536027078336,0.669494082110438,0.33,0.0192
1.0,49,0.05,estimated_ratio_clipped,471877,9576,10000,0.9576,1.3117898429870605,1.314333438873291,0.0,184.74277664178928,5.0,1.30631763492304,0.032605258892209055,0.04850646480988946,0.00042504868527643925,0.583128586352231,0.9675718443214087,0.13205618615411846,5.0,0.9534718058181471,0.9613767588730098,0.95,0.917394741107791,0.9014935351901106,0.366871413647769,0.33,0.0192
1.0,49,0.1,estimated_ratio_clipped,471877,9137,10000,0.9137,1.2639477189064026,1.255275011062622,0.0,184.74277664178928,5.0,1.30631763492304,0.032605258892209055,0.04850646480988946,0.00042504868527643925,0.583128586352231,0.9675718443214087,0.13205618615411846,5.0,0.9080361970856379,0.9190460826624642,0.9,0.8673947411077909,0.8514935351901105,0.31687141364776905,0.33,0.0192
1.0,49,0.2,estimated_ratio_clipped,471877,7866,10000,0.7866,1.1309737743973731,1.1282352209091189,0.0,184.74277664178928,5.0,1.30631763492304,0.032605258892209055,0.04850646480988946,0.00042504868527643925,0.583128586352231,0.9675718443214087,0.13205618615411846,5.0,0.7784606093988927,0.7945192827350352,0.8,0.767394741107791,0.7514935351901106,0.21687141364776907,0.33,0.0192
1.5,0,0.05,unweighted,571828,7361,10000,0.7361,1.1275087594985962,1.1275087594985962,0.0,500.0,1.0,0.0,0.6374857267977343,1.2749714535954686,0.2722460216819491,14.75794082335199,1.0,1.0,1.0,0.7273720635040449,0.7446466124653216,0.95,0.31251427320226566,-0.32497145359546864,-13.807940823351991,0.296,0.0192
1.5,0,0.1,unweighted,571828,5437,10000,0.5437,0.9429588913917542,0.9429588913917542,0.0,500.0,1.0,0.0,0.6374857267977343,1.2749714535954686,0.2722460216819491,14.75794082335199,1.0,1.0,1.0,0.5339227604493268,0.553443678093076,0.9,0.2625142732022657,-0.3749714535954686,-13.85794082335199,0.296,0.0192
1.5,0,0.2,unweighted,571828,2990,10000,0.299,0.8346430063247681,0.8346430063247681,0.0,500.0,1.0,0.0,0.6374857267977343,1.2749714535954686,0.2722460216819491,14.75794082335199,1.0,1.0,1.0,0.2901054708028949,0.30804889654211703,0.8,0.16251427320226575,-0.47497145359546855,-13.95794082335199,0.296,0.0192
1.5,0,0.05,oracle_ratio,571828,9620,10000,0.962,1.3213727140426637,1.314333438873291,0.0,70.95978295469283,16.63515662153947,2.4589112990704227,4.445228907190568e-18,0.0,0.0,0.0,1.0,0.04978706836786395,20.08553692318767,0.9580717371477112,0.9655734483577836,0.95,0.95,0.95,0.95,0.296,0.0192
1.5,0,0.1,oracle_ratio,571828,9456,10000,0.9456,1.314333438873291,1.314333438873291,0.0,70.95978295469283,16.63515662153947,2.4589112990704227,4.445228907190568e-18,0.0,0.0,0.0,1.0,0.04978706836786395,20.08553692318767,0.9409811492738643,0.9498766313781887,0.9,0.9,0.9,0.9,0.296,0.0192
1.5,0,0.2,oracle_ratio,571828,7996,10000,0.7996,1.2226928005218505,1.2281887531280518,0.0,70.95978295469283,16.63515662153947,2.4589112990704227,4.445228907190568e-18,0.0,0.0,0.0,1.0,0.04978706836786395,20.08553692318767,0.7916398872917876,0.8073300208845029,0.8,0.8,0.8,0.8,0.296,0.0192
1.5,0,0.05,estimated_ratio,571828,9620,10000,0.962,1.3222273067474366,1.314333438873291,0.0,68.64847451694396,17.15640826538693,2.5066876634218875,0.009473894747345626,0.020266236389699956,5.136601551368609e-05,0.20271362167093968,1.0047433151184402,0.052631578947368425,18.999999999999982,0.9580717371477112,0.9655734483577836,0.95,0.9405261052526543,0.9297337636103,0.7472863783290603,0.296,0.0192
1.5,0,0.1,estimated_ratio,571828,9456,10000,0.9456,1.314333438873291,1.314333438873291,0.0,68.64847451694396,17.15640826538693,2.5066876634218875,0.009473894747345626,0.020266236389699956,5.136601551368609e-05,0.20271362167093968,1.0047433151184402,0.052631578947368425,18.999999999999982,0.9409811492738643,0.9498766313781887,0.9,0.8905261052526544,0.8797337636103001,0.6972863783290604,0.296,0.0192
1.5,0,0.2,estimated_ratio,571828,8042,10000,0.8042,1.2281758476018905,1.2334575653076172,0.0,68.64847451694396,17.15640826538693,2.5066876634218875,0.009473894747345626,0.020266236389699956,5.136601551368609e-05,0.20271362167093968,1.0047433151184402,0.052631578947368425,18.999999999999982,0.7963063673429933,0.811860008048287,0.8,0.7905261052526544,0.7797337636103001,0.5972863783290604,0.296,0.0192
1.5,0,0.05,estimated_ratio_clipped,571828,9456,10000,0.9456,1.314333438873291,1.314333438873291,0.0,122.02676911035951,5.0,1.7599606799779894,0.18473687386507032,0.27563309366235156,0.009160680813127296,2.707128487992736,0.7263951133903839,0.052631578947368425,5.0,0.9409811492738643,0.9498766313781887,0.95,0.7652631261349296,0.6743669063376484,-1.757128487992736,0.296,0.0192
1.5,0,0.1,estimated_ratio_clipped,571828,9252,10000,0.9252,1.2928997544646261,1.3028135299682615,0.0,122.02676911035951,5.0,1.7599606799779894,0.18473687386507032,0.27563309366235156,0.009160680813127296,2.707128487992736,0.7263951133903839,0.052631578947368425,5.0,0.9198790838345907,0.930194363950986,0.9,0.7152631261349297,0.6243669063376485,-1.807128487992736,0.296,0.0192
1.5,0,0.2,estimated_ratio_clipped,571828,7494,10000,0.7494,1.1356796406507492,1.1369203329086304,0.0,122.02676911035951,5.0,1.7599606799779894,0.18473687386507032,0.27563309366235156,0.009160680813127296,2.707128487992736,0.7263951133903839,0.052631578947368425,5.0,0.7408116500730247,0.7577968115396817,0.8,0.6152631261349297,0.5243669063376485,-1.907128487992736,0.296,0.0192
1.5,1,0.05,unweighted,571829,6619,10000,0.6619,1.031848669052124,1.031848669052124,0.0,500.0,1.0,0.0,0.6374857267977343,1.2749714535954686,0.2722460216819491,14.75794082335199,1.0,1.0,1.0,0.652567542525725,0.6711081188018501,0.95,0.31251427320226566,-0.32497145359546864,-13.807940823351991,0.296,0.0192
1.5,1,0.1,unweighted,571829,5230,10000,0.523,0.9334120154380798,0.9334120154380798,0.0,500.0,1.0,0.0,0.6374857267977343,1.2749714535954686,0.2722460216819491,14.75794082335199,1.0,1.0,1.0,0.5132035975761893,0.5327787384987597,0.9,0.2625142732022657,-0.3749714535954686,-13.85794082335199,0.296,0.0192
1.5,1,0.2,unweighted,571829,2955,10000,0.2955,0.8344962000846863,0.8344962000846863,0.0,500.0,1.0,0.0,0.6374857267977343,1.2749714535954686,0.2722460216819491,14.75794082335199,1.0,1.0,1.0,0.2866372273473691,0.30451982798623756,0.8,0.16251427320226575,-0.47497145359546855,-13.95794082335199,0.296,0.0192
1.5,1,0.05,oracle_ratio,571829,10000,10000,1.0,1.3915190417289733,1.4578642845153809,0.0,69.97697290338134,19.464385039748105,2.4789529281136353,4.445228907190568e-18,0.0,0.0,0.0,1.0,0.04978706836786395,20.08553692318767,0.9996160016293234,1.0,0.95,0.95,0.95,0.95,0.296,0.0192
1.5,1,0.1,oracle_ratio,571829,9261,10000,0.9261,1.2868378242254257,1.2823160886764526,0.0,69.97697290338134,19.464385039748105,2.4789529281136353,4.445228907190568e-18,0.0,0.0,0.0,1.0,0.04978706836786395,20.08553692318767,0.920807328098198,0.9310654284903114,0.9,0.9,0.9,0.9,0.296,0.0192
1.5,1,0.2,oracle_ratio,571829,7506,10000,0.7506,1.1365934277176857,1.1282352209091189,0.0,69.97697290338134,19.464385039748105,2.4789529281136353,4.445228907190568e-18,0.0,0.0,0.0,1.0,0.04978706836786395,20.08553692318767,0.742024759631941,0.7589827803846759,0.8,0.8,0.8,0.8,0.296,0.0192
1.5,1,0.05,estimated_ratio,571829,10000,10000,1.0,1.3868883095741271,1.4578642845153809,0.0,71.33330433250217,18.999999999999982,2.4513972840135896,0.004644109128041822,0.015989573498609473,4.6872791566438394e-05,0.1936446055358907,1.013448497175939,0.052631578947368425,18.999999999999982,0.9996160016293234,1.0,0.95,0.9453558908719581,0.9340104265013904,0.7563553944641093,0.296,0.0192
1.5,1,0.1,estimated_ratio,571829,9261,10000,0.9261,1.2860158768296241,1.2823160886764526,0.0,71.33330433250217,18.999999999999982,2.4513972840135896,0.004644109128041822,0.015989573498609473,4.6872791566438394e-05,0.1936446055358907,1.013448497175939,0.052631578947368425,18.999999999999982,0.920807328098198,0.9310654284903114,0.9,0.8953558908719582,0.8840104265013905,0.7063553944641093,0.296,0.0192
1.5,1,0.2,estimated_ratio,571829,7453,10000,0.7453,1.1270403949975967,1.1275087594985962,0.0,71.33330433250217,18.999999999999982,2.4513972840135896,0.004644109128041822,0.015989573498609473,4.6872791566438394e-05,0.1936446055358907,1.013448497175939,0.052631578947368425,18.999999999999982,0.7366675102405285,0.7537441001588174,0.8,0.7953558908719582,0.7840104265013905,0.6063553944641094,0.296,0.0192
1.5,1,0.05,estimated_ratio_clipped,571829,9328,10000,0.9328,1.302317491889,1.3028135299682615,0.0,127.67913130906041,5.0,1.7076494792040797,0.19049608540167073,0.27910874461690804,0.009160708670131334,2.7071326040859294,0.7428526092935295,0.052631578947368425,5.0,0.9277248100970104,0.9375428009133318,0.95,0.7595039145983292,0.6708912553830919,-1.7571326040859294,0.296,0.0192
1.5,1,0.1,estimated_ratio_clipped,571829,8380,10000,0.838,1.2268924220323563,1.2524614334106443,0.0,127.67913130906041,5.0,1.7076494792040797,0.19049608540167073,0.27910874461690804,0.009160708670131334,2.7071326040859294,0.7428526092935295,0.052631578947368425,5.0,0.8306489255185985,0.845091491582824,0.9,0.7095039145983293,0.620891255383092,-1.8071326040859295,0.296,0.0192
1.5,1,0.2,estimated_ratio_clipped,571829,6879,10000,0.6879,1.0371682099342345,1.0421744585037231,0.0,127.67913130906041,5.0,1.7076494792040797,0.19049608540167073,0.27910874461690804,0.009160708670131334,2.7071326040859294,0.7428526092935295,0.052631578947368425,5.0,0.6787478029368433,0.6969078904754563,0.8,0.6095039145983293,0.520891255383092,-1.9071326040859293,0.296,0.0192
1.5,2,0.05,unweighted,571830,6969,10000,0.6969,1.048194169998169,1.048194169998169,0.0,500.0,1.0,0.0,0.6374857267977343,1.2749714535954686,0.2722460216819491,14.75794082335199,1.0,1.0,1.0,0.6878178463024209,0.7058309351392065,0.95,0.31251427320226566,-0.32497145359546864,-13.807940823351991,0.294,0.0192
1.5,2,0.1,unweighted,571830,5607,10000,0.5607,0.9429588913917542,0.9429588913917542,0.0,500.0,1.0,0.0,0.6374857267977343,1.2749714535954686,0.2722460216819491,14.75794082335199,1.0,1.0,1.0,0.5509511939950125,0.5704021886027872,0.9,0.2625142732022657,-0.3749714535954686,-13.85794082335199,0.294,0.0192
1.5,2,0.2,unweighted,571830,3037,10000,0.3037,0.8297096490859985,0.8297096490859985,0.0,500.0,1.0,0.0,0.6374857267977343,1.2749714535954686,0.2722460216819491,14.75794082335199,1.0,1.0,1.0,0.2947638085137645,0.31278694924656314,0.8,0.16251427320226575,-0.47497145359546855,-13.95794082335199,0.294,0.0192
1.5,2,0.05,oracle_ratio,571830,10000,10000,1.0,1.4123041915893555,1.4578642845153809,0.0,79.44846507167797,19.464385039748105,2.3007363581676055,4.445228907190568e-18,0.0,0.0,0.0,1.0,0.04978706836786395,20.08553692318767,0.9996160016293234,1.0,0.95,0.95,0.95,0.95,0.294,0.0192
1.5,2,0.1,oracle_ratio,571830,9726,10000,0.9726,1.3208804065227508,1.3149404525756836,0.0,79.44846507167797,19.464385039748105,2.3007363581676055,4.445228907190568e-18,0.0,0.0,0.0,1.0,0.04978706836786395,20.08553692318767,0.9692144314115788,0.9756226133284577,0.9,0.9,0.9,0.9,0.294,0.0192
1.5,2,0.2,oracle_ratio,571830,9118,10000,0.9118,1.2808684200048446,1.279902100563049,0.0,79.44846507167797,19.464385039748105,2.3007363581676055,4.445228907190568e-18,0.0,0.0,0.0,1.0,0.04978706836786395,20.08553692318767,0.9060825128469575,0.9172012260949532,0.8,0.8,0.8,0.8,0.294,0.0192
1.5,2,0.05,estimated_ratio,571830,10000,10000,1.0,1.406138517856598,1.363731861114502,0.0,77.62476124529886,18.999999999999982,2.3326473467180464,0.013629042832441433,0.05442856224900798,0.0001086807170096352,0.2948636525713337,1.0492691672639676,0.052631578947368425,18.999999999999982,0.9996160016293234,1.0,0.95,0.9363709571675585,0.895571437750992,0.6551363474286662,0.294,0.0192
1.5,2,0.1,estimated_ratio,571830,9726,10000,0.9726,1.3196382189273834,1.3149404525756836,0.0,77.62476124529886,18.999999999999982,2.3326473467180464,0.013629042832441433,0.05442856224900798,0.0001086807170096352,0.2948636525713337,1.0492691672639676,0.052631578947368425,18.999999999999982,0.9692144314115788,0.9756226133284577,0.9,0.8863709571675585,0.8455714377509921,0.6051363474286664,0.294,0.0192
1.5,2,0.2,estimated_ratio,571830,9118,10000,0.9118,1.2809676349163055,1.279902100563049,0.0,77.62476124529886,18.999999999999982,2.3326473467180464,0.013629042832441433,0.05442856224900798,0.0001086807170096352,0.2948636525713337,1.0492691672639676,0.052631578947368425,18.999999999999982,0.9060825128469575,0.9172012260949532,0.8,0.7863709571675586,0.7455714377509921,0.5051363474286663,0.294,0.0192
1.5,2,0.05,estimated_ratio_clipped,571830,9842,10000,0.9842,1.34316628241539,1.363731861114502,0.0,125.97517026546664,5.0,1.7230891189976363,0.19114258157081407,0.2836211608999859,0.009163916349537107,2.7076065223052046,0.7447467069142373,0.052631578947368425,5.0,0.9815633775522904,0.9864647584255463,0.95,0.7588574184291859,0.666378839100014,-1.7576065223052046,0.294,0.0192
1.5,2,0.1,estimated_ratio_clipped,571830,9118,10000,0.9118,1.2823160886764526,1.2823160886764526,0.0,125.97517026546664,5.0,1.7230891189976363,0.19114258157081407,0.2836211608999859,0.009163916349537107,2.7076065223052046,0.7447467069142373,0.052631578947368425,5.0,0.9060825128469575,0.9172012260949532,0.9,0.7088574184291859,0.6163788391000141,-1.8076065223052047,0.294,0.0192
1.5,2,0.2,estimated_ratio_clipped,571830,7313,10000,0.7313,1.0785813331604004,1.0785813331604004,0.0,125.97517026546664,5.0,1.7230891189976363,0.19114258157081407,0.2836211608999859,0.009163916349537107,2.7076065223052046,0.7447467069142373,0.052631578947368425,5.0,0.7225241973699943,0.7398981649837306,0.8,0.608857418429186,0.5163788391000141,-1.9076065223052046,0.294,0.0192
1.5,3,0.05,unweighted,571831,7392,10000,0.7392,1.1275087594985962,1.1275087594985962,0.0,500.0,1.0,0.0,0.6374857267977343,1.2749714535954686,0.2722460216819491,14.75794082335199,1.0,1.0,1.0,0.7305036759035217,0.7477126192759465,0.95,0.31251427320226566,-0.32497145359546864,-13.807940823351991,0.286,0.0192
1.5,3,0.1,unweighted,571831,5708,10000,0.5708,0.95711350440979,0.95711350440979,0.0,500.0,1.0,0.0,0.6374857267977343,1.2749714535954686,0.2722460216819491,14.75794082335199,1.0,1.0,1.0,0.5610735610775115,0.5804720647532007,0.9,0.2625142732022657,-0.3749714535954686,-13.85794082335199,0.286,0.0192
1.5,3,0.2,unweighted,571831,3413,10000,0.3413,0.8686240911483765,0.8686240911483765,0.0,500.0,1.0,0.0,0.6374857267977343,1.2749714535954686,0.2722460216819491,14.75794082335199,1.0,1.0,1.0,0.3320694367613931,0.3506524443214596,0.8,0.16251427320226575,-0.47497145359546855,-13.95794082335199,0.286,0.0192
1.5,3,0.05,oracle_ratio,571831,9463,10000,0.9463,1.314333438873291,1.314333438873291,0.0,68.4257229068484,18.862442484083815,2.51141265709778,4.445228907190568e-18,0.0,0.0,0.0,1.0,0.04978706836786395,20.08553692318767,0.9417079031664538,0.9505493398878803,0.95,0.95,0.95,0.95,0.286,0.0192
1.5,3,0.1,oracle_ratio,571831,8779,10000,0.8779,1.2559073751568794,1.2524614334106443,0.0,68.4257229068484,18.862442484083815,2.51141265709778,4.445228907190568e-18,0.0,0.0,0.0,1.0,0.04978706836786395,20.08553692318767,0.8713375313540458,0.8841722426773969,0.9,0.9,0.9,0.9,0.286,0.0192
1.5,3,0.2,oracle_ratio,571831,7905,10000,0.7905,1.196043203496933,1.1766608953475952,0.0,68.4257229068484,18.862442484083815,2.51141265709778,4.445228907190568e-18,0.0,0.0,0.0,1.0,0.04978706836786395,20.08553692318767,0.7824130915589689,0.798363805387668,0.8,0.8,0.8,0.8,0.286,0.0192
1.5,3,0.05,estimated_ratio,571831,9463,10000,0.9463,1.314333438873291,1.314333438873291,0.0,72.06510036004624,17.693374207673347,2.4368362987017993,0.01472936485443335,0.03742714906808238,0.00010825944195215449,0.29429161313520913,0.977586048676351,0.05425256174123864,18.810805230362508,0.9417079031664538,0.9505493398878803,0.95,0.9352706351455666,0.9125728509319175,0.6557083868647908,0.286,0.0192
1.5,3,0.1,estimated_ratio,571831,8623,10000,0.8623,1.2545345838069917,1.2524614334106443,0.0,72.06510036004624,17.693374207673347,2.4368362987017993,0.01472936485443335,0.03742714906808238,0.00010825944195215449,0.29429161313520913,0.977586048676351,0.05425256174123864,18.810805230362508,0.8554070024820182,0.8689147522985894,0.9,0.8852706351455667,0.8625728509319176,0.6057083868647909,0.286,0.0192
1.5,3,0.2,estimated_ratio,571831,7761,10000,0.7761,1.187462874162197,1.1766608953475952,0.0,72.06510036004624,17.693374207673347,2.4368362987017993,0.01472936485443335,0.03742714906808238,0.00010825944195215449,0.29429161313520913,0.977586048676351,0.05425256174123864,18.810805230362508,0.767824634570215,0.7841633215294973,0.8,0.7852706351455667,0.7625728509319176,0.5057083868647909,0.286,0.0192
1.5,3,0.05,estimated_ratio_clipped,571831,8957,10000,0.8957,1.2719820285797119,1.279902100563049,0.0,122.24732680933946,5.0,1.7578592053873205,0.18790130517453327,0.27966679247642,0.009196791023695408,2.7124588142414856,0.7353464052680134,0.05425256174123864,5.0,0.8895566583617313,0.9015394453277153,0.95,0.7620986948254667,0.6703332075235799,-1.7624588142414856,0.286,0.0192
1.5,3,0.1,estimated_ratio_clipped,571831,8089,10000,0.8089,1.2334575653076172,1.2334575653076172,0.0,122.24732680933946,5.0,1.7578592053873205,0.18790130517453327,0.27966679247642,0.009196791023695408,2.7124588142414856,0.7353464052680134,0.05425256174123864,5.0,0.8010760054619567,0.8164867603446392,0.9,0.7120986948254667,0.62033320752358,-1.8124588142414857,0.286,0.0192
1.5,3,0.2,estimated_ratio_clipped,571831,7456,10000,0.7456,1.1282352209091189,1.1282352209091189,0.0,122.24732680933946,5.0,1.7578592053873205,0.18790130517453327,0.27966679247642,0.009196791023695408,2.7124588142414856,0.7353464052680134,0.05425256174123864,5.0,0.7369707060467521,0.7540406739535717,0.8,0.6120986948254667,0.52033320752358,-1.9124588142414856,0.286,0.0192
1.5,4,0.05,unweighted,571832,6895,10000,0.6895,1.048194169998169,1.048194169998169,0.0,500.0,1.0,0.0,0.6374857267977343,1.2749714535954686,0.2722460216819491,14.75794082335199,1.0,1.0,1.0,0.680359960926723,0.6984945036907906,0.95,0.31251427320226566,-0.32497145359546864,-13.807940823351991,0.282,0.0192
1.5,4,0.1,unweighted,571832,5505,10000,0.5505,0.9429588913917542,0.9429588913917542,0.0,500.0,1.0,0.0,0.6374857267977343,1.2749714535954686,0.2722460216819491,14.75794082335199,1.0,1.0,1.0,0.5407327530940896,0.560228463070472,0.9,0.2625142732022657,-0.3749714535954686,-13.85794082335199,0.282,0.0192
1.5,4,0.2,unweighted,571832,3179,10000,0.3179,0.8418755531311035,0.8418755531311035,0.0,500.0,1.0,0.0,0.6374857267977343,1.2749714535954686,0.2722460216819491,14.75794082335199,1.0,1.0,1.0,0.3088446349343509,0.32709521727224944,0.8,0.16251427320226575,-0.47497145359546855,-13.95794082335199,0.282,0.0192
1.5,4,0.05,oracle_ratio,571832,9478,10000,0.9478,1.3144513209342956,1.314333438873291,0.0,69.58063613252992,18.279115201369603,2.487148424170709,4.445228907190568e-18,0.0,0.0,0.0,1.0,0.04978706836786395,20.08553692318767,0.9432659417746723,0.9519901492845497,0.95,0.95,0.95,0.95,0.282,0.0192
1.5,4,0.1,oracle_ratio,571832,9427,10000,0.9427,1.304220741033554,1.2983108758926392,0.0,69.58063613252992,18.279115201369603,2.487148424170709,4.445228907190568e-18,0.0,0.0,0.0,1.0,0.04978706836786395,20.08553692318767,0.9379724577288768,0.9470875501137259,0.9,0.9,0.9,0.9,0.282,0.0192
1.5,4,0.2,oracle_ratio,571832,8880,10000,0.888,1.25404013504982,1.2739903926849363,0.0,69.58063613252992,18.279115201369603,2.487148424170709,4.445228907190568e-18,0.0,0.0,0.0,1.0,0.04978706836786395,20.08553692318767,0.8816693308355192,0.8940326864288357,0.8,0.8,0.8,0.8,0.282,0.0192
1.5,4,0.05,estimated_ratio,571832,9478,10000,0.9478,1.3144513209342956,1.314333438873291,0.0,69.57864842907918,18.195569981300828,2.487189692977369,0.001090857869483787,0.005850895063181509,2.9340922137538043e-06,0.04844867150916569,0.9942828457959065,0.052631578947368425,18.999999999999982,0.9432659417746723,0.9519901492845497,0.95,0.9489091421305161,0.9441491049368185,0.9015513284908343,0.282,0.0192
1.5,4,0.1,estimated_ratio,571832,9427,10000,0.9427,1.304220741033554,1.2983108758926392,0.0,69.57864842907918,18.195569981300828,2.487189692977369,0.001090857869483787,0.005850895063181509,2.9340922137538043e-06,0.04844867150916569,0.9942828457959065,0.052631578947368425,18.999999999999982,0.9379724577288768,0.9470875501137259,0.9,0.8989091421305162,0.8941491049368185,0.8515513284908344,0.282,0.0192
1.5,4,0.2,estimated_ratio,571832,8880,10000,0.888,1.25404013504982,1.2739903926849363,0.0,69.57864842907918,18.195569981300828,2.487189692977369,0.001090857869483787,0.005850895063181509,2.9340922137538043e-06,0.04844867150916569,0.9942828457959065,0.052631578947368425,18.999999999999982,0.8816693308355192,0.8940326864288357,0.8,0.7989091421305162,0.7941491049368186,0.7515513284908344,0.282,0.0192
1.5,4,0.05,estimated_ratio_clipped,571832,9478,10000,0.9478,1.3112852709770202,1.314333438873291,0.0,123.43924305283113,5.0,1.7465897381694317,0.1859248032437027,0.27040397363237834,0.00911741577051584,2.700728164109204,0.7297297672267098,0.052631578947368425,5.0,0.9432659417746723,0.9519901492845497,0.95,0.7640751967562973,0.6795960263676216,-1.7507281641092038,0.282,0.0192
1.5,4,0.1,estimated_ratio_clipped,571832,8880,10000,0.888,1.2680320670604706,1.2739903926849363,0.0,123.43924305283113,5.0,1.7465897381694317,0.1859248032437027,0.27040397363237834,0.00911741577051584,2.700728164109204,0.7297297672267098,0.052631578947368425,5.0,0.8816693308355192,0.8940326864288357,0.9,0.7140751967562973,0.6295960263676217,-1.8007281641092039,0.282,0.0192
1.5,4,0.2,estimated_ratio_clipped,571832,6895,10000,0.6895,1.048194169998169,1.048194169998169,0.0,123.43924305283113,5.0,1.7465897381694317,0.1859248032437027,0.27040397363237834,0.00911741577051584,2.700728164109204,0.7297297672267098,0.052631578947368425,5.0,0.680359960926723,0.6984945036907906,0.8,0.6140751967562974,0.5295960263676217,-1.9007281641092038,0.282,0.0192
1.5,5,0.05,unweighted,571833,6912,10000,0.6912,1.048194169998169,1.048194169998169,0.0,500.0,1.0,0.0,0.6374857267977343,1.2749714535954686,0.2722460216819491,14.75794082335199,1.0,1.0,1.0,0.6820730174588775,0.7001801415641759,0.95,0.31251427320226566,-0.32497145359546864,-13.807940823351991,0.298,0.0192
1.5,5,0.1,unweighted,571833,5549,10000,0.5549,0.9402768015861513,0.9402768015861512,0.0,500.0,1.0,0.0,0.6374857267977343,1.2749714535954686,0.2722460216819491,14.75794082335199,1.0,1.0,1.0,0.5451401987496671,0.5646176382292325,0.9,0.2625142732022657,-0.3749714535954686,-13.85794082335199,0.298,0.0192
1.5,5,0.2,unweighted,571833,3414,10000,0.3414,0.8686240911483765,0.8686240911483765,0.0,500.0,1.0,0.0,0.6374857267977343,1.2749714535954686,0.2722460216819491,14.75794082335199,1.0,1.0,1.0,0.33216874296925825,0.35075306131392026,0.8,0.16251427320226575,-0.47497145359546855,-13.95794082335199,0.298,0.0192
1.5,5,0.05,oracle_ratio,571833,8924,10000,0.8924,1.275750444817543,1.2739903926849363,0.0,77.29181990198448,18.862442484083815,2.3385871525904953,4.445228907190568e-18,0.0,0.0,0.0,1.0,0.04978706836786395,20.08553692318767,0.8861751863061391,0.8983234517725538,0.95,0.95,0.95,0.95,0.298,0.0192
1.5,5,0.1,oracle_ratio,571833,8463,10000,0.8463,1.2478996122360229,1.245755910873413,0.0,77.29181990198448,18.862442484083815,2.3385871525904953,4.445228907190568e-18,0.0,0.0,0.0,1.0,0.04978706836786395,20.08553692318767,0.8390983033460087,0.8532357393824608,0.9,0.9,0.9,0.9,0.298,0.0192
1.5,5,0.2,oracle_ratio,571833,7645,10000,0.7645,1.1546481003522873,1.1501529216766355,0.0,77.29181990198448,18.862442484083815,2.3385871525904953,4.445228907190568e-18,0.0,0.0,0.0,1.0,0.04978706836786395,20.08553692318767,0.7560830679393595,0.7727137969225524,0.8,0.8,0.8,0.8,0.298,0.0192
1.5,5,0.05,estimated_ratio,571833,8924,10000,0.8924,1.275750444817543,1.2739903926849363,0.0,77.49871625114369,17.861240026139512,2.334891811786327,0.0008089355453877536,0.051233907989307506,0.00017190919278857258,0.37084680695788397,0.9488998328697805,0.052631578947368425,18.999999999999982,0.8861751863061391,0.8983234517725538,0.95,0.9491910644546122,0.8987660920106925,0.579153193042116,0.298,0.0192
1.5,5,0.1,estimated_ratio,571833,8325,10000,0.8325,1.2477682486534118,1.245755910873413,0.0,77.49871625114369,17.861240026139512,2.334891811786327,0.0008089355453877536,0.051233907989307506,0.00017190919278857258,0.37084680695788397,0.9488998328697805,0.052631578947368425,18.999999999999982,0.8250536816761485,0.8396909594073516,0.9,0.8991910644546123,0.8487660920106925,0.529153193042116,0.298,0.0192
1.5,5,0.2,estimated_ratio,571833,7645,10000,0.7645,1.1546481003522873,1.1501529216766355,0.0,77.49871625114369,17.861240026139512,2.334891811786327,0.0008089355453877536,0.051233907989307506,0.00017190919278857258,0.37084680695788397,0.9488998328697805,0.052631578947368425,18.999999999999982,0.7560830679393595,0.7727137969225524,0.8,0.7991910644546123,0.7487660920106926,0.4291531930421161,0.298,0.0192
1.5,5,0.05,estimated_ratio_clipped,571833,8566,10000,0.8566,1.2513388631343842,1.255275011062622,0.0,122.88116087422789,5.0,1.7518481601436586,0.17830785616581152,0.29184844895959505,0.009253942382006854,2.7208737393722413,0.708285291899493,0.052631578947368425,5.0,0.8495937326114122,0.8633323997506213,0.95,0.7716921438341884,0.6581515510404049,-1.7708737393722414,0.298,0.0192
1.5,5,0.1,estimated_ratio_clipped,571833,7850,10000,0.785,1.20262348651886,1.20262348651886,0.0,122.88116087422789,5.0,1.7518481601436586,0.17830785616581152,0.29184844895959505,0.009253942382006854,2.7208737393722413,0.708285291899493,0.052631578947368425,5.0,0.7768393927215448,0.7929417282071697,0.9,0.7216921438341886,0.608151551040405,-1.8208737393722414,0.298,0.0192
1.5,5,0.2,estimated_ratio_clipped,571833,6987,10000,0.6987,1.0594944569468498,1.0627883672714231,0.0,122.88116087422789,5.0,1.7518481601436586,0.17830785616581152,0.29184844895959505,0.009253942382006854,2.7208737393722413,0.708285291899493,0.052631578947368425,5.0,0.6896323420177708,0.7076150570297224,0.8,0.6216921438341885,0.508151551040405,-1.9208737393722413,0.298,0.0192
1.5,6,0.05,unweighted,571834,7130,10000,0.713,1.0730522871017456,1.0730522871017456,0.0,500.0,1.0,0.0,0.6374857267977343,1.2749714535954686,0.2722460216819491,14.75794082335199,1.0,1.0,1.0,0.7040534093947619,0.7217830072993299,0.95,0.31251427320226566,-0.32497145359546864,-13.807940823351991,0.296,0.0192
1.5,6,0.1,unweighted,571834,5517,10000,0.5517,0.9429588913917542,0.9429588913917542,0.0,500.0,1.0,0.0,0.6374857267977343,1.2749714535954686,0.2722460216819491,14.75794082335199,1.0,1.0,1.0,0.5419347072534075,0.5614255873150644,0.9,0.2625142732022657,-0.3749714535954686,-13.85794082335199,0.296,0.0192
1.5,6,0.2,unweighted,571834,3375,10000,0.3375,0.8686240911483765,0.8686240911483765,0.0,500.0,1.0,0.0,0.6374857267977343,1.2749714535954686,0.2722460216819491,14.75794082335199,1.0,1.0,1.0,0.32829614216162806,0.3468286573088418,0.8,0.16251427320226575,-0.47497145359546855,-13.95794082335199,0.296,0.0192
1.5,6,0.05,oracle_ratio,571834,9747,10000,0.9747,1.324164743947983,1.3149404525756836,0.0,90.62549227195365,16.120708891996685,2.125373240163578,4.445228907190568e-18,0.0,0.0,0.0,1.0,0.04978706836786395,20.08553692318767,0.9714350884047299,0.9776003435421498,0.95,0.95,0.95,0.95,0.296,0.0192
1.5,6,0.1,oracle_ratio,571834,9311,10000,0.9311,1.2913977754950523,1.279902100563049,0.0,90.62549227195365,16.120708891996685,2.125373240163578,4.445228907190568e-18,0.0,0.0,0.0,1.0,0.04978706836786395,20.08553692318767,0.9259683762563612,0.9359005403484414,0.9,0.9,0.9,0.9,0.296,0.0192
1.5,6,0.2,oracle_ratio,571834,7368,10000,0.7368,1.132118901014328,1.1282352209091189,0.0,90.62549227195365,16.120708891996685,2.125373240163578,4.445228907190568e-18,0.0,0.0,0.0,1.0,0.04978706836786395,20.08553692318767,0.7280791535266075,0.7453389848450401,0.8,0.8,0.8,0.8,0.296,0.0192
1.5,6,0.05,estimated_ratio,571834,9747,10000,0.9747,1.325532222032547,1.3149404525756836,0.0,85.43524547889383,17.651337277893344,2.202813109556152,0.01805128077141841,0.05358433103036647,0.0001399775889733363,0.33463722324133194,1.0400627531079856,0.052631578947368425,18.999999999999982,0.9714350884047299,0.9776003435421498,0.95,0.9319487192285816,0.8964156689696334,0.615362776758668,0.296,0.0192
1.5,6,0.1,estimated_ratio,571834,9439,10000,0.9439,1.2939452323317528,1.279902100563049,0.0,85.43524547889383,17.651337277893344,2.202813109556152,0.01805128077141841,0.05358433103036647,0.0001399775889733363,0.33463722324133194,1.0400627531079856,0.052631578947368425,18.999999999999982,0.9392170226934293,0.9482420635530839,0.9,0.8819487192285816,0.8464156689696336,0.5653627767586681,0.296,0.0192
1.5,6,0.2,estimated_ratio,571834,7564,10000,0.7564,1.136753615808487,1.1282352209091189,0.0,85.43524547889383,17.651337277893344,2.202813109556152,0.01805128077141841,0.05358433103036647,0.0001399775889733363,0.33463722324133194,1.0400627531079856,0.052631578947368425,18.999999999999982,0.747889357313434,0.7647137283220831,0.8,0.7819487192285817,0.7464156689696335,0.4653627767586681,0.296,0.0192
1.5,6,0.05,estimated_ratio_clipped,571834,9495,10000,0.9495,1.3097369952201843,1.314333438873291,0.0,127.44063516756073,5.0,1.7097939600894254,0.18795806213785649,0.28274560614592753,0.009196326184656607,2.7123902646421083,0.7355089692228388,0.052631578947368425,5.0,0.9450329289540745,0.9536218565106872,0.95,0.7620419378621435,0.6672543938540725,-1.7623902646421084,0.296,0.0192
1.5,6,0.1,estimated_ratio_clipped,571834,8499,10000,0.8499,1.2455437195301056,1.2524614334106443,0.0,127.44063516756073,5.0,1.7097939600894254,0.18795806213785649,0.28274560614592753,0.009196326184656607,2.7123902646421083,0.7355089692228388,0.052631578947368425,5.0,0.8427653017501097,0.8567659761900909,0.9,0.7120419378621435,0.6172543938540724,-1.8123902646421084,0.296,0.0192
1.5,6,0.2,estimated_ratio_clipped,571834,7130,10000,0.713,1.0627734556794166,1.0730522871017456,0.0,127.44063516756073,5.0,1.7097939600894254,0.18795806213785649,0.28274560614592753,0.009196326184656607,2.7123902646421083,0.7355089692228388,0.052631578947368425,5.0,0.7040534093947619,0.7217830072993299,0.8,0.6120419378621436,0.5172543938540726,-1.9123902646421083,0.296,0.0192
1.5,7,0.05,unweighted,571835,7472,10000,0.7472,1.1282352209091189,1.1282352209091189,0.0,500.0,1.0,0.0,0.6374857267977343,1.2749714535954686,0.2722460216819491,14.75794082335199,1.0,1.0,1.0,0.738587840586945,0.7556223106185924,0.95,0.31251427320226566,-0.32497145359546864,-13.807940823351991,0.294,0.0192
1.5,7,0.1,unweighted,571835,5539,10000,0.5539,0.9429588913917542,0.9429588913917542,0.0,500.0,1.0,0.0,0.6374857267977343,1.2749714535954686,0.2722460216819491,14.75794082335199,1.0,1.0,1.0,0.5441384388120633,0.5636201661635777,0.9,0.2625142732022657,-0.3749714535954686,-13.85794082335199,0.294,0.0192
1.5,7,0.2,unweighted,571835,3160,10000,0.316,0.8431503772735596,0.8431503772735596,0.0,500.0,1.0,0.0,0.6374857267977343,1.2749714535954686,0.2722460216819491,14.75794082335199,1.0,1.0,1.0,0.3069600061042923,0.32518130529611655,0.8,0.16251427320226575,-0.47497145359546855,-13.95794082335199,0.294,0.0192
1.5,7,0.05,oracle_ratio,571835,10000,10000,1.0,1.4041617369651795,1.363731861114502,0.0,63.76202557998119,20.08553692318767,2.615656329029982,4.445228907190568e-18,0.0,0.0,0.0,1.0,0.04978706836786395,20.08553692318767,0.9996160016293234,1.0,0.95,0.95,0.95,0.95,0.294,0.0192
1.5,7,0.1,oracle_ratio,571835,9440,10000,0.944,1.3015740373015403,1.2983108758926392,0.0,63.76202557998119,20.08553692318767,2.615656329029982,4.445228907190568e-18,0.0,0.0,0.0,1.0,0.04978706836786395,20.08553692318767,0.9393207622704972,0.9483382471763419,0.9,0.9,0.9,0.9,0.294,0.0192
1.5,7,0.2,oracle_ratio,571835,8907,10000,0.8907,1.27411444555521,1.2739903926849363,0.0,63.76202557998119,20.08553692318767,2.615656329029982,4.445228907190568e-18,0.0,0.0,0.0,1.0,0.04978706836786395,20.08553692318767,0.8844339193785391,0.8966660242946143,0.8,0.8,0.8,0.8,0.294,0.0192
1.5,7,0.05,estimated_ratio,571835,10000,10000,1.0,1.4004435062408447,1.363731861114502,0.0,64.57324570534564,18.999999999999982,2.5967566171087277,0.006384102487261191,0.039094899240412956,6.338628516147982e-05,0.22518665175623498,1.0365538229177425,0.052631578947368425,18.999999999999982,0.9996160016293234,1.0,0.95,0.9436158975127388,0.910905100759587,0.724813348243765,0.294,0.0192
1.5,7,0.1,estimated_ratio,571835,9440,10000,0.944,1.3006847271323203,1.2983108758926392,0.0,64.57324570534564,18.999999999999982,2.5967566171087277,0.006384102487261191,0.039094899240412956,6.338628516147982e-05,0.22518665175623498,1.0365538229177425,0.052631578947368425,18.999999999999982,0.9393207622704972,0.9483382471763419,0.9,0.8936158975127388,0.860905100759587,0.674813348243765,0.294,0.0192
1.5,7,0.2,estimated_ratio,571835,8907,10000,0.8907,1.2739903926849363,1.2739903926849363,0.0,64.57324570534564,18.999999999999982,2.5967566171087277,0.006384102487261191,0.039094899240412956,6.338628516147982e-05,0.22518665175623498,1.0365538229177425,0.052631578947368425,18.999999999999982,0.8844339193785391,0.8966660242946143,0.8,0.7936158975127389,0.7609051007595871,0.5748133482437651,0.294,0.0192
1.5,7,0.05,estimated_ratio_clipped,571835,9776,10000,0.9776,1.3382765557646752,1.363731861114502,0.0,120.74964366865294,5.0,1.772229942449597,0.1914463237057848,0.2818960818150334,0.009152948750189783,2.705985772348374,0.7456399464916548,0.052631578947368425,5.0,0.9745110003461619,0.9803222044101678,0.95,0.7585536762942151,0.6681039181849666,-1.7559857723483738,0.294,0.0192
1.5,7,0.1,estimated_ratio_clipped,571835,9160,10000,0.916,1.2797609325766564,1.2823160886764526,0.0,120.74964366865294,5.0,1.772229942449597,0.1914463237057848,0.2818960818150334,0.009152948750189783,2.705985772348374,0.7456399464916548,0.052631578947368425,5.0,0.9104022525804916,0.9212782607751056,0.9,0.7085536762942153,0.6181039181849666,-1.8059857723483739,0.294,0.0192
1.5,7,0.2,estimated_ratio_clipped,571835,7741,10000,0.7741,1.1501529216766355,1.1501529216766355,0.0,120.74964366865294,5.0,1.772229942449597,0.1914463237057848,0.2818960818150334,0.009152948750189783,2.705985772348374,0.7456399464916548,0.052631578947368425,5.0,0.7657995912319377,0.7821899008612574,0.8,0.6085536762942152,0.5181039181849667,-1.9059857723483737,0.294,0.0192
1.5,8,0.05,unweighted,571836,7353,10000,0.7353,1.0906329154968262,1.0906329154968262,0.0,500.0,1.0,0.0,0.6374857267977343,1.2749714535954686,0.2722460216819491,14.75794082335199,1.0,1.0,1.0,0.7265639949295641,0.7438552954371953,0.95,0.31251427320226566,-0.32497145359546864,-13.807940823351991,0.282,0.0192
1.5,8,0.1,unweighted,571836,5667,10000,0.5667,0.9646281003952026,0.9646281003952026,0.0,500.0,1.0,0.0,0.6374857267977343,1.2749714535954686,0.2722460216819491,14.75794082335199,1.0,1.0,1.0,0.5569639865873983,0.5763847880299533,0.9,0.2625142732022657,-0.3749714535954686,-13.85794082335199,0.282,0.0192
1.5,8,0.2,unweighted,571836,2926,10000,0.2926,0.8297096490859985,0.8297096490859985,0.0,500.0,1.0,0.0,0.6374857267977343,1.2749714535954686,0.2722460216819491,14.75794082335199,1.0,1.0,1.0,0.2837640180284098,0.3015952644957468,0.8,0.16251427320226575,-0.47497145359546855,-13.95794082335199,0.282,0.0192
1.5,8,0.05,oracle_ratio,571836,9732,10000,0.9732,1.3239146776914597,1.329429030418396,0.0,74.18249597867677,18.279115201369603,2.395857778341997,4.445228907190568e-18,0.0,0.0,0.0,1.0,0.04978706836786395,20.08553692318767,0.9698483753865755,0.976188208555416,0.95,0.95,0.95,0.95,0.282,0.0192
1.5,8,0.1,oracle_ratio,571836,9457,10000,0.9457,1.3113340275287628,1.314333438873291,0.0,74.18249597867677,18.279115201369603,2.395857778341997,4.445228907190568e-18,0.0,0.0,0.0,1.0,0.04978706836786395,20.08553692318767,0.9410849586067057,0.9499727452456731,0.9,0.9,0.9,0.9,0.282,0.0192
1.5,8,0.2,oracle_ratio,571836,8852,10000,0.8852,1.2357248973608017,1.255275011062622,0.0,74.18249597867677,18.279115201369603,2.395857778341997,4.445228907190568e-18,0.0,0.0,0.0,1.0,0.04978706836786395,20.08553692318767,0.8788035510189759,0.8913006166362548,0.8,0.8,0.8,0.8,0.282,0.0192
1.5,8,0.05,estimated_ratio,571836,9732,10000,0.9732,1.3229033749580383,1.329429030418396,0.0,79.98464432410702,16.2236232308985,2.291549670527271,0.02086854529082561,0.06992712622453919,0.00021973900963171263,0.41927462086962775,0.9401070308971464,0.054527873149487024,17.7672029854319,0.9698483753865755,0.976188208555416,0.95,0.9291314547091744,0.8800728737754607,0.5307253791303722,0.282,0.0192
1.5,8,0.1,estimated_ratio,571836,9457,10000,0.9457,1.3093953502178193,1.314333438873291,0.0,79.98464432410702,16.2236232308985,2.291549670527271,0.02086854529082561,0.06992712622453919,0.00021973900963171263,0.41927462086962775,0.9401070308971464,0.054527873149487024,17.7672029854319,0.9410849586067057,0.9499727452456731,0.9,0.8791314547091744,0.8300728737754608,0.4807253791303723,0.282,0.0192
1.5,8,0.2,estimated_ratio,571836,8486,10000,0.8486,1.2214844979047774,1.20262348651886,0.0,79.98464432410702,16.2236232308985,2.291549670527271,0.02086854529082561,0.06992712622453919,0.00021973900963171263,0.41927462086962775,0.9401070308971464,0.054527873149487024,17.7672029854319,0.8414409494148031,0.8554913269211611,0.8,0.7791314547091744,0.7300728737754608,0.3807253791303723,0.282,0.0192
1.5,8,0.05,estimated_ratio_clipped,571836,9457,10000,0.9457,1.3110951924800873,1.314333438873291,0.0,117.32036795984982,5.0,1.806054974396415,0.1832873193209107,0.2877421905238941,0.009224390372897209,2.7165257772231364,0.7222919665977915,0.054527873149487024,5.0,0.9410849586067057,0.9499727452456731,0.95,0.7667126806790893,0.6622578094761058,-1.7665257772231364,0.282,0.0192
1.5,8,0.1,estimated_ratio_clipped,571836,8894,10000,0.8894,1.270419497871399,1.2739903926849363,0.0,117.32036795984982,5.0,1.806054974396415,0.1832873193209107,0.2877421905238941,0.009224390372897209,2.7165257772231364,0.7222919665977915,0.054527873149487024,5.0,0.8831026769260942,0.8953982651428226,0.9,0.7167126806790893,0.612257809476106,-1.8165257772231365,0.282,0.0192
1.5,8,0.2,estimated_ratio_clipped,571836,7463,10000,0.7463,1.1282352209091189,1.1282352209091189,0.0,117.32036795984982,5.0,1.806054974396415,0.1832873193209107,0.2877421905238941,0.009224390372897209,2.7165257772231364,0.7222919665977915,0.054527873149487024,5.0,0.7376781836826751,0.7547326587199295,0.8,0.6167126806790894,0.5122578094761059,-1.9165257772231363,0.282,0.0192
1.5,9,0.05,unweighted,571837,6698,10000,0.6698,1.0256803035736084,1.0256803035736084,0.0,500.0,1.0,0.0,0.6374857267977343,1.2749714535954686,0.2722460216819491,14.75794082335199,1.0,1.0,1.0,0.6605189201402477,0.6789506740130704,0.95,0.31251427320226566,-0.32497145359546864,-13.807940823351991,0.292,0.0192
1.5,9,0.1,unweighted,571837,5296,10000,0.5296,0.9309626817703249,0.9309626817703248,0.0,500.0,1.0,0.0,0.6374857267977343,1.2749714535954686,0.2722460216819491,14.75794082335199,1.0,1.0,1.0,0.5198078730514927,0.5393693942449632,0.9,0.2625142732022657,-0.3749714535954686,-13.85794082335199,0.292,0.0192
1.5,9,0.2,unweighted,571837,2981,10000,0.2981,0.8297096490859985,0.8297096490859985,0.0,500.0,1.0,0.0,0.6374857267977343,1.2749714535954686,0.2722460216819491,14.75794082335199,1.0,1.0,1.0,0.28921357681500093,0.3071414817270781,0.8,0.16251427320226575,-0.47497145359546855,-13.95794082335199,0.292,0.0192
1.5,9,0.05,oracle_ratio,571837,9433,10000,0.9433,1.3033064726471901,1.2983108758926392,0.0,69.67014292133693,17.166021524061733,2.4852918114898186,4.445228907190568e-18,0.0,0.0,0.0,1.0,0.04978706836786395,20.08553692318767,0.9385946690968909,0.9476648779476673,0.95,0.95,0.95,0.95,0.292,0.0192
1.5,9,0.1,oracle_ratio,571837,8802,10000,0.8802,1.2579158789277076,1.2524614334106443,0.0,69.67014292133693,17.166021524061733,2.4852918114898186,4.445228907190568e-18,0.0,0.0,0.0,1.0,0.04978706836786395,20.08553692318767,0.8736890089478369,0.8864189986911006,0.9,0.9,0.9,0.9,0.292,0.0192
1.5,9,0.2,oracle_ratio,571837,7231,10000,0.7231,1.069562981390953,1.0421744585037231,0.0,69.67014292133693,17.166021524061733,2.4852918114898186,4.445228907190568e-18,0.0,0.0,0.0,1.0,0.04978706836786395,20.08553692318767,0.7142454105955519,0.7317832493314521,0.8,0.8,0.8,0.8,0.292,0.0192
1.5,9,0.05,estimated_ratio,571837,9433,10000,0.9433,1.3019279238700867,1.2983108758926392,0.0,70.25632247829238,16.86742231102312,2.473215965675035,0.0028165009109872687,0.012159098334470115,6.0725468271086485e-06,0.06969962311007799,0.9884431427605558,0.052631578947368425,18.999999999999982,0.9385946690968909,0.9476648779476673,0.95,0.9471834990890127,0.9378409016655298,0.880300376889922,0.292,0.0192
1.5,9,0.1,estimated_ratio,571837,8802,10000,0.8802,1.2575038846850395,1.2524614334106443,0.0,70.25632247829238,16.86742231102312,2.473215965675035,0.0028165009109872687,0.012159098334470115,6.0725468271086485e-06,0.06969962311007799,0.9884431427605558,0.052631578947368425,18.999999999999982,0.8736890089478369,0.8864189986911006,0.9,0.8971834990890127,0.8878409016655299,0.830300376889922,0.292,0.0192
1.5,9,0.2,estimated_ratio,571837,7231,10000,0.7231,1.0686583989858627,1.0421744585037231,0.0,70.25632247829238,16.86742231102312,2.473215965675035,0.0028165009109872687,0.012159098334470115,6.0725468271086485e-06,0.06969962311007799,0.9884431427605558,0.052631578947368425,18.999999999999982,0.7142454105955519,0.7317832493314521,0.8,0.7971834990890128,0.7878409016655299,0.7303003768899221,0.292,0.0192
1.5,9,0.05,estimated_ratio_clipped,571837,9144,10000,0.9144,1.2721565494894982,1.2823160886764526,0.0,116.34101914891797,5.0,1.8159598926538547,0.18574270209255533,0.2713856381969073,0.009118254148109177,2.700852331855139,0.7292166028981184,0.052631578947368425,5.0,0.9087561752547046,0.9197255668956785,0.95,0.7642572979074447,0.6786143618030926,-1.7508523318551392,0.292,0.0192
1.5,9,0.1,estimated_ratio_clipped,571837,7973,10000,0.7973,1.2015370349407195,1.20262348651886,0.0,116.34101914891797,5.0,1.8159598926538547,0.18574270209255533,0.2713856381969073,0.009118254148109177,2.700852331855139,0.7292166028981184,0.052631578947368425,5.0,0.7893072555309182,0.8050644190378775,0.9,0.7142572979074446,0.6286143618030927,-1.8008523318551393,0.292,0.0192
1.5,9,0.2,estimated_ratio_clipped,571837,6650,10000,0.665,1.02435564994812,1.02435564994812,0.0,116.34101914891797,5.0,1.8159598926538547,0.18574270209255533,0.2713856381969073,0.009118254148109177,2.700852331855139,0.7292166028981184,0.052631578947368425,5.0,0.6556873564326157,0.6741859241050611,0.8,0.6142572979074448,0.5286143618030927,-1.9008523318551391,0.292,0.0192
1.5,10,0.05,unweighted,571838,7330,10000,0.733,1.0906329154968262,1.0906329154968262,0.0,500.0,1.0,0.0,0.6374857267977343,1.2749714535954686,0.2722460216819491,14.75794082335199,1.0,1.0,1.0,0.724241000693862,0.7415800560654027,0.95,0.31251427320226566,-0.32497145359546864,-13.807940823351991,0.304,0.0192
1.5,10,0.1,unweighted,571838,6075,10000,0.6075,0.9694963097572329,0.9694963097572328,0.0,500.0,1.0,0.0,0.6374857267977343,1.2749714535954686,0.2722460216819491,14.75794082335199,1.0,1.0,1.0,0.5978898270561988,0.6170276132941059,0.9,0.2625142732022657,-0.3749714535954686,-13.85794082335199,0.304,0.0192
1.5,10,0.2,unweighted,571838,3380,10000,0.338,0.8686240911483765,0.8686240911483765,0.0,500.0,1.0,0.0,0.6374857267977343,1.2749714535954686,0.2722460216819491,14.75794082335199,1.0,1.0,1.0,0.3287925902017854,0.3473318252703137,0.8,0.16251427320226575,-0.47497145359546855,-13.95794082335199,0.304,0.0192
1.5,10,0.05,oracle_ratio,571838,9458,10000,0.9458,1.3130397531032563,1.314333438873291,0.0,76.52494502710015,20.08553692318767,2.352406676841605,4.445228907190568e-18,0.0,0.0,0.0,1.0,0.04978706836786395,20.08553692318767,0.941188772138505,0.9500688549141996,0.95,0.95,0.95,0.95,0.304,0.0192
1.5,10,0.1,oracle_ratio,571838,8898,10000,0.8898,1.2756119741559027,1.2739903926849363,0.0,76.52494502710015,20.08553692318767,2.352406676841605,4.445228907190568e-18,0.0,0.0,0.0,1.0,0.04978706836786395,20.08553692318767,0.8835122612488766,0.8957883736213439,0.9,0.9,0.9,0.9,0.304,0.0192
1.5,10,0.2,oracle_ratio,571838,8348,10000,0.8348,1.245755910873413,1.245755910873413,0.0,76.52494502710015,20.08553692318767,2.352406676841605,4.445228907190568e-18,0.0,0.0,0.0,1.0,0.04978706836786395,20.08553692318767,0.8273931584076003,0.8419497162833945,0.8,0.8,0.8,0.8,0.304,0.0192
1.5,10,0.05,estimated_ratio,571838,9458,10000,0.9458,1.3128611945152282,1.314333438873291,0.0,77.50845252375429,18.999999999999982,2.334718256223487,0.002552916573925419,0.01307581141001389,7.034999863670545e-06,0.07501999660714759,0.9872099715368327,0.052631578947368425,18.999999999999982,0.941188772138505,0.9500688549141996,0.95,0.9474470834260745,0.936924188589986,0.8749800033928523,0.304,0.0192
1.5,10,0.1,estimated_ratio,571838,8898,10000,0.8898,1.2756119741559027,1.2739903926849363,0.0,77.50845252375429,18.999999999999982,2.334718256223487,0.002552916573925419,0.01307581141001389,7.034999863670545e-06,0.07501999660714759,0.9872099715368327,0.052631578947368425,18.999999999999982,0.8835122612488766,0.8957883736213439,0.9,0.8974470834260746,0.8869241885899861,0.8249800033928525,0.304,0.0192
1.5,10,0.2,estimated_ratio,571838,8348,10000,0.8348,1.2439422791600228,1.245755910873413,0.0,77.50845252375429,18.999999999999982,2.334718256223487,0.002552916573925419,0.01307581141001389,7.034999863670545e-06,0.07501999660714759,0.9872099715368327,0.052631578947368425,18.999999999999982,0.8273931584076003,0.8419497162833945,0.8,0.7974470834260746,0.7869241885899861,0.7249800033928524,0.304,0.0192
1.5,10,0.05,estimated_ratio_clipped,571838,8984,10000,0.8984,1.279902100563049,1.279902100563049,0.0,134.11560579772697,5.0,1.6517042463063514,0.1854417749341807,0.2719156182164489,0.009118927547085437,2.700952061342139,0.7283701647303977,0.052631578947368425,5.0,0.8923247019339008,0.904169328164344,0.95,0.7645582250658193,0.6780843817835511,-1.750952061342139,0.304,0.0192
1.5,10,0.1,estimated_ratio_clipped,571838,8586,10000,0.8586,1.255275011062622,1.255275011062622,0.0,134.11560579772697,5.0,1.6517042463063514,0.1854417749341807,0.2719156182164489,0.009118927547085437,2.700952061342139,0.7283701647303977,0.052631578947368425,5.0,0.8516330461505346,0.8652915502180161,0.9,0.7145582250658193,0.6280843817835511,-1.800952061342139,0.304,0.0192
1.5,10,0.2,estimated_ratio_clipped,571838,7187,10000,0.7187,1.0726940762996673,1.0730522871017456,0.0,134.11560579772697,5.0,1.6517042463063514,0.1854417749341807,0.2719156182164489,0.009118927547085437,2.700952061342139,0.7283701647303977,0.052631578947368425,5.0,0.7098046563045938,0.7274273828080723,0.8,0.6145582250658194,0.5280843817835512,-1.900952061342139,0.304,0.0192
1.5,11,0.05,unweighted,571839,7349,10000,0.7349,1.1275087594985962,1.1275087594985962,0.0,500.0,1.0,0.0,0.6374857267977343,1.2749714535954686,0.2722460216819491,14.75794082335199,1.0,1.0,1.0,0.7261599743341297,0.7434596232313263,0.95,0.31251427320226566,-0.32497145359546864,-13.807940823351991,0.304,0.0192
1.5,11,0.1,unweighted,571839,5564,10000,0.5564,0.9429588913917542,0.9429588913917542,0.0,500.0,1.0,0.0,0.6374857267977343,1.2749714535954686,0.2722460216819491,14.75794082335199,1.0,1.0,1.0,0.5466429134690095,0.5661137715147783,0.9,0.2625142732022657,-0.3749714535954686,-13.85794082335199,0.304,0.0192
1.5,11,0.2,unweighted,571839,3234,10000,0.3234,0.8431503772735596,0.8431503772735596,0.0,500.0,1.0,0.0,0.6374857267977343,1.2749714535954686,0.2722460216819491,14.75794082335199,1.0,1.0,1.0,0.314301123368182,0.3326345048563409,0.8,0.16251427320226575,-0.47497145359546855,-13.95794082335199,0.304,0.0192
1.5,11,0.05,oracle_ratio,571839,9661,10000,0.9661,1.3117034260392189,1.3028135299682615,0.0,72.65572555591314,20.08553692318767,2.4252360923819367,4.445228907190568e-18,0.0,0.0,0.0,1.0,0.04978706836786395,20.08553692318767,0.9623702037449998,0.9694718329738553,0.95,0.95,0.95,0.95,0.304,0.0192
1.5,11,0.1,oracle_ratio,571839,9257,10000,0.9257,1.2822507663488387,1.2823160886764526,0.0,72.65572555591314,20.08553692318767,2.4252360923819367,4.445228907190568e-18,0.0,0.0,0.0,1.0,0.04978706836786395,20.08553692318767,0.9203947480010474,0.9306783157861586,0.9,0.9,0.9,0.9,0.304,0.0192
1.5,11,0.2,oracle_ratio,571839,8448,10000,0.8448,1.2422150880336762,1.2334575653076172,0.0,72.65572555591314,20.08553692318767,2.4252360923819367,4.445228907190568e-18,0.0,0.0,0.0,1.0,0.04978706836786395,20.08553692318767,0.8375707886794891,0.8517644060440922,0.8,0.8,0.8,0.8,0.304,0.0192
1.5,11,0.05,estimated_ratio,571839,9661,10000,0.9661,1.3116705566644669,1.3028135299682615,0.0,74.09279217941516,18.999999999999982,2.3975601647423956,0.004442487757267124,0.020786354716688923,1.649421616980182e-05,0.1148711144537279,0.9799883041858465,0.052631578947368425,18.999999999999982,0.9623702037449998,0.9694718329738553,0.95,0.9455575122427329,0.9292136452833111,0.8351288855462721,0.304,0.0192
1.5,11,0.1,estimated_ratio,571839,9257,10000,0.9257,1.2805396937966347,1.2823160886764526,0.0,74.09279217941516,18.999999999999982,2.3975601647423956,0.004442487757267124,0.020786354716688923,1.649421616980182e-05,0.1148711144537279,0.9799883041858465,0.052631578947368425,18.999999999999982,0.9203947480010474,0.9306783157861586,0.9,0.895557512242733,0.8792136452833111,0.7851288855462721,0.304,0.0192
1.5,11,0.2,estimated_ratio,571839,8330,10000,0.833,1.2406725946187973,1.2334575653076172,0.0,74.09279217941516,18.999999999999982,2.3975601647423956,0.004442487757267124,0.020786354716688923,1.649421616980182e-05,0.1148711144537279,0.9799883041858465,0.052631578947368425,18.999999999999982,0.8255622209882368,0.8401820360968925,0.8,0.795557512242733,0.7792136452833112,0.6851288855462722,0.304,0.0192
1.5,11,0.05,estimated_ratio_clipped,571839,9257,10000,0.9257,1.2958492781400681,1.2983108758926392,0.0,129.45811513008945,5.0,1.6918194495674803,0.18485161262852676,0.2740587909217927,0.009123058989736213,2.7015638418865784,0.7267158679807428,0.052631578947368425,5.0,0.9203947480010474,0.9306783157861586,0.95,0.7651483873714732,0.6759412090782073,-1.7515638418865784,0.304,0.0192
1.5,11,0.1,estimated_ratio_clipped,571839,8554,10000,0.8554,1.255275011062622,1.255275011062622,0.0,129.45811513008945,5.0,1.6918194495674803,0.18485161262852676,0.2740587909217927,0.009123058989736213,2.7015638418865784,0.7267158679807428,0.052631578947368425,5.0,0.8483703632704976,0.8621566906876256,0.9,0.7151483873714732,0.6259412090782073,-1.8015638418865785,0.304,0.0192
1.5,11,0.2,estimated_ratio_clipped,571839,7634,10000,0.7634,1.1453799269080163,1.1501529216766355,0.0,129.45811513008945,5.0,1.6918194495674803,0.18485161262852676,0.2740587909217927,0.009123058989736213,2.7015638418865784,0.7267158679807428,0.052631578947368425,5.0,0.7549700983183469,0.7716276113399805,0.8,0.6151483873714733,0.5259412090782074,-1.9015638418865783,0.304,0.0192
1.5,12,0.05,unweighted,571840,6966,10000,0.6966,1.048194169998169,1.048194169998169,0.0,500.0,1.0,0.0,0.6374857267977343,1.2749714535954686,0.2722460216819491,14.75794082335199,1.0,1.0,1.0,0.6875154462601215,0.7055335655805285,0.95,0.31251427320226566,-0.32497145359546864,-13.807940823351991,0.306,0.0192
1.5,12,0.1,unweighted,571840,5541,10000,0.5541,0.9429588913917542,0.9429588913917542,0.0,500.0,1.0,0.0,0.6374857267977343,1.2749714535954686,0.2722460216819491,14.75794082335199,1.0,1.0,1.0,0.5443387876091942,0.5638196637670986,0.9,0.2625142732022657,-0.3749714535954686,-13.85794082335199,0.306,0.0192
1.5,12,0.2,unweighted,571840,3243,10000,0.3243,0.8431503772735596,0.8431503772735596,0.0,500.0,1.0,0.0,0.6374857267977343,1.2749714535954686,0.2722460216819491,14.75794082335199,1.0,1.0,1.0,0.31519414159229386,0.3335407954351618,0.8,0.16251427320226575,-0.47497145359546855,-13.95794082335199,0.306,0.0192
1.5,12,0.05,oracle_ratio,571840,9720,10000,0.972,1.330619338643551,1.329429030418396,0.0,74.606790106995,18.279115201369603,2.3878448168146225,4.445228907190568e-18,0.0,0.0,0.0,1.0,0.04978706836786395,20.08553692318767,0.9685808907869505,0.9750566147511307,0.95,0.95,0.95,0.95,0.306,0.0192
1.5,12,0.1,oracle_ratio,571840,9554,10000,0.9554,1.2987267186403275,1.2823160886764526,0.0,74.606790106995,18.279115201369603,2.3878448168146225,4.445228907190568e-18,0.0,0.0,0.0,1.0,0.04978706836786395,20.08553692318767,0.9511762910561998,0.959273963227788,0.9,0.9,0.9,0.9,0.306,0.0192
1.5,12,0.2,oracle_ratio,571840,8207,10000,0.8207,1.2336783672571183,1.2334575653076172,0.0,74.606790106995,18.279115201369603,2.3878448168146225,4.445228907190568e-18,0.0,0.0,0.0,1.0,0.04978706836786395,20.08553692318767,0.8130587997420674,0.8280949037029804,0.8,0.8,0.8,0.8,0.306,0.0192
1.5,12,0.05,estimated_ratio,571840,9720,10000,0.972,1.329429030418396,1.329429030418396,0.0,73.74817039842397,18.657215677404484,2.4041275365538386,0.004299944160644262,0.012984231097174987,7.403363998838333e-06,0.07695902285678181,1.0088216306924094,0.052631578947368425,18.999999999999982,0.9685808907869505,0.9750566147511307,0.95,0.9457000558393557,0.937015768902825,0.8730409771432182,0.306,0.0192
1.5,12,0.1,estimated_ratio,571840,9554,10000,0.9554,1.299811937391758,1.2823160886764526,0.0,73.74817039842397,18.657215677404484,2.4041275365538386,0.004299944160644262,0.012984231097174987,7.403363998838333e-06,0.07695902285678181,1.0088216306924094,0.052631578947368425,18.999999999999982,0.9511762910561998,0.959273963227788,0.9,0.8957000558393557,0.8870157689028251,0.8230409771432182,0.306,0.0192
1.5,12,0.2,estimated_ratio,571840,8207,10000,0.8207,1.2336996744036675,1.2339407205581665,0.0,73.74817039842397,18.657215677404484,2.4041275365538386,0.004299944160644262,0.012984231097174987,7.403363998838333e-06,0.07695902285678181,1.0088216306924094,0.052631578947368425,18.999999999999982,0.8130587997420674,0.8280949037029804,0.8,0.7957000558393558,0.7870157689028251,0.7230409771432182,0.306,0.0192
1.5,12,0.05,estimated_ratio_clipped,571840,9720,10000,0.972,1.3116946941494942,1.329429030418396,0.0,127.40536244600828,5.0,1.7101115737910975,0.18727410372555608,0.27143240007372366,0.009119121850484713,2.70098083673094,0.7335547406682501,0.052631578947368425,5.0,0.9685808907869505,0.9750566147511307,0.95,0.7627258962744439,0.6785675999262764,-1.75098083673094,0.306,0.0192
1.5,12,0.1,estimated_ratio_clipped,571840,8207,10000,0.8207,1.2339407205581665,1.2339407205581665,0.0,127.40536244600828,5.0,1.7101115737910975,0.18727410372555608,0.27143240007372366,0.009119121850484713,2.70098083673094,0.7335547406682501,0.052631578947368425,5.0,0.8130587997420674,0.8280949037029804,0.9,0.7127258962744439,0.6285675999262763,-1.8009808367309401,0.306,0.0192
1.5,12,0.2,estimated_ratio_clipped,571840,7301,10000,0.7301,1.0785813331604004,1.0785813331604004,0.0,127.40536244600828,5.0,1.7101115737910975,0.18727410372555608,0.27143240007372366,0.009119121850484713,2.70098083673094,0.7335547406682501,0.052631578947368425,5.0,0.7213124340663721,0.7387108498834425,0.8,0.612725896274444,0.5285675999262764,-1.90098083673094,0.306,0.0192
1.5,13,0.05,unweighted,571841,7289,10000,0.7289,1.0906329154968262,1.0906329154968262,0.0,500.0,1.0,0.0,0.6374857267977343,1.2749714535954686,0.2722460216819491,14.75794082335199,1.0,1.0,1.0,0.7201007513668605,0.7375234541790436,0.95,0.31251427320226566,-0.32497145359546864,-13.807940823351991,0.29,0.0192
1.5,13,0.1,unweighted,571841,5346,10000,0.5346,0.9388169050216677,0.9388169050216676,0.0,500.0,1.0,0.0,0.6374857267977343,1.2749714535954686,0.2722460216819491,14.75794082335199,1.0,1.0,1.0,0.52481225399322,0.5443611733195292,0.9,0.2625142732022657,-0.3749714535954686,-13.85794082335199,0.29,0.0192
1.5,13,0.2,unweighted,571841,3132,10000,0.3132,0.8418755531311035,0.8418755531311035,0.0,500.0,1.0,0.0,0.6374857267977343,1.2749714535954686,0.2722460216819491,14.75794082335199,1.0,1.0,1.0,0.30418297923853665,0.32236048255274796,0.8,0.16251427320226575,-0.47497145359546855,-13.95794082335199,0.29,0.0192
1.5,13,0.05,oracle_ratio,571841,9720,10000,0.972,1.3203229592442514,1.3149404525756836,0.0,75.69500735477592,17.71382750812241,2.3675843099953857,4.445228907190568e-18,0.0,0.0,0.0,1.0,0.04978706836786395,20.08553692318767,0.9685808907869505,0.9750566147511307,0.95,0.95,0.95,0.95,0.29,0.0192
1.5,13,0.1,oracle_ratio,571841,9573,10000,0.9573,1.3149404525756836,1.3149404525756836,0.0,75.69500735477592,17.71382750812241,2.3675843099953857,4.445228907190568e-18,0.0,0.0,0.0,1.0,0.04978706836786395,20.08553692318767,0.95315861562209,0.9610901794680892,0.9,0.9,0.9,0.9,0.29,0.0192
1.5,13,0.2,oracle_ratio,571841,8902,10000,0.8902,1.2579421248555183,1.255275011062622,0.0,75.69500735477592,17.71382750812241,2.3675843099953857,4.445228907190568e-18,0.0,0.0,0.0,1.0,0.04978706836786395,20.08553692318767,0.8839218710670056,0.8961784566045183,0.8,0.8,0.8,0.8,0.29,0.0192
1.5,13,0.05,estimated_ratio,571841,9720,10000,0.972,1.319830347597599,1.3149404525756836,0.0,78.32171617385723,16.64753341778109,2.3203287452715577,0.01073115583756056,0.037550139592463214,5.955758054756007e-05,0.21827978476727536,0.9673580640260095,0.052631578947368425,18.832791044752813,0.9685808907869505,0.9750566147511307,0.95,0.9392688441624394,0.9124498604075367,0.7317202152327246,0.29,0.0192
1.5,13,0.1,estimated_ratio,571841,9573,10000,0.9573,1.3149404525756836,1.3149404525756836,0.0,78.32171617385723,16.64753341778109,2.3203287452715577,0.01073115583756056,0.037550139592463214,5.955758054756007e-05,0.21827978476727536,0.9673580640260095,0.052631578947368425,18.832791044752813,0.95315861562209,0.9610901794680892,0.9,0.8892688441624395,0.8624498604075368,0.6817202152327246,0.29,0.0192
1.5,13,0.2,estimated_ratio,571841,8750,10000,0.875,1.2560680033445357,1.255275011062622,0.0,78.32171617385723,16.64753341778109,2.3203287452715577,0.01073115583756056,0.037550139592463214,5.955758054756007e-05,0.21827978476727536,0.9673580640260095,0.052631578947368425,18.832791044752813,0.8683736740520526,0.8813383271699399,0.8,0.7892688441624395,0.7624498604075368,0.5817202152327247,0.29,0.0192
1.5,13,0.05,estimated_ratio_clipped,571841,9573,10000,0.9573,1.3149404525756836,1.3149404525756836,0.0,122.90339113306388,5.0,1.7516380897086383,0.18479941242283354,0.27833829750861894,0.009144205591922062,2.7046930460844623,0.7265699061098538,0.052631578947368425,5.0,0.95315861562209,0.9610901794680892,0.95,0.7652005875771664,0.671661702491381,-1.7546930460844623,0.29,0.0192
1.5,13,0.1,estimated_ratio_clipped,571841,9112,10000,0.9112,1.2814064979553224,1.2823160886764526,0.0,122.90339113306388,5.0,1.7516380897086383,0.18479941242283354,0.27833829750861894,0.009144205591922062,2.7046930460844623,0.7265699061098538,0.052631578947368425,5.0,0.9054657218649395,0.916618477875016,0.9,0.7152005875771665,0.6216617024913811,-1.8046930460844623,0.29,0.0192
1.5,13,0.2,estimated_ratio_clipped,571841,7641,10000,0.7641,1.147446216583252,1.1501529216766355,0.0,122.90339113306388,5.0,1.7516380897086383,0.18479941242283354,0.27833829750861894,0.009144205591922062,2.7046930460844623,0.7265699061098538,0.052631578947368425,5.0,0.7556783427606777,0.772318829299931,0.8,0.6152005875771664,0.5216617024913811,-1.9046930460844622,0.29,0.0192
1.5,14,0.05,unweighted,571842,7242,10000,0.7242,1.0730522871017456,1.0730522871017456,0.0,500.0,1.0,0.0,0.6374857267977343,1.2749714535954686,0.2722460216819491,14.75794082335199,1.0,1.0,1.0,0.715355763885527,0.7328720512450615,0.95,0.31251427320226566,-0.32497145359546864,-13.807940823351991,0.304,0.0192
1.5,14,0.1,unweighted,571842,5817,10000,0.5817,0.9646281003952026,0.9646281003952026,0.0,500.0,1.0,0.0,0.6374857267977343,1.2749714535954686,0.2722460216819491,14.75794082335199,1.0,1.0,1.0,0.5720023234878535,0.591334931178378,0.9,0.2625142732022657,-0.3749714535954686,-13.85794082335199,0.304,0.0192
1.5,14,0.2,unweighted,571842,3384,10000,0.3384,0.8579186201095581,0.8579186201095581,0.0,500.0,1.0,0.0,0.6374857267977343,1.2749714535954686,0.2722460216819491,14.75794082335199,1.0,1.0,1.0,0.3291897569621013,0.34773435131130126,0.8,0.16251427320226575,-0.47497145359546855,-13.95794082335199,0.304,0.0192
1.5,14,0.05,oracle_ratio,571842,10000,10000,1.0,1.3971300449371338,1.363731861114502,0.0,69.47233126335897,20.08553692318767,2.489399496909032,4.445228907190568e-18,0.0,0.0,0.0,1.0,0.04978706836786395,20.08553692318767,0.9996160016293234,1.0,0.95,0.95,0.95,0.95,0.304,0.0192
1.5,14,0.1,oracle_ratio,571842,9636,10000,0.9636,1.3186537971735,1.314333438873291,0.0,69.47233126335897,20.08553692318767,2.489399496909032,4.445228907190568e-18,0.0,0.0,0.0,1.0,0.04978706836786395,20.08553692318767,0.9597476825156893,0.9670962741950192,0.9,0.9,0.9,0.9,0.304,0.0192
1.5,14,0.2,oracle_ratio,571842,8381,10000,0.8381,1.245755910873413,1.245755910873413,0.0,69.47233126335897,20.08553692318767,2.489399496909032,4.445228907190568e-18,0.0,0.0,0.0,1.0,0.04978706836786395,20.08553692318767,0.8307506842640915,0.8451896560376568,0.8,0.8,0.8,0.8,0.304,0.0192
1.5,14,0.05,estimated_ratio,571842,10000,10000,1.0,1.390858641731739,1.363731861114502,0.0,72.58692011228611,18.78848203948958,2.4265805905244897,0.012696057614377032,0.0380579009516674,7.546359368685844e-05,0.24570485332912484,0.9706406963718808,0.053077713232486015,18.78848203948958,0.9996160016293234,1.0,0.95,0.9373039423856229,0.9119420990483326,0.7042951466708751,0.304,0.0192
1.5,14,0.1,estimated_ratio,571842,9636,10000,0.9636,1.3177299469709396,1.314333438873291,0.0,72.58692011228611,18.78848203948958,2.4265805905244897,0.012696057614377032,0.0380579009516674,7.546359368685844e-05,0.24570485332912484,0.9706406963718808,0.053077713232486015,18.78848203948958,0.9597476825156893,0.9670962741950192,0.9,0.887303942385623,0.8619420990483326,0.6542951466708752,0.304,0.0192
1.5,14,0.2,estimated_ratio,571842,8381,10000,0.8381,1.241895888197422,1.245755910873413,0.0,72.58692011228611,18.78848203948958,2.4265805905244897,0.012696057614377032,0.0380579009516674,7.546359368685844e-05,0.24570485332912484,0.9706406963718808,0.053077713232486015,18.78848203948958,0.8307506842640915,0.8451896560376568,0.8,0.787303942385623,0.7619420990483327,0.5542951466708752,0.304,0.0192
1.5,14,0.05,estimated_ratio_clipped,571842,9748,10000,0.9748,1.3225409119963647,1.329429030418396,0.0,129.11781021403445,5.0,1.694825201712782,0.1860290721263987,0.2786746732014654,0.00916000531117819,2.7070286753085107,0.730023924122083,0.053077713232486015,5.0,0.9715409673040286,0.9776943878431769,0.95,0.7639709278736013,0.6713253267985346,-1.7570286753085107,0.304,0.0192
1.5,14,0.1,estimated_ratio_clipped,571842,8785,10000,0.8785,1.2554310962677002,1.257892370223999,0.0,129.11781021403445,5.0,1.694825201712782,0.1860290721263987,0.2786746732014654,0.00916000531117819,2.7070286753085107,0.730023924122083,0.053077713232486015,5.0,0.8719508884456331,0.8847584247877647,0.9,0.7139709278736013,0.6213253267985346,-1.8070286753085107,0.304,0.0192
1.5,14,0.2,estimated_ratio_clipped,571842,7355,10000,0.7355,1.0781942999362946,1.0785813331604004,0.0,129.11781021403445,5.0,1.694825201712782,0.1860290721263987,0.2786746732014654,0.00916000531117819,2.7070286753085107,0.730023924122083,0.053077713232486015,5.0,0.7267660086477485,0.7440531281196627,0.8,0.6139709278736014,0.5213253267985347,-1.9070286753085106,0.304,0.0192
1.5,15,0.05,unweighted,571843,6594,10000,0.6594,1.02435564994812,1.02435564994812,0.0,500.0,1.0,0.0,0.6374857267977343,1.2749714535954686,0.2722460216819491,14.75794082335199,1.0,1.0,1.0,0.6500518874939154,0.6686256938255128,0.95,0.31251427320226566,-0.32497145359546864,-13.807940823351991,0.298,0.0192
1.5,15,0.1,unweighted,571843,5474,10000,0.5474,0.9388169050216677,0.9388169050216676,0.0,500.0,1.0,0.0,0.6374857267977343,1.2749714535954686,0.2722460216819491,14.75794082335199,1.0,1.0,1.0,0.5376279699065978,0.557135627047862,0.9,0.2625142732022657,-0.3749714535954686,-13.85794082335199,0.298,0.0192
1.5,15,0.2,unweighted,571843,3051,10000,0.3051,0.8344962000846863,0.8344962000846863,0.0,500.0,1.0,0.0,0.6374857267977343,1.2749714535954686,0.2722460216819491,14.75794082335199,1.0,1.0,1.0,0.29615161414697927,0.31419806841791037,0.8,0.16251427320226575,-0.47497145359546855,-13.95794082335199,0.298,0.0192
1.5,15,0.05,oracle_ratio,571843,9565,10000,0.9565,1.3128925508737563,1.2983108758926392,0.0,73.85011488242378,18.279115201369603,2.4021802954527716,4.445228907190568e-18,0.0,0.0,0.0,1.0,0.04978706836786395,20.08553692318767,0.9523237002906056,0.9603257091969667,0.95,0.95,0.95,0.95,0.298,0.0192
1.5,15,0.1,oracle_ratio,571843,9276,10000,0.9276,1.2965743933916092,1.2983108758926392,0.0,73.85011488242378,18.279115201369603,2.4021802954527716,4.445228907190568e-18,0.0,0.0,0.0,1.0,0.04978706836786395,20.08553692318767,0.9223548953281273,0.93251670926527,0.9,0.9,0.9,0.9,0.298,0.0192
1.5,15,0.2,oracle_ratio,571843,8224,10000,0.8224,1.2100645820498466,1.20262348651886,0.0,73.85011488242378,18.279115201369603,2.4021802954527716,4.445228907190568e-18,0.0,0.0,0.0,1.0,0.04978706836786395,20.08553692318767,0.814786108612755,0.8297662892378328,0.8,0.8,0.8,0.8,0.298,0.0192
1.5,15,0.05,estimated_ratio,571843,9565,10000,0.9565,1.3128925508737563,1.2983108758926392,0.0,73.16720505877994,18.474782339734364,2.415297641905927,0.003105454749130882,0.007289165287136173,4.0029541822067155e-06,0.05658942786214906,1.0026316163661901,0.052631578947368425,18.999999999999982,0.9523237002906056,0.9603257091969667,0.95,0.946894545250869,0.9427108347128638,0.8934105721378509,0.298,0.0192
1.5,15,0.1,estimated_ratio,571843,9276,10000,0.9276,1.2983108758926392,1.2983108758926392,0.0,73.16720505877994,18.474782339734364,2.415297641905927,0.003105454749130882,0.007289165287136173,4.0029541822067155e-06,0.05658942786214906,1.0026316163661901,0.052631578947368425,18.999999999999982,0.9223548953281273,0.93251670926527,0.9,0.8968945452508691,0.8927108347128638,0.843410572137851,0.298,0.0192
1.5,15,0.2,estimated_ratio,571843,8258,10000,0.8258,1.2124556449890136,1.20262348651886,0.0,73.16720505877994,18.474782339734364,2.415297641905927,0.003105454749130882,0.007289165287136173,4.0029541822067155e-06,0.05658942786214906,1.0026316163661901,0.052631578947368425,18.999999999999982,0.8182414895658418,0.8331082970958253,0.8,0.7968945452508691,0.7927108347128639,0.743410572137851,0.298,0.0192
1.5,15,0.05,estimated_ratio_clipped,571843,9276,10000,0.9276,1.2983108758926392,1.2983108758926392,0.0,125.48883735175461,5.0,1.727546856297255,0.18659127422550817,0.2699866771694376,0.009118011688340762,2.7008164229863176,0.7316140692477837,0.052631578947368425,5.0,0.9223548953281273,0.93251670926527,0.95,0.7634087257744918,0.6800133228305624,-1.7508164229863177,0.298,0.0192
1.5,15,0.1,estimated_ratio_clipped,571843,8591,10000,0.8591,1.249324160194397,1.255275011062622,0.0,125.48883735175461,5.0,1.727546856297255,0.18659127422550817,0.2699866771694376,0.009118011688340762,2.7008164229863176,0.7316140692477837,0.052631578947368425,5.0,0.8521429465272456,0.8657812658429342,0.9,0.7134087257744919,0.6300133228305624,-1.8008164229863177,0.298,0.0192
1.5,15,0.2,estimated_ratio_clipped,571843,6594,10000,0.6594,1.0223578250169754,1.02435564994812,0.0,125.48883735175461,5.0,1.727546856297255,0.18659127422550817,0.2699866771694376,0.009118011688340762,2.7008164229863176,0.7316140692477837,0.052631578947368425,5.0,0.6500518874939154,0.6686256938255128,0.8,0.6134087257744919,0.5300133228305625,-1.9008164229863176,0.298,0.0192
1.5,16,0.05,unweighted,571844,6389,10000,0.6389,1.0092549324035645,1.0092549324035645,0.0,500.0,1.0,0.0,0.6374857267977343,1.2749714535954686,0.2722460216819491,14.75794082335199,1.0,1.0,1.0,0.6294342306164944,0.6482590946361317,0.95,0.31251427320226566,-0.32497145359546864,-13.807940823351991,0.284,0.0192
1.5,16,0.1,unweighted,571844,4998,10000,0.4998,0.9269172549247742,0.9269172549247742,0.0,500.0,1.0,0.0,0.6374857267977343,1.2749714535954686,0.2722460216819491,14.75794082335199,1.0,1.0,1.0,0.490002139398613,0.5095980142007352,0.9,0.2625142732022657,-0.3749714535954686,-13.85794082335199,0.284,0.0192
1.5,16,0.2,unweighted,571844,2580,10000,0.258,0.8001759052276611,0.8001759052276611,0.0,500.0,1.0,0.0,0.6374857267977343,1.2749714535954686,0.2722460216819491,14.75794082335199,1.0,1.0,1.0,0.24951856187821417,0.26666729333319317,0.8,0.16251427320226575,-0.47497145359546855,-13.95794082335199,0.284,0.0192
1.5,16,0.05,oracle_ratio,571844,8556,10000,0.8556,1.2384303879737855,1.2334575653076172,0.0,68.48346934736708,14.217168189903928,2.510185647083864,4.445228907190568e-18,0.0,0.0,0.0,1.0,0.04978706836786395,20.08553692318767,0.8485742468645753,0.8623526534941995,0.95,0.95,0.95,0.95,0.284,0.0192
1.5,16,0.1,oracle_ratio,571844,7993,10000,0.7993,1.2181911163926125,1.2281887531280518,0.0,68.48346934736708,14.217168189903928,2.510185647083864,4.445228907190568e-18,0.0,0.0,0.0,1.0,0.04978706836786395,20.08553692318767,0.7913356081893786,0.8070345303859344,0.9,0.9,0.9,0.9,0.284,0.0192
1.5,16,0.2,oracle_ratio,571844,6509,10000,0.6509,1.0187374886870384,1.0092549324035645,0.0,68.48346934736708,14.217168189903928,2.510185647083864,4.445228907190568e-18,0.0,0.0,0.0,1.0,0.04978706836786395,20.08553692318767,0.641500802246201,0.660183307045529,0.8,0.8,0.8,0.8,0.284,0.0192
1.5,16,0.05,estimated_ratio,571844,8556,10000,0.8556,1.2384303879737855,1.2334575653076172,0.0,68.57419064826276,14.84344117056443,2.5082609449715725,0.0030682672213672713,0.04404186834694278,0.0001314087064021228,0.3242328871686187,1.041500792024272,0.052631578947368425,18.999999999999982,0.8485742468645753,0.8623526534941995,0.95,0.9469317327786326,0.9059581316530572,0.6257671128313813,0.284,0.0192
1.5,16,0.1,estimated_ratio,571844,7993,10000,0.7993,1.2181911163926125,1.2281887531280518,0.0,68.57419064826276,14.84344117056443,2.5082609449715725,0.0030682672213672713,0.04404186834694278,0.0001314087064021228,0.3242328871686187,1.041500792024272,0.052631578947368425,18.999999999999982,0.7913356081893786,0.8070345303859344,0.9,0.8969317327786328,0.8559581316530572,0.5757671128313813,0.284,0.0192
1.5,16,0.2,estimated_ratio,571844,6509,10000,0.6509,1.0187374886870384,1.0092549324035645,0.0,68.57419064826276,14.84344117056443,2.5082609449715725,0.0030682672213672713,0.04404186834694278,0.0001314087064021228,0.3242328871686187,1.041500792024272,0.052631578947368425,18.999999999999982,0.641500802246201,0.660183307045529,0.8,0.7969317327786327,0.7559581316530573,0.47576711283138134,0.284,0.0192
1.5,16,0.05,estimated_ratio_clipped,571844,8030,10000,0.803,1.2315002015829086,1.2334575653076172,0.0,117.32976631389589,5.0,1.8059604616059126,0.19398774771956084,0.28924577153800346,0.009224749664741351,2.716578681318301,0.7529896362146249,0.052631578947368425,5.0,0.7950888666539717,0.8106784303333983,0.95,0.7560122522804391,0.6607542284619965,-1.766578681318301,0.284,0.0192
1.5,16,0.1,estimated_ratio_clipped,571844,7829,10000,0.7829,1.1948036970973015,1.20262348651886,0.0,117.32976631389589,5.0,1.8059604616059126,0.19398774771956084,0.28924577153800346,0.009224749664741351,2.716578681318301,0.7529896362146249,0.052631578947368425,5.0,0.7747118199190131,0.7908709138028582,0.9,0.7060122522804392,0.6107542284619966,-1.8165786813183011,0.284,0.0192
1.5,16,0.2,estimated_ratio_clipped,571844,6348,10000,0.6348,1.0066124247550965,1.0092549324035645,0.0,117.32976631389589,5.0,1.8059604616059126,0.19398774771956084,0.28924577153800346,0.009224749664741351,2.716578681318301,0.7529896362146249,0.052631578947368425,5.0,0.6253129509973764,0.6441835230418892,0.8,0.6060122522804392,0.5107542284619966,-1.916578681318301,0.284,0.0192
1.5,17,0.05,unweighted,571845,7410,10000,0.741,1.1275087594985962,1.1275087594985962,0.0,500.0,1.0,0.0,0.6374857267977343,1.2749714535954686,0.2722460216819491,14.75794082335199,1.0,1.0,1.0,0.732322286177631,0.7494926266077028,0.95,0.31251427320226566,-0.32497145359546864,-13.807940823351991,0.308,0.0192
1.5,17,0.1,unweighted,571845,5514,10000,0.5514,0.9429588913917542,0.9429588913917542,0.0,500.0,1.0,0.0,0.6374857267977343,1.2749714535954686,0.2722460216819491,14.75794082335199,1.0,1.0,1.0,0.5416342133404635,0.5611263116270311,0.9,0.2625142732022657,-0.3749714535954686,-13.85794082335199,0.308,0.0192
1.5,17,0.2,unweighted,571845,3110,10000,0.311,0.8346430063247681,0.8346430063247681,0.0,500.0,1.0,0.0,0.6374857267977343,1.2749714535954686,0.2722460216819491,14.75794082335199,1.0,1.0,1.0,0.3020012993705423,0.3201438520135733,0.8,0.16251427320226575,-0.47497145359546855,-13.95794082335199,0.308,0.0192
1.5,17,0.05,oracle_ratio,571845,9703,10000,0.9703,1.320368656373024,1.314333438873291,0.0,74.77326343339139,17.71382750812241,2.384718461924705,4.445228907190568e-18,0.0,0.0,0.0,1.0,0.04978706836786395,20.08553692318767,0.9667879426990309,0.9734508684335108,0.95,0.95,0.95,0.95,0.308,0.0192
1.5,17,0.1,oracle_ratio,571845,9284,10000,0.9284,1.2985283540844916,1.2983108758926392,0.0,74.77326343339139,17.71382750812241,2.384718461924705,4.445228907190568e-18,0.0,0.0,0.0,1.0,0.04978706836786395,20.08553692318767,0.9231805218521728,0.9332904683438313,0.9,0.9,0.9,0.9,0.308,0.0192
1.5,17,0.2,oracle_ratio,571845,8252,10000,0.8252,1.2336507307767868,1.2334575653076172,0.0,74.77326343339139,17.71382750812241,2.384718461924705,4.445228907190568e-18,0.0,0.0,0.0,1.0,0.04978706836786395,20.08553692318767,0.8176316417690291,0.8325186056906829,0.8,0.8,0.8,0.8,0.308,0.0192
1.5,17,0.05,estimated_ratio,571845,9703,10000,0.9703,1.3196138767957688,1.314333438873291,0.0,79.96970401327779,15.75215545951452,2.291804479146731,0.019488360157970043,0.07023934057627892,0.00020890133773361595,0.40880444002834987,0.9373346281742525,0.053832968497207735,17.786679972496227,0.9667879426990309,0.9734508684335108,0.95,0.9305116398420299,0.8797606594237211,0.54119555997165,0.308,0.0192
1.5,17,0.1,estimated_ratio,571845,9284,10000,0.9284,1.2983108758926392,1.2983108758926392,0.0,79.96970401327779,15.75215545951452,2.291804479146731,0.019488360157970043,0.07023934057627892,0.00020890133773361595,0.40880444002834987,0.9373346281742525,0.053832968497207735,17.786679972496227,0.9231805218521728,0.9332904683438313,0.9,0.88051163984203,0.8297606594237211,0.49119555997165015,0.308,0.0192
1.5,17,0.2,estimated_ratio,571845,8138,10000,0.8138,1.2335579649686814,1.2334575653076172,0.0,79.96970401327779,15.75215545951452,2.291804479146731,0.019488360157970043,0.07023934057627892,0.00020890133773361595,0.40880444002834987,0.9373346281742525,0.053832968497207735,17.786679972496227,0.8060505024199903,0.821308500202573,0.8,0.78051163984203,0.7297606594237211,0.3911955599716502,0.308,0.0192
1.5,17,0.05,estimated_ratio_clipped,571845,9284,10000,0.9284,1.2983108758926392,1.2983108758926392,0.0,127.5390176026408,5.0,1.7089086911058633,0.18235622381857536,0.28794302347791145,0.009212639818002542,2.7147949930707536,0.71963094527262,0.053832968497207735,5.0,0.9231805218521728,0.9332904683438313,0.95,0.7676437761814245,0.6620569765220885,-1.7647949930707536,0.308,0.0192
1.5,17,0.1,estimated_ratio_clipped,571845,8252,10000,0.8252,1.2339407205581665,1.2339407205581665,0.0,127.5390176026408,5.0,1.7089086911058633,0.18235622381857536,0.28794302347791145,0.009212639818002542,2.7147949930707536,0.71963094527262,0.053832968497207735,5.0,0.8176316417690291,0.8325186056906829,0.9,0.7176437761814247,0.6120569765220886,-1.8147949930707536,0.308,0.0192
1.5,17,0.2,estimated_ratio_clipped,571845,7330,10000,0.733,1.1083938320994378,1.1275087594985962,0.0,127.5390176026408,5.0,1.7089086911058633,0.18235622381857536,0.28794302347791145,0.009212639818002542,2.7147949930707536,0.71963094527262,0.053832968497207735,5.0,0.724241000693862,0.7415800560654027,0.8,0.6176437761814246,0.5120569765220886,-1.9147949930707535,0.308,0.0192
1.5,18,0.05,unweighted,571846,7336,10000,0.7336,1.1275087594985962,1.1275087594985962,0.0,500.0,1.0,0.0,0.6374857267977343,1.2749714535954686,0.2722460216819491,14.75794082335199,1.0,1.0,1.0,0.7248469702486172,0.7421736257126027,0.95,0.31251427320226566,-0.32497145359546864,-13.807940823351991,0.29,0.0192
1.5,18,0.1,unweighted,571846,5230,10000,0.523,0.9334120154380798,0.9334120154380798,0.0,500.0,1.0,0.0,0.6374857267977343,1.2749714535954686,0.2722460216819491,14.75794082335199,1.0,1.0,1.0,0.5132035975761893,0.5327787384987597,0.9,0.2625142732022657,-0.3749714535954686,-13.85794082335199,0.29,0.0192
1.5,18,0.2,unweighted,571846,2993,10000,0.2993,0.8297096490859985,0.8297096490859985,0.0,500.0,1.0,0.0,0.6374857267977343,1.2749714535954686,0.2722460216819491,14.75794082335199,1.0,1.0,1.0,0.29040277798913905,0.3083513589568505,0.8,0.16251427320226575,-0.47497145359546855,-13.95794082335199,0.29,0.0192
1.5,18,0.05,oracle_ratio,571846,10000,10000,1.0,1.4578642845153809,1.4578642845153809,0.0,63.519272914113124,19.464385039748105,2.621378764510193,4.445228907190568e-18,0.0,0.0,0.0,1.0,0.04978706836786395,20.08553692318767,0.9996160016293234,1.0,0.95,0.95,0.95,0.95,0.29,0.0192
1.5,18,0.1,oracle_ratio,571846,10000,10000,1.0,1.4578642845153809,1.4578642845153809,0.0,63.519272914113124,19.464385039748105,2.621378764510193,4.445228907190568e-18,0.0,0.0,0.0,1.0,0.04978706836786395,20.08553692318767,0.9996160016293234,1.0,0.9,0.9,0.9,0.9,0.29,0.0192
1.5,18,0.2,oracle_ratio,571846,8771,10000,0.8771,1.2559964254260063,1.2524614334106443,0.0,63.519272914113124,19.464385039748105,2.621378764510193,4.445228907190568e-18,0.0,0.0,0.0,1.0,0.04978706836786395,20.08553692318767,0.870519799926446,0.8833905885023896,0.8,0.8,0.8,0.8,0.29,0.0192
1.5,18,0.05,estimated_ratio,571846,10000,10000,1.0,1.4578642845153809,1.4578642845153809,0.0,65.78524399657336,18.65314283808227,2.569141616363613,0.00992426777018717,0.024977229020058996,4.9573190332731355e-05,0.19914455118376972,0.9854370711465803,0.05278627008235859,18.999999999999982,0.9996160016293234,1.0,0.95,0.9400757322298128,0.925022770979941,0.7508554488162302,0.29,0.0192
1.5,18,0.1,estimated_ratio,571846,10000,10000,1.0,1.4578642845153809,1.4578642845153809,0.0,65.78524399657336,18.65314283808227,2.569141616363613,0.00992426777018717,0.024977229020058996,4.9573190332731355e-05,0.19914455118376972,0.9854370711465803,0.05278627008235859,18.999999999999982,0.9996160016293234,1.0,0.9,0.8900757322298128,0.8750227709799411,0.7008554488162303,0.29,0.0192
1.5,18,0.2,estimated_ratio,571846,8464,10000,0.8464,1.2524614334106443,1.2524614334106443,0.0,65.78524399657336,18.65314283808227,2.569141616363613,0.00992426777018717,0.024977229020058996,4.9573190332731355e-05,0.19914455118376972,0.9854370711465803,0.05278627008235859,18.999999999999982,0.8392001459726277,0.8533338199561675,0.8,0.7900757322298129,0.7750227709799411,0.6008554488162303,0.29,0.0192
1.5,18,0.05,estimated_ratio_clipped,571846,10000,10000,1.0,1.4245319933891296,1.4578642845153809,0.0,124.05251366867176,5.0,1.7408478212868865,0.18763845646026184,0.2758198131964622,0.009153349967490471,2.70604507981526,0.734594486970177,0.05278627008235859,5.0,0.9996160016293234,1.0,0.95,0.7623615435397382,0.6741801868035378,-1.7560450798152603,0.29,0.0192
1.5,18,0.1,estimated_ratio_clipped,571846,8464,10000,0.8464,1.2524614334106443,1.2524614334106443,0.0,124.05251366867176,5.0,1.7408478212868865,0.18763845646026184,0.2758198131964622,0.009153349967490471,2.70604507981526,0.734594486970177,0.05278627008235859,5.0,0.8392001459726277,0.8533338199561675,0.9,0.7123615435397381,0.6241801868035378,-1.8060450798152603,0.29,0.0192
1.5,18,0.2,estimated_ratio_clipped,571846,7672,10000,0.7672,1.1590847413897514,1.172321081161499,0.0,124.05251366867176,5.0,1.7408478212868865,0.18763845646026184,0.2758198131964622,0.009153349967490471,2.70604507981526,0.734594486970177,0.05278627008235859,5.0,0.7588152320236106,0.7753795592470998,0.8,0.6123615435397383,0.5241801868035378,-1.9060450798152602,0.29,0.0192
1.5,19,0.05,unweighted,571847,6683,10000,0.6683,1.0344692468643188,1.0344692468643188,0.0,500.0,1.0,0.0,0.6374857267977343,1.2749714535954686,0.2722460216819491,14.75794082335199,1.0,1.0,1.0,0.6590089405188289,0.6774618056296013,0.95,0.31251427320226566,-0.32497145359546864,-13.807940823351991,0.288,0.0192
1.5,19,0.1,unweighted,571847,5153,10000,0.5153,0.9309626817703249,0.9309626817703248,0.0,500.0,1.0,0.0,0.6374857267977343,1.2749714535954686,0.2722460216819491,14.75794082335199,1.0,1.0,1.0,0.5055007731510511,0.5250874764988062,0.9,0.2625142732022657,-0.3749714535954686,-13.85794082335199,0.288,0.0192
1.5,19,0.2,unweighted,571847,2680,10000,0.268,0.8181185722351074,0.8181185722351074,0.0,500.0,1.0,0.0,0.6374857267977343,1.2749714535954686,0.2722460216819491,14.75794082335199,1.0,1.0,1.0,0.2594092718998606,0.2767689033441333,0.8,0.16251427320226575,-0.47497145359546855,-13.95794082335199,0.288,0.0192
1.5,19,0.05,oracle_ratio,571847,9394,10000,0.9394,1.298552415907383,1.3028135299682615,0.0,62.11329812710283,20.08553692318767,2.6551470770773107,4.445228907190568e-18,0.0,0.0,0.0,1.0,0.04978706836786395,20.08553692318767,0.9345527467286007,0.9439097955032486,0.95,0.95,0.95,0.95,0.288,0.0192
1.5,19,0.1,oracle_ratio,571847,8868,10000,0.8868,1.26173422113657,1.257892370223999,0.0,62.11329812710283,20.08553692318767,2.6551470770773107,4.445228907190568e-18,0.0,0.0,0.0,1.0,0.04978706836786395,20.08553692318767,0.8804409920243146,0.8928619468361301,0.9,0.9,0.9,0.9,0.288,0.0192
1.5,19,0.2,oracle_ratio,571847,7415,10000,0.7415,1.1262493869423866,1.1275087594985962,0.0,62.11329812710283,20.08553692318767,2.6551470770773107,4.445228907190568e-18,0.0,0.0,0.0,1.0,0.04978706836786395,20.08553692318767,0.732827489129078,0.7499870396578852,0.8,0.8,0.8,0.8,0.288,0.0192
1.5,19,0.05,estimated_ratio,571847,9394,10000,0.9394,1.2989623888731003,1.3028135299682615,0.0,62.02209480861702,18.999999999999982,2.6573752498135854,0.005644947339081154,0.030658296058649566,3.762881513845153e-05,0.1735023115429913,1.0281065448140798,0.052631578947368425,18.999999999999982,0.9345527467286007,0.9439097955032486,0.95,0.9443550526609188,0.9193417039413504,0.7764976884570086,0.288,0.0192
1.5,19,0.1,estimated_ratio,571847,8868,10000,0.8868,1.2624351818561554,1.257892370223999,0.0,62.02209480861702,18.999999999999982,2.6573752498135854,0.005644947339081154,0.030658296058649566,3.762881513845153e-05,0.1735023115429913,1.0281065448140798,0.052631578947368425,18.999999999999982,0.8804409920243146,0.8928619468361301,0.9,0.8943550526609189,0.8693417039413505,0.7264976884570087,0.288,0.0192
1.5,19,0.2,estimated_ratio,571847,7380,10000,0.738,1.119482980775833,1.1275087594985962,0.0,62.02209480861702,18.999999999999982,2.6573752498135854,0.005644947339081154,0.030658296058649566,3.762881513845153e-05,0.1735023115429913,1.0281065448140798,0.052631578947368425,18.999999999999982,0.7292913732518825,0.7465258435236753,0.8,0.7943550526609189,0.7693417039413505,0.6264976884570087,0.288,0.0192
1.5,19,0.05,estimated_ratio_clipped,571847,9113,10000,0.9113,1.2792191611766814,1.2823160886764526,0.0,114.16383072351151,5.0,1.838388108228162,0.19023327933788997,0.27835220455392035,0.009136393519012357,2.7035374632525224,0.7420853943086425,0.052631578947368425,5.0,0.9055685150302839,0.9167156079099974,0.95,0.7597667206621099,0.6716477954460796,-1.7535374632525225,0.288,0.0192
1.5,19,0.1,estimated_ratio_clipped,571847,7864,10000,0.7864,1.2003762345790863,1.20262348651886,0.0,114.16383072351151,5.0,1.838388108228162,0.19023327933788997,0.27835220455392035,0.009136393519012357,2.7035374632525224,0.7420853943086425,0.052631578947368425,5.0,0.7782579473786837,0.7943220983545927,0.9,0.7097667206621101,0.6216477954460797,-1.8035374632525225,0.288,0.0192
1.5,19,0.2,estimated_ratio_clipped,571847,6806,10000,0.6806,1.0421744585037231,1.0421744585037231,0.0,114.16383072351151,5.0,1.838388108228162,0.19023327933788997,0.27835220455392035,0.009136393519012357,2.7035374632525224,0.7420853943086425,0.052631578947368425,5.0,0.6713939232917513,0.6896673764967604,0.8,0.60976672066211,0.5216477954460796,-1.9035374632525224,0.288,0.0192
1.5,20,0.05,unweighted,571848,7348,10000,0.7348,1.0785813331604004,1.0785813331604004,0.0,500.0,1.0,0.0,0.6374857267977343,1.2749714535954686,0.2722460216819491,14.75794082335199,1.0,1.0,1.0,0.7260589706092622,0.743360703755868,0.95,0.31251427320226566,-0.32497145359546864,-13.807940823351991,0.298,0.0192
1.5,20,0.1,unweighted,571848,5342,10000,0.5342,0.9334120154380798,0.9334120154380798,0.0,500.0,1.0,0.0,0.6374857267977343,1.2749714535954686,0.2722460216819491,14.75794082335199,1.0,1.0,1.0,0.524411867241204,0.5439618672702417,0.9,0.2625142732022657,-0.3749714535954686,-13.85794082335199,0.298,0.0192
1.5,20,0.2,unweighted,571848,3410,10000,0.341,0.8686240911483765,0.8686240911483765,0.0,500.0,1.0,0.0,0.6374857267977343,1.2749714535954686,0.2722460216819491,14.75794082335199,1.0,1.0,1.0,0.3317715208944786,0.3503505905873965,0.8,0.16251427320226575,-0.47497145359546855,-13.95794082335199,0.298,0.0192
1.5,20,0.05,oracle_ratio,571848,9310,10000,0.931,1.284903764820099,1.279902100563049,0.0,80.14052795382376,16.63515662153947,2.2888950401995336,4.445228907190568e-18,0.0,0.0,0.0,1.0,0.04978706836786395,20.08553692318767,0.9258650839929272,0.9358039094115496,0.95,0.95,0.95,0.95,0.298,0.0192
1.5,20,0.1,oracle_ratio,571848,7753,10000,0.7753,1.158166804254055,1.1501529216766355,0.0,80.14052795382376,16.63515662153947,2.2888950401995336,4.445228907190568e-18,0.0,0.0,0.0,1.0,0.04978706836786395,20.08553692318767,0.7670145849359258,0.7833739855611797,0.9,0.9,0.9,0.9,0.298,0.0192
1.5,20,0.2,oracle_ratio,571848,7348,10000,0.7348,1.0785813331604004,1.0785813331604004,0.0,80.14052795382376,16.63515662153947,2.2888950401995336,4.445228907190568e-18,0.0,0.0,0.0,1.0,0.04978706836786395,20.08553692318767,0.7260589706092622,0.743360703755868,0.8,0.8,0.8,0.8,0.298,0.0192
1.5,20,0.05,estimated_ratio,571848,9310,10000,0.931,1.2844766812324524,1.279902100563049,0.0,83.61104854489668,15.127814842172581,2.2316072504074778,0.013285455957815448,0.061033126011334746,0.00014721099667360204,0.3431745872568096,0.941190674735813,0.052631578947368425,18.187300368489826,0.9258650839929272,0.9358039094115496,0.95,0.9367145440421845,0.8889668739886653,0.6068254127431904,0.298,0.0192
1.5,20,0.1,estimated_ratio,571848,7753,10000,0.7753,1.1562996133446692,1.1501529216766355,0.0,83.61104854489668,15.127814842172581,2.2316072504074778,0.013285455957815448,0.061033126011334746,0.00014721099667360204,0.3431745872568096,0.941190674735813,0.052631578947368425,18.187300368489826,0.7670145849359258,0.7833739855611797,0.9,0.8867145440421845,0.8389668739886653,0.5568254127431904,0.298,0.0192
1.5,20,0.2,estimated_ratio,571848,7348,10000,0.7348,1.0785813331604004,1.0785813331604004,0.0,83.61104854489668,15.127814842172581,2.2316072504074778,0.013285455957815448,0.061033126011334746,0.00014721099667360204,0.3431745872568096,0.941190674735813,0.052631578947368425,18.187300368489826,0.7260589706092622,0.743360703755868,0.8,0.7867145440421845,0.7389668739886653,0.45682541274319044,0.298,0.0192
1.5,20,0.05,estimated_ratio_clipped,571848,8986,10000,0.8986,1.2488101356267929,1.279902100563049,0.0,126.3262262819545,5.0,1.7198855497162153,0.18106501947580017,0.2862507652246829,0.009182538293012752,2.7103561822037707,0.7159730355224649,0.052631578947368425,5.0,0.892529793093317,0.9043640834055794,0.95,0.7689349805241998,0.6637492347753171,-1.7603561822037708,0.298,0.0192
1.5,20,0.1,estimated_ratio_clipped,571848,7560,10000,0.756,1.1365677679777146,1.1369203329086304,0.0,126.3262262819545,5.0,1.7198855497162153,0.18106501947580017,0.2862507652246829,0.009182538293012752,2.7103561822037707,0.7159730355224649,0.052631578947368425,5.0,0.747484836014148,0.7643185568200657,0.9,0.7189349805241998,0.6137492347753171,-1.8103561822037708,0.298,0.0192
1.5,20,0.2,estimated_ratio_clipped,571848,6925,10000,0.6925,1.0368389320850373,1.0421744585037231,0.0,126.3262262819545,5.0,1.7198855497162153,0.18106501947580017,0.2862507652246829,0.009182538293012752,2.7103561822037707,0.7159730355224649,0.052631578947368425,5.0,0.6833830986612363,0.7014690619660532,0.8,0.6189349805241999,0.5137492347753172,-1.9103561822037707,0.298,0.0192
1.5,21,0.05,unweighted,571849,7366,10000,0.7366,1.1275087594985962,1.1275087594985962,0.0,500.0,1.0,0.0,0.6374857267977343,1.2749714535954686,0.2722460216819491,14.75794082335199,1.0,1.0,1.0,0.7278771249423176,0.7451411670286782,0.95,0.31251427320226566,-0.32497145359546864,-13.807940823351991,0.306,0.0192
1.5,21,0.1,unweighted,571849,6240,10000,0.624,0.98867267370224,0.98867267370224,0.0,500.0,1.0,0.0,0.6374857267977343,1.2749714535954686,0.2722460216819491,14.75794082335199,1.0,1.0,1.0,0.6144604138593812,0.6334443545446911,0.9,0.2625142732022657,-0.3749714535954686,-13.85794082335199,0.306,0.0192
1.5,21,0.2,unweighted,571849,3812,10000,0.3812,0.8882631659507751,0.8882631659507751,0.0,500.0,1.0,0.0,0.6374857267977343,1.2749714535954686,0.2722460216819491,14.75794082335199,1.0,1.0,1.0,0.3717281542285527,0.39076308378431995,0.8,0.16251427320226575,-0.47497145359546855,-13.95794082335199,0.306,0.0192
1.5,21,0.05,oracle_ratio,571849,9446,10000,0.9446,1.309866195678711,1.314333438873291,0.0,80.60027981569797,20.08553692318767,2.28110771537413,4.445228907190568e-18,0.0,0.0,0.0,1.0,0.04978706836786395,20.08553692318767,0.9399432845169581,0.9489152641318362,0.95,0.95,0.95,0.95,0.306,0.0192
1.5,21,0.1,oracle_ratio,571849,8986,10000,0.8986,1.2777153598189352,1.279902100563049,0.0,80.60027981569797,20.08553692318767,2.28110771537413,4.445228907190568e-18,0.0,0.0,0.0,1.0,0.04978706836786395,20.08553692318767,0.892529793093317,0.9043640834055794,0.9,0.9,0.9,0.9,0.306,0.0192
1.5,21,0.2,oracle_ratio,571849,8051,10000,0.8051,1.2151433703541756,1.20262348651886,0.0,80.60027981569797,20.08553692318767,2.28110771537413,4.445228907190568e-18,0.0,0.0,0.0,1.0,0.04978706836786395,20.08553692318767,0.7972195668559101,0.812746117338303,0.8,0.8,0.8,0.8,0.306,0.0192
1.5,21,0.05,estimated_ratio,571849,9446,10000,0.9446,1.3097786443710326,1.314333438873291,0.0,81.2661306820192,18.999999999999982,2.2699393525424907,0.0018948350469731251,0.038018126710274824,8.116328321754284e-05,0.2548148868767959,0.9621156141488132,0.052631578947368425,18.999999999999982,0.9399432845169581,0.9489152641318362,0.95,0.9481051649530269,0.9119818732897251,0.6951851131232041,0.306,0.0192
1.5,21,0.1,estimated_ratio,571849,8986,10000,0.8986,1.2776704308390616,1.279902100563049,0.0,81.2661306820192,18.999999999999982,2.2699393525424907,0.0018948350469731251,0.038018126710274824,8.116328321754284e-05,0.2548148868767959,0.9621156141488132,0.052631578947368425,18.999999999999982,0.892529793093317,0.9043640834055794,0.9,0.898105164953027,0.8619818732897252,0.6451851131232041,0.306,0.0192
1.5,21,0.2,estimated_ratio,571849,8051,10000,0.8051,1.2143206208825112,1.20262348651886,0.0,81.2661306820192,18.999999999999982,2.2699393525424907,0.0018948350469731251,0.038018126710274824,8.116328321754284e-05,0.2548148868767959,0.9621156141488132,0.052631578947368425,18.999999999999982,0.7972195668559101,0.812746117338303,0.8,0.798105164953027,0.7619818732897252,0.5451851131232042,0.306,0.0192
1.5,21,0.05,estimated_ratio_clipped,571849,9317,10000,0.9317,1.2968611406087873,1.3028135299682615,0.0,131.94678807037806,5.0,1.6701516026845868,0.18097745606877846,0.2844074216214663,0.00917637064566892,2.709445795090785,0.7157263192376216,0.052631578947368425,5.0,0.9265881932344906,0.936480262572267,0.95,0.7690225439312215,0.6655925783785337,-1.759445795090785,0.306,0.0192
1.5,21,0.1,estimated_ratio_clipped,571849,8897,10000,0.8897,1.2708528881072998,1.2739903926849363,0.0,131.94678807037806,5.0,1.6701516026845868,0.18097745606877846,0.2844074216214663,0.00917637064566892,2.709445795090785,0.7157263192376216,0.052631578947368425,5.0,0.8834098627827358,0.8956908488871589,0.9,0.7190225439312216,0.6155925783785337,-1.809445795090785,0.306,0.0192
1.5,21,0.2,estimated_ratio_clipped,571849,7366,10000,0.7366,1.1279777629852294,1.1282352209091189,0.0,131.94678807037806,5.0,1.6701516026845868,0.18097745606877846,0.2844074216214663,0.00917637064566892,2.709445795090785,0.7157263192376216,0.052631578947368425,5.0,0.7278771249423176,0.7451411670286782,0.8,0.6190225439312216,0.5155925783785338,-1.9094457950907848,0.306,0.0192
1.5,22,0.05,unweighted,571850,7051,10000,0.7051,1.0627883672714231,1.0627883672714231,0.0,500.0,1.0,0.0,0.6374857267977343,1.2749714535954686,0.2722460216819491,14.75794082335199,1.0,1.0,1.0,0.6960852184224987,0.7139572654458496,0.95,0.31251427320226566,-0.32497145359546864,-13.807940823351991,0.282,0.0192
1.5,22,0.1,unweighted,571850,5303,10000,0.5303,0.9309626817703249,0.9309626817703248,0.0,500.0,1.0,0.0,0.6374857267977343,1.2749714535954686,0.2722460216819491,14.75794082335199,1.0,1.0,1.0,0.5205084270693136,0.5400683026294234,0.9,0.2625142732022657,-0.3749714535954686,-13.85794082335199,0.282,0.0192
1.5,22,0.2,unweighted,571850,2399,10000,0.2399,0.7908979058265686,0.7908979058265686,0.0,500.0,1.0,0.0,0.6374857267977343,1.2749714535954686,0.2722460216819491,14.75794082335199,1.0,1.0,1.0,0.23163140698885307,0.24836834896357288,0.8,0.16251427320226575,-0.47497145359546855,-13.95794082335199,0.282,0.0192
1.5,22,0.05,oracle_ratio,571850,9530,10000,0.953,1.308563009917736,1.3149404525756836,0.0,65.16889314886062,20.08553692318767,2.5830935207779815,4.445228907190568e-18,0.0,0.0,0.0,1.0,0.04978706836786395,20.08553692318767,0.9486751536463595,0.9569769438298074,0.95,0.95,0.95,0.95,0.282,0.0192
1.5,22,0.1,oracle_ratio,571850,9272,10000,0.9272,1.28476753988266,1.279902100563049,0.0,65.16889314886062,20.08553692318767,2.5830935207779815,4.445228907190568e-18,0.0,0.0,0.0,1.0,0.04978706836786395,20.08553692318767,0.9219421496641167,0.9321297621279772,0.9,0.9,0.9,0.9,0.282,0.0192
1.5,22,0.2,oracle_ratio,571850,8374,10000,0.8374,1.2414693598270417,1.245755910873413,0.0,65.16889314886062,20.08553692318767,2.5830935207779815,4.445228907190568e-18,0.0,0.0,0.0,1.0,0.04978706836786395,20.08553692318767,0.8300383935699639,0.8445024843295036,0.8,0.8,0.8,0.8,0.282,0.0192
1.5,22,0.05,estimated_ratio,571850,9530,10000,0.953,1.3092381707310676,1.3149404525756836,0.0,64.06690544223468,18.999999999999982,2.6085132471926973,0.015100905347286569,0.04790963387768615,9.873615925590898e-05,0.28104968849782985,1.0380929329810114,0.052631578947368425,18.999999999999982,0.9486751536463595,0.9569769438298074,0.95,0.9348990946527134,0.9020903661223139,0.6689503115021701,0.282,0.0192
1.5,22,0.1,estimated_ratio,571850,9272,10000,0.9272,1.2858039539337158,1.279902100563049,0.0,64.06690544223468,18.999999999999982,2.6085132471926973,0.015100905347286569,0.04790963387768615,9.873615925590898e-05,0.28104968849782985,1.0380929329810114,0.052631578947368425,18.999999999999982,0.9219421496641167,0.9321297621279772,0.9,0.8848990946527134,0.8520903661223138,0.6189503115021702,0.282,0.0192
1.5,22,0.2,estimated_ratio,571850,8374,10000,0.8374,1.2410404684185983,1.245755910873413,0.0,64.06690544223468,18.999999999999982,2.6085132471926973,0.015100905347286569,0.04790963387768615,9.873615925590898e-05,0.28104968849782985,1.0380929329810114,0.052631578947368425,18.999999999999982,0.8300383935699639,0.8445024843295036,0.8,0.7848990946527135,0.752090366122314,0.5189503115021702,0.282,0.0192
1.5,22,0.05,estimated_ratio_clipped,571850,9272,10000,0.9272,1.2936921141624451,1.2983108758926392,0.0,106.95278027416826,5.0,1.9170185923924097,0.18865780848715147,0.2810508725742339,0.009166311732977234,2.7079603738573774,0.7375191126768512,0.052631578947368425,5.0,0.9219421496641167,0.9321297621279772,0.95,0.7613421915128484,0.6689491274257661,-1.7579603738573775,0.282,0.0192
1.5,22,0.1,estimated_ratio_clipped,571850,8745,10000,0.8745,1.2532380380630492,1.257892370223999,0.0,106.95278027416826,5.0,1.9170185923924097,0.18865780848715147,0.2810508725742339,0.009166311732977234,2.7079603738573774,0.7375191126768512,0.052631578947368425,5.0,0.8678627801215489,0.8808496050988143,0.9,0.7113421915128486,0.6189491274257661,-1.8079603738573775,0.282,0.0192
1.5,22,0.2,estimated_ratio_clipped,571850,7510,10000,0.751,1.1350888273715973,1.1369203329086304,0.0,106.95278027416826,5.0,1.9170185923924097,0.18865780848715147,0.2810508725742339,0.009166311732977234,2.7079603738573774,0.7375191126768512,0.052631578947368425,5.0,0.742429148808292,0.7593780840096284,0.8,0.6113421915128485,0.5189491274257662,-1.9079603738573774,0.282,0.0192
1.5,23,0.05,unweighted,571851,6700,10000,0.67,1.031848669052124,1.031848669052124,0.0,500.0,1.0,0.0,0.6374857267977343,1.2749714535954686,0.2722460216819491,14.75794082335199,1.0,1.0,1.0,0.6607202587518153,0.6791491818021547,0.95,0.31251427320226566,-0.32497145359546864,-13.807940823351991,0.304,0.0192
1.5,23,0.1,unweighted,571851,5759,10000,0.5759,0.95711350440979,0.95711350440979,0.0,500.0,1.0,0.0,0.6374857267977343,1.2749714535954686,0.2722460216819491,14.75794082335199,1.0,1.0,1.0,0.5661864185321294,0.5855552905152018,0.9,0.2625142732022657,-0.3749714535954686,-13.85794082335199,0.304,0.0192
1.5,23,0.2,unweighted,571851,3428,10000,0.3428,0.8686240911483765,0.8686240911483765,0.0,500.0,1.0,0.0,0.6374857267977343,1.2749714535954686,0.2722460216819491,14.75794082335199,1.0,1.0,1.0,0.3335590780602227,0.3521616510275179,0.8,0.16251427320226575,-0.47497145359546855,-13.95794082335199,0.304,0.0192
1.5,23,0.05,oracle_ratio,571851,10000,10000,1.0,1.4578642845153809,1.4578642845153809,0.0,76.44739625152555,20.08553692318767,2.3538150146666723,4.445228907190568e-18,0.0,0.0,0.0,1.0,0.04978706836786395,20.08553692318767,0.9996160016293234,1.0,0.95,0.95,0.95,0.95,0.304,0.0192
1.5,23,0.1,oracle_ratio,571851,9745,10000,0.9745,1.3197762032032012,1.3149404525756836,0.0,76.44739625152555,20.08553692318767,2.3538150146666723,4.445228907190568e-18,0.0,0.0,0.0,1.0,0.04978706836786395,20.08553692318767,0.9712233682732674,0.9774122172729605,0.9,0.9,0.9,0.9,0.304,0.0192
1.5,23,0.2,oracle_ratio,571851,7526,10000,0.7526,1.1347319740056991,1.135647535324097,0.0,76.44739625152555,20.08553692318767,2.3538150146666723,4.445228907190568e-18,0.0,0.0,0.0,1.0,0.04978706836786395,20.08553692318767,0.7440468025460415,0.7609592014770928,0.8,0.8,0.8,0.8,0.304,0.0192
1.5,23,0.05,estimated_ratio,571851,10000,10000,1.0,1.4578642845153809,1.4578642845153809,0.0,77.20494840509663,18.999999999999982,2.340142905600371,0.005450760187760788,0.03328855584139409,4.6266361201123984e-05,0.19238786074204156,1.0307474795187235,0.052631578947368425,18.999999999999982,0.9996160016293234,1.0,0.95,0.9445492398122391,0.9167114441586058,0.7576121392579585,0.304,0.0192
1.5,23,0.1,estimated_ratio,571851,9745,10000,0.9745,1.3157232057094574,1.3149404525756836,0.0,77.20494840509663,18.999999999999982,2.340142905600371,0.005450760187760788,0.03328855584139409,4.6266361201123984e-05,0.19238786074204156,1.0307474795187235,0.052631578947368425,18.999999999999982,0.9712233682732674,0.9774122172729605,0.9,0.8945492398122392,0.8667114441586059,0.7076121392579584,0.304,0.0192
1.5,23,0.2,estimated_ratio,571851,7485,10000,0.7485,1.1153274141788483,1.1275087594985962,0.0,77.20494840509663,18.999999999999982,2.340142905600371,0.005450760187760788,0.03328855584139409,4.6266361201123984e-05,0.19238786074204156,1.0307474795187235,0.052631578947368425,18.999999999999982,0.7399018747785778,0.756907278031196,0.8,0.7945492398122392,0.7667114441586059,0.6076121392579585,0.304,0.0192
1.5,23,0.05,estimated_ratio_clipped,571851,9603,10000,0.9603,1.312318611907959,1.3149404525756836,0.0,130.56248939130126,5.0,1.6821366900341463,0.19076346767683822,0.27989094880837234,0.009143082746374272,2.7045269821355853,0.7436348134849938,0.052631578947368425,5.0,0.9562930025473177,0.9639534885526373,0.95,0.7592365323231618,0.6701090511916277,-1.7545269821355853,0.304,0.0192
1.5,23,0.1,estimated_ratio_clipped,571851,8201,10000,0.8201,1.2205186183094978,1.2339407205581665,0.0,130.56248939130126,5.0,1.6821366900341463,0.19076346767683822,0.27989094880837234,0.009143082746374272,2.7045269821355853,0.7436348134849938,0.052631578947368425,5.0,0.8124492212978461,0.8275049429452467,0.9,0.7092365323231618,0.6201090511916276,-1.8045269821355854,0.304,0.0192
1.5,23,0.2,estimated_ratio_clipped,571851,6951,10000,0.6951,1.040157234096527,1.0421744585037231,0.0,130.56248939130126,5.0,1.6821366900341463,0.19076346767683822,0.27989094880837234,0.009143082746374272,2.7045269821355853,0.7436348134849938,0.052631578947368425,5.0,0.6860035140072149,0.7040466498285471,0.8,0.6092365323231619,0.5201090511916278,-1.9045269821355852,0.304,0.0192
1.5,24,0.05,unweighted,571852,7306,10000,0.7306,1.0906329154968262,1.0906329154968262,0.0,500.0,1.0,0.0,0.6374857267977343,1.2749714535954686,0.2722460216819491,14.75794082335199,1.0,1.0,1.0,0.7218173256277824,0.7392055743236616,0.95,0.31251427320226566,-0.32497145359546864,-13.807940823351991,0.294,0.0192
1.5,24,0.1,unweighted,571852,5436,10000,0.5436,0.9388169050216677,0.9388169050216676,0.0,500.0,1.0,0.0,0.6374857267977343,1.2749714535954686,0.2722460216819491,14.75794082335199,1.0,1.0,1.0,0.5338226271877138,0.5533438881543631,0.9,0.2625142732022657,-0.3749714535954686,-13.85794082335199,0.294,0.0192
1.5,24,0.2,unweighted,571852,3039,10000,0.3039,0.8346430063247681,0.8346430063247681,0.0,500.0,1.0,0.0,0.6374857267977343,1.2749714535954686,0.2722460216819491,14.75794082335199,1.0,1.0,1.0,0.2949620604278738,0.3129885437331054,0.8,0.16251427320226575,-0.47497145359546855,-13.95794082335199,0.294,0.0192
1.5,24,0.05,oracle_ratio,571852,9458,10000,0.9458,1.3144601833343506,1.314333438873291,0.0,72.5452113018181,16.63515662153947,2.427396483075397,4.445228907190568e-18,0.0,0.0,0.0,1.0,0.04978706836786395,20.08553692318767,0.941188772138505,0.9500688549141996,0.95,0.95,0.95,0.95,0.294,0.0192
1.5,24,0.1,oracle_ratio,571852,9458,10000,0.9458,1.2938531853675843,1.3028135299682615,0.0,72.5452113018181,16.63515662153947,2.427396483075397,4.445228907190568e-18,0.0,0.0,0.0,1.0,0.04978706836786395,20.08553692318767,0.941188772138505,0.9500688549141996,0.9,0.9,0.9,0.9,0.294,0.0192
1.5,24,0.2,oracle_ratio,571852,7842,10000,0.7842,1.201985220205784,1.1966276168823242,0.0,72.5452113018181,16.63515662153947,2.427396483075397,4.445228907190568e-18,0.0,0.0,0.0,1.0,0.04978706836786395,20.08553692318767,0.7760288522589515,0.7921528830671559,0.8,0.8,0.8,0.8,0.294,0.0192
1.5,24,0.05,estimated_ratio,571852,9458,10000,0.9458,1.3144687422275543,1.314333438873291,0.0,70.25010785467423,17.213462523516093,2.473343242465519,0.008881436497956557,0.021164816686156263,3.5994149933093116e-05,0.16969183818461772,1.0098619960240223,0.052631578947368425,18.999999999999982,0.941188772138505,0.9500688549141996,0.95,0.9411185635020434,0.9288351833138437,0.7803081618153822,0.294,0.0192
1.5,24,0.1,estimated_ratio,571852,9458,10000,0.9458,1.2974555483818053,1.3028135299682615,0.0,70.25010785467423,17.213462523516093,2.473343242465519,0.008881436497956557,0.021164816686156263,3.5994149933093116e-05,0.16969183818461772,1.0098619960240223,0.052631578947368425,18.999999999999982,0.941188772138505,0.9500688549141996,0.9,0.8911185635020434,0.8788351833138438,0.7303081618153823,0.294,0.0192
1.5,24,0.2,estimated_ratio,571852,7842,10000,0.7842,1.206873889183998,1.1966276168823242,0.0,70.25010785467423,17.213462523516093,2.473343242465519,0.008881436497956557,0.021164816686156263,3.5994149933093116e-05,0.16969183818461772,1.0098619960240223,0.052631578947368425,18.999999999999982,0.7760288522589515,0.7921528830671559,0.8,0.7911185635020435,0.7788351833138438,0.6303081618153823,0.294,0.0192
1.5,24,0.05,estimated_ratio_clipped,571852,9458,10000,0.9458,1.3113048548221589,1.314333438873291,0.0,121.43678298168876,5.0,1.7656071543812462,0.18586085173713257,0.27456734812706785,0.009143235971694766,2.704549644091565,0.7295494684642259,0.052631578947368425,5.0,0.941188772138505,0.9500688549141996,0.95,0.7641391482628674,0.6754326518729321,-1.754549644091565,0.294,0.0192
1.5,24,0.1,estimated_ratio_clipped,571852,8527,10000,0.8527,1.254234831404686,1.255275011062622,0.0,121.43678298168876,5.0,1.7656071543812462,0.18586085173713257,0.27456734812706785,0.009143235971694766,2.704549644091565,0.7295494684642259,0.052631578947368425,5.0,0.8456183720868597,0.859510755462465,0.9,0.7141391482628674,0.6254326518729322,-1.8045496440915652,0.294,0.0192
1.5,24,0.2,estimated_ratio_clipped,571852,7341,10000,0.7341,1.1279666481256485,1.1282352209091189,0.0,121.43678298168876,5.0,1.7656071543812462,0.18586085173713257,0.27456734812706785,0.009143235971694766,2.704549644091565,0.7295494684642259,0.052631578947368425,5.0,0.7253519604608627,0.7426682515019865,0.8,0.6141391482628675,0.5254326518729322,-1.904549644091565,0.294,0.0192
1.5,25,0.05,unweighted,571853,7562,10000,0.7562,1.1369203329086304,1.1369203329086304,0.0,500.0,1.0,0.0,0.6374857267977343,1.2749714535954686,0.2722460216819491,14.75794082335199,1.0,1.0,1.0,0.7476870954267805,0.7645161438080847,0.95,0.31251427320226566,-0.32497145359546864,-13.807940823351991,0.302,0.0192
1.5,25,0.1,unweighted,571853,5716,10000,0.5716,0.95711350440979,0.95711350440979,0.0,500.0,1.0,0.0,0.6374857267977343,1.2749714535954686,0.2722460216819491,14.75794082335199,1.0,1.0,1.0,0.5618755083505884,0.5812695030827306,0.9,0.2625142732022657,-0.3749714535954686,-13.85794082335199,0.302,0.0192
1.5,25,0.2,unweighted,571853,3043,10000,0.3043,0.8346430063247681,0.8346430063247681,0.0,500.0,1.0,0.0,0.6374857267977343,1.2749714535954686,0.2722460216819491,14.75794082335199,1.0,1.0,1.0,0.29535857029404666,0.3133917266682361,0.8,0.16251427320226575,-0.47497145359546855,-13.95794082335199,0.302,0.0192
1.5,25,0.05,oracle_ratio,571853,9722,10000,0.9722,1.329429030418396,1.329429030418396,0.0,71.58993217540575,18.279115201369603,2.4462670110710385,4.445228907190568e-18,0.0,0.0,0.0,1.0,0.04978706836786395,20.08553692318767,0.9687920269633385,0.9752453249753943,0.95,0.95,0.95,0.95,0.302,0.0192
1.5,25,0.1,oracle_ratio,571853,9722,10000,0.9722,1.3250875382900238,1.329429030418396,0.0,71.58993217540575,18.279115201369603,2.4462670110710385,4.445228907190568e-18,0.0,0.0,0.0,1.0,0.04978706836786395,20.08553692318767,0.9687920269633385,0.9752453249753943,0.9,0.9,0.9,0.9,0.302,0.0192
1.5,25,0.2,oracle_ratio,571853,8921,10000,0.8921,1.269182411146164,1.2739903926849363,0.0,71.58993217540575,18.279115201369603,2.4462670110710385,4.445228907190568e-18,0.0,0.0,0.0,1.0,0.04978706836786395,20.08553692318767,0.8858678696561467,0.8980309988215686,0.8,0.8,0.8,0.8,0.302,0.0192
1.5,25,0.05,estimated_ratio,571853,9722,10000,0.9722,1.329429030418396,1.329429030418396,0.0,68.23531581043046,18.999999999999982,2.515468917989946,0.022942163765073666,0.0836062275408236,0.00026497048765846223,0.4604089379310199,1.0736024616168207,0.052631578947368425,18.999999999999982,0.9687920269633385,0.9752453249753943,0.95,0.9270578362349263,0.8663937724591764,0.48959106206898007,0.302,0.0192
1.5,25,0.1,estimated_ratio,571853,9722,10000,0.9722,1.3245697595000268,1.329429030418396,0.0,68.23531581043046,18.999999999999982,2.515468917989946,0.022942163765073666,0.0836062275408236,0.00026497048765846223,0.4604089379310199,1.0736024616168207,0.052631578947368425,18.999999999999982,0.9687920269633385,0.9752453249753943,0.9,0.8770578362349264,0.8163937724591764,0.43959106206898013,0.302,0.0192
1.5,25,0.2,estimated_ratio,571853,8921,10000,0.8921,1.2702417017459868,1.2739903926849363,0.0,68.23531581043046,18.999999999999982,2.515468917989946,0.022942163765073666,0.0836062275408236,0.00026497048765846223,0.4604089379310199,1.0736024616168207,0.052631578947368425,18.999999999999982,0.8858678696561467,0.8980309988215686,0.8,0.7770578362349264,0.7163937724591765,0.33959106206898015,0.302,0.0192
1.5,25,0.05,estimated_ratio_clipped,571853,9478,10000,0.9478,1.314333438873291,1.314333438873291,0.0,126.91639958272053,5.0,1.7145265233426534,0.19203232885112764,0.2910881537768382,0.009236032140757097,2.718239450932474,0.7473693288521271,0.052631578947368425,5.0,0.9432659417746723,0.9519901492845497,0.95,0.7579676711488723,0.6589118462231618,-1.7682394509324741,0.302,0.0192
1.5,25,0.1,estimated_ratio_clipped,571853,9032,10000,0.9032,1.2773364193439483,1.279902100563049,0.0,126.91639958272053,5.0,1.7145265233426534,0.19203232885112764,0.2910881537768382,0.009236032140757097,2.718239450932474,0.7473693288521271,0.052631578947368425,5.0,0.8972488922620195,0.9088414514518669,0.9,0.7079676711488724,0.6089118462231617,-1.8182394509324742,0.302,0.0192
1.5,25,0.2,estimated_ratio_clipped,571853,7921,10000,0.7921,1.20262348651886,1.20262348651886,0.0,126.91639958272053,5.0,1.7145265233426534,0.19203232885112764,0.2910881537768382,0.009236032140757097,2.718239450932474,0.7473693288521271,0.052631578947368425,5.0,0.7840349410525361,0.7999407270993145,0.8,0.6079676711488724,0.5089118462231619,-1.918239450932474,0.302,0.0192
1.5,26,0.05,unweighted,571854,6644,10000,0.6644,1.031848669052124,1.031848669052124,0.0,500.0,1.0,0.0,0.6374857267977343,1.2749714535954686,0.2722460216819491,14.75794082335199,1.0,1.0,1.0,0.6550834866502142,0.6735902546855073,0.95,0.31251427320226566,-0.32497145359546864,-13.807940823351991,0.306,0.0192
1.5,26,0.1,unweighted,571854,5164,10000,0.5164,0.9309626817703249,0.9309626817703248,0.0,500.0,1.0,0.0,0.6374857267977343,1.2749714535954686,0.2722460216819491,14.75794082335199,1.0,1.0,1.0,0.5066010341423971,0.5261863707110447,0.9,0.2625142732022657,-0.3749714535954686,-13.85794082335199,0.306,0.0192
1.5,26,0.2,unweighted,571854,2939,10000,0.2939,0.8297096490859985,0.8297096490859985,0.0,500.0,1.0,0.0,0.6374857267977343,1.2749714535954686,0.2722460216819491,14.75794082335199,1.0,1.0,1.0,0.2850519545617079,0.3029063295666849,0.8,0.16251427320226575,-0.47497145359546855,-13.95794082335199,0.306,0.0192
1.5,26,0.05,oracle_ratio,571854,9188,10000,0.9188,1.2702846840620041,1.257892370223999,0.0,72.65812609072354,20.08553692318767,2.425189217071805,4.445228907190568e-18,0.0,0.0,0.0,1.0,0.04978706836786395,20.08553692318767,0.9132843089276305,0.9239940540370907,0.95,0.95,0.95,0.95,0.306,0.0192
1.5,26,0.1,oracle_ratio,571854,8743,10000,0.8743,1.257892370223999,1.257892370223999,0.0,72.65812609072354,20.08553692318767,2.425189217071805,4.445228907190568e-18,0.0,0.0,0.0,1.0,0.04978706836786395,20.08553692318767,0.8676584319803181,0.8806541068393933,0.9,0.9,0.9,0.9,0.306,0.0192
1.5,26,0.2,oracle_ratio,571854,7716,10000,0.7716,1.1693204398274422,1.1501529216766355,0.0,72.65812609072354,20.08553692318767,2.425189217071805,4.445228907190568e-18,0.0,0.0,0.0,1.0,0.04978706836786395,20.08553692318767,0.7632686633753017,0.7797227487097466,0.8,0.8,0.8,0.8,0.306,0.0192
1.5,26,0.05,estimated_ratio,571854,9188,10000,0.9188,1.27218435382843,1.257892370223999,0.0,71.56869407515636,18.999999999999982,2.446690594707327,0.017922114607944652,0.06639388846958266,0.00016511282392366126,0.3634422363167619,1.058737117944422,0.052631578947368425,18.999999999999982,0.9132843089276305,0.9239940540370907,0.95,0.9320778853920553,0.8836061115304172,0.586557763683238,0.306,0.0192
1.5,26,0.1,estimated_ratio,571854,8743,10000,0.8743,1.257892370223999,1.257892370223999,0.0,71.56869407515636,18.999999999999982,2.446690594707327,0.017922114607944652,0.06639388846958266,0.00016511282392366126,0.3634422363167619,1.058737117944422,0.052631578947368425,18.999999999999982,0.8676584319803181,0.8806541068393933,0.9,0.8820778853920553,0.8336061115304174,0.5365577636832382,0.306,0.0192
1.5,26,0.2,estimated_ratio,571854,7716,10000,0.7716,1.164425120306015,1.1501529216766355,0.0,71.56869407515636,18.999999999999982,2.446690594707327,0.017922114607944652,0.06639388846958266,0.00016511282392366126,0.3634422363167619,1.058737117944422,0.052631578947368425,18.999999999999982,0.7632686633753017,0.7797227487097466,0.8,0.7820778853920554,0.7336061115304173,0.4365577636832381,0.306,0.0192
1.5,26,0.05,estimated_ratio_clipped,571854,8743,10000,0.8743,1.2555662999868393,1.257892370223999,0.0,125.8103903275973,5.0,1.7245969239471715,0.19126542671502933,0.28647953943206056,0.009189376354095382,2.711365169665699,0.7451077099061921,0.052631578947368425,5.0,0.8676584319803181,0.8806541068393933,0.95,0.7587345732849706,0.6635204605679395,-1.7613651696656991,0.306,0.0192
1.5,26,0.1,estimated_ratio_clipped,571854,7820,10000,0.782,1.1883305155396462,1.1966276168823242,0.0,125.8103903275973,5.0,1.7245969239471715,0.19126542671502933,0.28647953943206056,0.009189376354095382,2.711365169665699,0.7451077099061921,0.052631578947368425,5.0,0.7738000975136813,0.7899833274052571,0.9,0.7087345732849707,0.6135204605679394,-1.8113651696656992,0.306,0.0192
1.5,26,0.2,estimated_ratio_clipped,571854,6885,10000,0.6885,1.039472240781784,1.0421744585037231,0.0,125.8103903275973,5.0,1.7245969239471715,0.19126542671502933,0.28647953943206056,0.009189376354095382,2.711365169665699,0.7451077099061921,0.052631578947368425,5.0,0.679352347387604,0.6975028852266509,0.8,0.6087345732849707,0.5135204605679395,-1.911365169665699,0.306,0.0192
1.5,27,0.05,unweighted,571855,6939,10000,0.6939,1.0421744585037231,1.0421744585037231,0.0,500.0,1.0,0.0,0.6374857267977343,1.2749714535954686,0.2722460216819491,14.75794082335199,1.0,1.0,1.0,0.6847940495296185,0.702857035902233,0.95,0.31251427320226566,-0.32497145359546864,-13.807940823351991,0.3,0.0192
1.5,27,0.1,unweighted,571855,5242,10000,0.5242,0.9309626817703249,0.9309626817703248,0.0,500.0,1.0,0.0,0.6374857267977343,1.2749714535954686,0.2722460216819491,14.75794082335199,1.0,1.0,1.0,0.5144042475006505,0.5339771669782087,0.9,0.2625142732022657,-0.3749714535954686,-13.85794082335199,0.3,0.0192
1.5,27,0.2,unweighted,571855,3147,10000,0.3147,0.8431503772735596,0.8431503772735596,0.0,500.0,1.0,0.0,0.6374857267977343,1.2749714535954686,0.2722460216819491,14.75794082335199,1.0,1.0,1.0,0.3056706245249012,0.32387168527127147,0.8,0.16251427320226575,-0.47497145359546855,-13.95794082335199,0.3,0.0192
1.5,27,0.05,oracle_ratio,571855,9625,10000,0.9625,1.3190361686706542,1.314333438873291,0.0,75.23317489637333,18.862442484083815,2.37613220352748,4.445228907190568e-18,0.0,0.0,0.0,1.0,0.04978706836786395,20.08553692318767,0.9585952728131844,0.9660495286939397,0.95,0.95,0.95,0.95,0.3,0.0192
1.5,27,0.1,oracle_ratio,571855,9150,10000,0.915,1.2850791280269622,1.2823160886764526,0.0,75.23317489637333,18.862442484083815,2.37613220352748,4.445228907190568e-18,0.0,0.0,0.0,1.0,0.04978706836786395,20.08553692318767,0.9093733864591546,0.9203078948931839,0.9,0.9,0.9,0.9,0.3,0.0192
1.5,27,0.2,oracle_ratio,571855,7362,10000,0.7362,1.118370075392723,1.1275087594985962,0.0,75.23317489637333,18.862442484083815,2.37613220352748,4.445228907190568e-18,0.0,0.0,0.0,1.0,0.04978706836786395,20.08553692318767,0.7274730746471127,0.7447455245225796,0.8,0.8,0.8,0.8,0.3,0.0192
1.5,27,0.05,estimated_ratio,571855,9625,10000,0.9625,1.3182408540725707,1.314333438873291,0.0,76.9770019508285,17.908060298928646,2.3442368752442375,0.0069624185232135885,0.03316838324015167,4.211456148020423e-05,0.18355285120140025,0.96795913520703,0.052631578947368425,18.999999999999982,0.9585952728131844,0.9660495286939397,0.95,0.9430375814767864,0.9168316167598483,0.7664471487985998,0.3,0.0192
1.5,27,0.1,estimated_ratio,571855,9150,10000,0.915,1.2845076574325562,1.2823160886764526,0.0,76.9770019508285,17.908060298928646,2.3442368752442375,0.0069624185232135885,0.03316838324015167,4.211456148020423e-05,0.18355285120140025,0.96795913520703,0.052631578947368425,18.999999999999982,0.9093733864591546,0.9203078948931839,0.9,0.8930375814767865,0.8668316167598483,0.7164471487985997,0.3,0.0192
1.5,27,0.2,estimated_ratio,571855,7362,10000,0.7362,1.114335047495365,1.1275087594985962,0.0,76.9770019508285,17.908060298928646,2.3442368752442375,0.0069624185232135885,0.03316838324015167,4.211456148020423e-05,0.18355285120140025,0.96795913520703,0.052631578947368425,18.999999999999982,0.7274730746471127,0.7447455245225796,0.8,0.7930375814767865,0.7668316167598483,0.6164471487985999,0.3,0.0192
1.5,27,0.05,estimated_ratio_clipped,571855,9396,10000,0.9396,1.3012831669330598,1.314333438873291,0.0,122.7344179835347,5.0,1.7532361200987938,0.18363971053171496,0.27782329583901827,0.009134773036109805,2.703297695202629,0.7233042226081634,0.052631578947368425,5.0,0.934759887277341,0.94410250135516,0.95,0.766360289468285,0.6721767041609816,-1.753297695202629,0.3,0.0192
1.5,27,0.1,estimated_ratio_clipped,571855,7866,10000,0.7866,1.1932123277187348,1.20262348651886,0.0,122.7344179835347,5.0,1.7532361200987938,0.18363971053171496,0.27782329583901827,0.009134773036109805,2.703297695202629,0.7233042226081634,0.052631578947368425,5.0,0.7784606093988927,0.7945192827350352,0.9,0.716360289468285,0.6221767041609818,-1.803297695202629,0.3,0.0192
1.5,27,0.2,estimated_ratio_clipped,571855,6939,10000,0.6939,1.0409198750853539,1.0421744585037231,0.0,122.7344179835347,5.0,1.7532361200987938,0.18363971053171496,0.27782329583901827,0.009134773036109805,2.703297695202629,0.7233042226081634,0.052631578947368425,5.0,0.6847940495296185,0.702857035902233,0.8,0.6163602894682851,0.5221767041609817,-1.9032976952026288,0.3,0.0192
1.5,28,0.05,unweighted,571856,7266,10000,0.7266,1.1275087594985962,1.1275087594985962,0.0,500.0,1.0,0.0,0.6374857267977343,1.2749714535954686,0.2722460216819491,14.75794082335199,1.0,1.0,1.0,0.7177785836008405,0.7352473883375689,0.95,0.31251427320226566,-0.32497145359546864,-13.807940823351991,0.31,0.0192
1.5,28,0.1,unweighted,571856,5115,10000,0.5115,0.9309626817703249,0.9309626817703248,0.0,500.0,1.0,0.0,0.6374857267977343,1.2749714535954686,0.2722460216819491,14.75794082335199,1.0,1.0,1.0,0.5017002367361996,0.5212909313012748,0.9,0.2625142732022657,-0.3749714535954686,-13.85794082335199,0.31,0.0192
1.5,28,0.2,unweighted,571856,2776,10000,0.2776,0.8205210566520691,0.8205210566520691,0.0,500.0,1.0,0.0,0.6374857267977343,1.2749714535954686,0.2722460216819491,14.75794082335199,1.0,1.0,1.0,0.26890965905878306,0.28646114341649387,0.8,0.16251427320226575,-0.47497145359546855,-13.95794082335199,0.31,0.0192
1.5,28,0.05,oracle_ratio,571856,10000,10000,1.0,1.408614200592041,1.363731861114502,0.0,72.94439802286504,20.08553692318767,2.419614839020591,4.445228907190568e-18,0.0,0.0,0.0,1.0,0.04978706836786395,20.08553692318767,0.9996160016293234,1.0,0.95,0.95,0.95,0.95,0.31,0.0192
1.5,28,0.1,oracle_ratio,571856,9246,10000,0.9246,1.2832455952763557,1.2823160886764526,0.0,72.94439802286504,20.08553692318767,2.419614839020591,4.445228907190568e-18,0.0,0.0,0.0,1.0,0.04978706836786395,20.08553692318767,0.9192603754143146,0.9296135331693068,0.9,0.9,0.9,0.9,0.31,0.0192
1.5,28,0.2,oracle_ratio,571856,8347,10000,0.8347,1.2377263257265092,1.2334575653076172,0.0,72.94439802286504,20.08553692318767,2.419614839020591,4.445228907190568e-18,0.0,0.0,0.0,1.0,0.04978706836786395,20.08553692318767,0.8272914315753684,0.8418515199153006,0.8,0.8,0.8,0.8,0.31,0.0192
1.5,28,0.05,estimated_ratio,571856,10000,10000,1.0,1.4059596662521363,1.363731861114502,0.0,75.83469057752954,18.999999999999982,2.365013443626952,0.009923730499137074,0.02977426253101314,4.6088765172418966e-05,0.1920182599075806,0.9770859840054608,0.052631578947368425,18.999999999999982,0.9996160016293234,1.0,0.95,0.9400762695008629,0.9202257374689868,0.7579817400924194,0.31,0.0192
1.5,28,0.1,estimated_ratio,571856,9106,10000,0.9106,1.2789500167250634,1.2823160886764526,0.0,75.83469057752954,18.999999999999982,2.365013443626952,0.009923730499137074,0.02977426253101314,4.6088765172418966e-05,0.1920182599075806,0.9770859840054608,0.052631578947368425,18.999999999999982,0.904849007386786,0.9160356531512143,0.9,0.8900762695008629,0.8702257374689869,0.7079817400924194,0.31,0.0192
1.5,28,0.2,estimated_ratio,571856,8347,10000,0.8347,1.2351069146394729,1.2334575653076172,0.0,75.83469057752954,18.999999999999982,2.365013443626952,0.009923730499137074,0.02977426253101314,4.6088765172418966e-05,0.1920182599075806,0.9770859840054608,0.052631578947368425,18.999999999999982,0.8272914315753684,0.8418515199153006,0.8,0.790076269500863,0.7702257374689869,0.6079817400924195,0.31,0.0192
1.5,28,0.05,estimated_ratio_clipped,571856,9506,10000,0.9506,1.3006607684969902,1.3149404525756836,0.0,134.5599045917771,5.0,1.6479736469972177,0.1862087708181659,0.2763288106950233,0.009142869383301182,2.7044954255167353,0.7305314358414507,0.052631578947368425,5.0,0.9461769862738717,0.9546769543944745,0.95,0.7637912291818341,0.6736711893049767,-1.7544954255167353,0.31,0.0192
1.5,28,0.1,estimated_ratio_clipped,571856,8003,10000,0.8003,1.2334575653076172,1.2334575653076172,0.0,134.5599045917771,5.0,1.6479736469972177,0.1862087708181659,0.2763288106950233,0.009142869383301182,2.7044954255167353,0.7305314358414507,0.052631578947368425,5.0,0.7923498985963255,0.808019471982246,0.9,0.7137912291818341,0.6236711893049767,-1.8044954255167354,0.31,0.0192
1.5,28,0.2,estimated_ratio_clipped,571856,7325,10000,0.7325,1.1280876039505006,1.1282352209091189,0.0,134.5599045917771,5.0,1.6479736469972177,0.1862087708181659,0.2763288106950233,0.009142869383301182,2.7044954255167353,0.7305314358414507,0.052631578947368425,5.0,0.7237360416184819,0.7410853991391535,0.8,0.6137912291818342,0.5236711893049768,-1.9044954255167352,0.31,0.0192
1.5,29,0.05,unweighted,571857,7229,10000,0.7229,1.0785813331604004,1.0785813331604004,0.0,500.0,1.0,0.0,0.6374857267977343,1.2749714535954686,0.2722460216819491,14.75794082335199,1.0,1.0,1.0,0.714043535290893,0.7315852782354594,0.95,0.31251427320226566,-0.32497145359546864,-13.807940823351991,0.296,0.0192
1.5,29,0.1,unweighted,571857,5524,10000,0.5524,0.9402768015861513,0.9402768015861512,0.0,500.0,1.0,0.0,0.6374857267977343,1.2749714535954686,0.2722460216819491,14.75794082335199,1.0,1.0,1.0,0.5426358736527509,0.5621238833180021,0.9,0.2625142732022657,-0.3749714535954686,-13.85794082335199,0.296,0.0192
1.5,29,0.2,unweighted,571857,3045,10000,0.3045,0.8344962000846863,0.8344962000846863,0.0,500.0,1.0,0.0,0.6374857267977343,1.2749714535954686,0.2722460216819491,14.75794082335199,1.0,1.0,1.0,0.29555682824387614,0.31359331511905836,0.8,0.16251427320226575,-0.47497145359546855,-13.95794082335199,0.296,0.0192
1.5,29,0.05,oracle_ratio,571857,9596,10000,0.9596,1.3075048218727112,1.3149404525756836,0.0,78.93242061999364,18.862442484083815,2.309660734012566,4.445228907190568e-18,0.0,0.0,0.0,1.0,0.04978706836786395,20.08553692318767,0.955561140133446,0.963285888564228,0.95,0.95,0.95,0.95,0.296,0.0192
1.5,29,0.1,oracle_ratio,571857,8802,10000,0.8802,1.250538077545166,1.245755910873413,0.0,78.93242061999364,18.862442484083815,2.309660734012566,4.445228907190568e-18,0.0,0.0,0.0,1.0,0.04978706836786395,20.08553692318767,0.8736890089478369,0.8864189986911006,0.9,0.9,0.9,0.9,0.296,0.0192
1.5,29,0.2,oracle_ratio,571857,7229,10000,0.7229,1.1008682324767112,1.0906329154968262,0.0,78.93242061999364,18.862442484083815,2.309660734012566,4.445228907190568e-18,0.0,0.0,0.0,1.0,0.04978706836786395,20.08553692318767,0.714043535290893,0.7315852782354594,0.8,0.8,0.8,0.8,0.296,0.0192
1.5,29,0.05,estimated_ratio,571857,9596,10000,0.9596,1.307867480111122,1.3149404525756836,0.0,78.65703178492782,18.999999999999982,2.314456903082281,0.0029282211513022532,0.01660980782336186,1.2007808835706503e-05,0.09801146396501381,1.0140687315006913,0.052631578947368425,18.999999999999982,0.955561140133446,0.963285888564228,0.95,0.9470717788486978,0.9333901921766381,0.8519885360349861,0.296,0.0192
1.5,29,0.1,estimated_ratio,571857,8802,10000,0.8802,1.2508853195071221,1.245755910873413,0.0,78.65703178492782,18.999999999999982,2.314456903082281,0.0029282211513022532,0.01660980782336186,1.2007808835706503e-05,0.09801146396501381,1.0140687315006913,0.052631578947368425,18.999999999999982,0.8736890089478369,0.8864189986911006,0.9,0.8970717788486978,0.8833901921766382,0.8019885360349862,0.296,0.0192
1.5,29,0.2,estimated_ratio,571857,7229,10000,0.7229,1.100876078259945,1.0906329154968262,0.0,78.65703178492782,18.999999999999982,2.314456903082281,0.0029282211513022532,0.01660980782336186,1.2007808835706503e-05,0.09801146396501381,1.0140687315006913,0.052631578947368425,18.999999999999982,0.714043535290893,0.7315852782354594,0.8,0.7970717788486978,0.7833901921766382,0.7019885360349862,0.296,0.0192
1.5,29,0.05,estimated_ratio_clipped,571857,8982,10000,0.8982,1.279902100563049,1.279902100563049,0.0,125.92155449678717,5.0,1.723579437168914,0.18870913525193322,0.2739231256971117,0.00912271610357682,2.701513072865178,0.7376669903737332,0.052631578947368425,5.0,0.8921196178705617,0.9039745658270315,0.95,0.7612908647480667,0.6760768743028882,-1.7515130728651782,0.296,0.0192
1.5,29,0.1,estimated_ratio_clipped,571857,7884,10000,0.7884,1.2007845203757286,1.20262348651886,0.0,125.92155449678717,5.0,1.723579437168914,0.18870913525193322,0.2739231256971117,0.00912271610357682,2.701513072865178,0.7376669903737332,0.052631578947368425,5.0,0.7802846960668617,0.7962938136729321,0.9,0.7112908647480668,0.6260768743028884,-1.8015130728651783,0.296,0.0192
1.5,29,0.2,estimated_ratio_clipped,571857,7229,10000,0.7229,1.072982726752758,1.0785813331604004,0.0,125.92155449678717,5.0,1.723579437168914,0.18870913525193322,0.2739231256971117,0.00912271610357682,2.701513072865178,0.7376669903737332,0.052631578947368425,5.0,0.714043535290893,0.7315852782354594,0.8,0.6112908647480668,0.5260768743028883,-1.9015130728651781,0.296,0.0192
1.5,30,0.05,unweighted,571858,7713,10000,0.7713,1.1501529216766355,1.1501529216766355,0.0,500.0,1.0,0.0,0.6374857267977343,1.2749714535954686,0.2722460216819491,14.75794082335199,1.0,1.0,1.0,0.7629649799213092,0.7794266625627617,0.95,0.31251427320226566,-0.32497145359546864,-13.807940823351991,0.304,0.0192
1.5,30,0.1,unweighted,571858,5733,10000,0.5733,0.9646281003952026,0.9646281003952026,0.0,500.0,1.0,0.0,0.6374857267977343,1.2749714535954686,0.2722460216819491,14.75794082335199,1.0,1.0,1.0,0.5635797322061145,0.5829639736327443,0.9,0.2625142732022657,-0.3749714535954686,-13.85794082335199,0.304,0.0192
1.5,30,0.2,unweighted,571858,3381,10000,0.3381,0.8579186201095581,0.8579186201095581,0.0,500.0,1.0,0.0,0.6374857267977343,1.2749714535954686,0.2722460216819491,14.75794082335199,1.0,1.0,1.0,0.32889188119814994,0.3474324574742751,0.8,0.16251427320226575,-0.47497145359546855,-13.95794082335199,0.304,0.0192
1.5,30,0.05,oracle_ratio,571858,9747,10000,0.9747,1.3118446625828744,1.3149404525756836,0.0,73.50344038524733,20.08553692318767,2.408817693771241,4.445228907190568e-18,0.0,0.0,0.0,1.0,0.04978706836786395,20.08553692318767,0.9714350884047299,0.9776003435421498,0.95,0.95,0.95,0.95,0.304,0.0192
1.5,30,0.1,oracle_ratio,571858,9281,10000,0.9281,1.2983108758926392,1.2983108758926392,0.0,73.50344038524733,20.08553692318767,2.408817693771241,4.445228907190568e-18,0.0,0.0,0.0,1.0,0.04978706836786395,20.08553692318767,0.9228708906597746,0.9330003299352522,0.9,0.9,0.9,0.9,0.304,0.0192
1.5,30,0.2,oracle_ratio,571858,9143,10000,0.9143,1.2807774126529694,1.279902100563049,0.0,73.50344038524733,20.08553692318767,2.408817693771241,4.445228907190568e-18,0.0,0.0,0.0,1.0,0.04978706836786395,20.08553692318767,0.9086533145584309,0.9196285043916265,0.8,0.8,0.8,0.8,0.304,0.0192
1.5,30,0.05,estimated_ratio,571858,9747,10000,0.9747,1.312544286620617,1.3149404525756836,0.0,71.13459847156871,18.999999999999982,2.455387628901373,0.01876829091185618,0.069658439083887,0.00018172568651259258,0.3812880134623616,1.0617296087019337,0.052631578947368425,18.999999999999982,0.9714350884047299,0.9776003435421498,0.95,0.9312317090881438,0.8803415609161129,0.5687119865376384,0.304,0.0192
1.5,30,0.1,estimated_ratio,571858,9281,10000,0.9281,1.2983108758926392,1.2983108758926392,0.0,71.13459847156871,18.999999999999982,2.455387628901373,0.01876829091185618,0.069658439083887,0.00018172568651259258,0.3812880134623616,1.0617296087019337,0.052631578947368425,18.999999999999982,0.9228708906597746,0.9330003299352522,0.9,0.8812317090881439,0.830341560916113,0.5187119865376384,0.304,0.0192
1.5,30,0.2,estimated_ratio,571858,9143,10000,0.9143,1.281350976228714,1.2823160886764526,0.0,71.13459847156871,18.999999999999982,2.455387628901373,0.01876829091185618,0.069658439083887,0.00018172568651259258,0.3812880134623616,1.0617296087019337,0.052631578947368425,18.999999999999982,0.9086533145584309,0.9196285043916265,0.8,0.7812317090881439,0.730341560916113,0.41871198653763847,0.304,0.0192
1.5,30,0.05,estimated_ratio_clipped,571858,9281,10000,0.9281,1.2983108758926392,1.2983108758926392,0.0,131.28940191340126,5.0,1.6758223397615781,0.19148261183349324,0.28739069467300027,0.009196879006967066,2.712471788899131,0.745746805290339,0.052631578947368425,5.0,0.9228708906597746,0.9330003299352522,0.95,0.7585173881665067,0.6626093053269997,-1.7624717888991313,0.304,0.0192
1.5,30,0.1,estimated_ratio_clipped,571858,9143,10000,0.9143,1.2823160886764526,1.2823160886764526,0.0,131.28940191340126,5.0,1.6758223397615781,0.19148261183349324,0.28739069467300027,0.009196879006967066,2.712471788899131,0.745746805290339,0.052631578947368425,5.0,0.9086533145584309,0.9196285043916265,0.9,0.7085173881665068,0.6126093053269998,-1.8124717888991313,0.304,0.0192
1.5,30,0.2,estimated_ratio_clipped,571858,7928,10000,0.7928,1.218151829457283,1.2281887531280518,0.0,131.28940191340126,5.0,1.6758223397615781,0.19148261183349324,0.28739069467300027,0.009196879006967066,2.712471788899131,0.745746805290339,0.052631578947368425,5.0,0.7847445590853923,0.8006305714687394,0.8,0.6085173881665068,0.5126093053269998,-1.9124717888991312,0.304,0.0192
1.5,31,0.05,unweighted,571859,6955,10000,0.6955,1.048194169998169,1.048194169998169,0.0,500.0,1.0,0.0,0.6374857267977343,1.2749714535954686,0.2722460216819491,14.75794082335199,1.0,1.0,1.0,0.6864066848809417,0.7044431717561238,0.95,0.31251427320226566,-0.32497145359546864,-13.807940823351991,0.304,0.0192
1.5,31,0.1,unweighted,571859,5519,10000,0.5519,0.9429588913917542,0.9429588913917542,0.0,500.0,1.0,0.0,0.6374857267977343,1.2749714535954686,0.2722460216819491,14.75794082335199,1.0,1.0,1.0,0.5421350385193245,0.561625102449799,0.9,0.2625142732022657,-0.3749714535954686,-13.85794082335199,0.304,0.0192
1.5,31,0.2,unweighted,571859,3432,10000,0.3432,0.8686240911483765,0.8686240911483765,0.0,500.0,1.0,0.0,0.6374857267977343,1.2749714535954686,0.2722460216819491,14.75794082335199,1.0,1.0,1.0,0.33395633315480844,0.3525640887342356,0.8,0.16251427320226575,-0.47497145359546855,-13.95794082335199,0.304,0.0192
1.5,31,0.05,oracle_ratio,571859,9256,10000,0.9256,1.3003986158490182,1.2983108758926392,0.0,73.1906009874761,18.862442484083815,2.4148453919606574,4.445228907190568e-18,0.0,0.0,0.0,1.0,0.04978706836786395,20.08553692318767,0.9202916097662622,0.9305815308206177,0.95,0.95,0.95,0.95,0.304,0.0192
1.5,31,0.1,oracle_ratio,571859,8461,10000,0.8461,1.2477501332759857,1.245755910873413,0.0,73.1906009874761,18.862442484083815,2.4148453919606574,4.445228907190568e-18,0.0,0.0,0.0,1.0,0.04978706836786395,20.08553692318767,0.8388946212218444,0.8530395751059732,0.9,0.9,0.9,0.9,0.304,0.0192
1.5,31,0.2,oracle_ratio,571859,7688,10000,0.7688,1.163207078909874,1.1501529216766355,0.0,73.1906009874761,18.862442484083815,2.4148453919606574,4.445228907190568e-18,0.0,0.0,0.0,1.0,0.04978706836786395,20.08553692318767,0.7604345149903636,0.7769590474855607,0.8,0.8,0.8,0.8,0.304,0.0192
1.5,31,0.05,estimated_ratio,571859,9256,10000,0.9256,1.3003986158490182,1.2983108758926392,0.0,72.34575908849229,18.999999999999982,2.431307292153823,0.004751622623424174,0.013666498198734896,8.740499840272628e-06,0.08362057086756883,1.0088935755897426,0.052631578947368425,18.999999999999982,0.9202916097662622,0.9305815308206177,0.95,0.9452483773765757,0.9363335018012651,0.8663794291324312,0.304,0.0192
1.5,31,0.1,estimated_ratio,571859,8461,10000,0.8461,1.2478312700986862,1.245755910873413,0.0,72.34575908849229,18.999999999999982,2.431307292153823,0.004751622623424174,0.013666498198734896,8.740499840272628e-06,0.08362057086756883,1.0088935755897426,0.052631578947368425,18.999999999999982,0.8388946212218444,0.8530395751059732,0.9,0.8952483773765758,0.8863335018012651,0.8163794291324312,0.304,0.0192
1.5,31,0.2,estimated_ratio,571859,7688,10000,0.7688,1.1647050452232361,1.1501529216766355,0.0,72.34575908849229,18.999999999999982,2.431307292153823,0.004751622623424174,0.013666498198734896,8.740499840272628e-06,0.08362057086756883,1.0088935755897426,0.052631578947368425,18.999999999999982,0.7604345149903636,0.7769590474855607,0.8,0.7952483773765758,0.7863335018012652,0.7163794291324312,0.304,0.0192
1.5,31,0.05,estimated_ratio_clipped,571859,8461,10000,0.8461,1.2524614334106443,1.2524614334106443,0.0,129.13985914979983,5.0,1.694630135855571,0.18712937718114858,0.2716305352624292,0.0091201172087515,2.7011282396437974,0.7331425536527288,0.052631578947368425,5.0,0.8388946212218444,0.8530395751059732,0.95,0.7628706228188513,0.6783694647375708,-1.7511282396437975,0.304,0.0192
1.5,31,0.1,estimated_ratio_clipped,571859,8079,10000,0.8079,1.2334575653076172,1.2334575653076172,0.0,129.13985914979983,5.0,1.694630135855571,0.18712937718114858,0.2716305352624292,0.0091201172087515,2.7011282396437974,0.7331425536527288,0.052631578947368425,5.0,0.8000610414980245,0.8155024923053127,0.9,0.7128706228188515,0.6283694647375708,-1.8011282396437975,0.304,0.0192
1.5,31,0.2,estimated_ratio_clipped,571859,6783,10000,0.6783,1.0344692468643188,1.0344692468643188,0.0,129.13985914979983,5.0,1.694630135855571,0.18712937718114858,0.2716305352624292,0.0091201172087515,2.7011282396437974,0.7331425536527288,0.052631578947368425,5.0,0.6690774831439281,0.6873855830370885,0.8,0.6128706228188514,0.5283694647375708,-1.9011282396437974,0.304,0.0192
1.5,32,0.05,unweighted,571860,6564,10000,0.6564,1.0256803035736084,1.0256803035736084,0.0,500.0,1.0,0.0,0.6374857267977343,1.2749714535954686,0.2722460216819491,14.75794082335199,1.0,1.0,1.0,0.6470334808798726,0.6656464044297798,0.95,0.31251427320226566,-0.32497145359546864,-13.807940823351991,0.294,0.0192
1.5,32,0.1,unweighted,571860,5221,10000,0.5221,0.9309626817703249,0.9309626817703248,0.0,500.0,1.0,0.0,0.6374857267977343,1.2749714535954686,0.2722460216819491,14.75794082335199,1.0,1.0,1.0,0.5123031472736725,0.5318798799983435,0.9,0.2625142732022657,-0.3749714535954686,-13.85794082335199,0.294,0.0192
1.5,32,0.2,unweighted,571860,2624,10000,0.2624,0.8018643856048584,0.8018643856048584,0.0,500.0,1.0,0.0,0.6374857267977343,1.2749714535954686,0.2722460216819491,14.75794082335199,1.0,1.0,1.0,0.2538697668399479,0.27111270918579755,0.8,0.16251427320226575,-0.47497145359546855,-13.95794082335199,0.294,0.0192
1.5,32,0.05,oracle_ratio,571860,9420,10000,0.942,1.3111333889961243,1.2983108758926392,0.0,68.25742679020482,17.166021524061733,2.5149970607124565,4.445228907190568e-18,0.0,0.0,0.0,1.0,0.04978706836786395,20.08553692318767,0.9372467214408788,0.9464138239994428,0.95,0.95,0.95,0.95,0.294,0.0192
1.5,32,0.1,oracle_ratio,571860,8299,10000,0.8299,1.2111489936709403,1.2281887531280518,0.0,68.25742679020482,17.166021524061733,2.5149970607124565,4.445228907190568e-18,0.0,0.0,0.0,1.0,0.04978706836786395,20.08553692318767,0.8224096542081455,0.8371369836668819,0.9,0.9,0.9,0.9,0.294,0.0192
1.5,32,0.2,oracle_ratio,571860,6852,10000,0.6852,1.0431871799468995,1.0421744585037231,0.0,68.25742679020482,17.166021524061733,2.5149970607124565,4.445228907190568e-18,0.0,0.0,0.0,1.0,0.04978706836786395,20.08553692318767,0.6760275717968534,0.6942301952066481,0.8,0.8,0.8,0.8,0.294,0.0192
1.5,32,0.05,estimated_ratio,571860,9420,10000,0.942,1.3083333708286284,1.2983108758926392,0.0,73.3509582807706,15.140799617921504,2.4117511332637753,0.01926784627528,0.07705033841397094,0.00024243273410073463,0.44039321893120437,0.928189628774754,0.05322358131466644,17.6245385826766,0.9372467214408788,0.9464138239994428,0.95,0.93073215372472,0.872949661586029,0.5096067810687956,0.294,0.0192
1.5,32,0.1,estimated_ratio,571860,8153,10000,0.8153,1.1975196286916734,1.1966276168823242,0.0,73.3509582807706,15.140799617921504,2.4117511332637753,0.01926784627528,0.07705033841397094,0.00024243273410073463,0.44039321893120437,0.928189628774754,0.05322358131466644,17.6245385826766,0.8075737032152918,0.8227841474121597,0.9,0.88073215372472,0.8229496615860291,0.45960678106879566,0.294,0.0192
1.5,32,0.2,estimated_ratio,571860,6852,10000,0.6852,1.0421744585037231,1.0421744585037231,0.0,73.3509582807706,15.140799617921504,2.4117511332637753,0.01926784627528,0.07705033841397094,0.00024243273410073463,0.44039321893120437,0.928189628774754,0.05322358131466644,17.6245385826766,0.6760275717968534,0.6942301952066481,0.8,0.78073215372472,0.7229496615860291,0.3596067810687957,0.294,0.0192
1.5,32,0.05,estimated_ratio_clipped,571860,8463,10000,0.8463,1.2472549434900284,1.2524614334106443,0.0,118.21877398459527,5.0,1.7970661285364637,0.18063467940067776,0.2904778128152766,0.009224232782237371,2.7165025723878666,0.7147621543734484,0.05322358131466644,5.0,0.8390983033460087,0.8532357393824608,0.95,0.7693653205993222,0.6595221871847233,-1.7665025723878667,0.294,0.0192
1.5,32,0.1,estimated_ratio_clipped,571860,7421,10000,0.7421,1.1321954531311988,1.135647535324097,0.0,118.21877398459527,5.0,1.7970661285364637,0.18063467940067776,0.2904778128152766,0.009224232782237371,2.7165025723878666,0.7147621543734484,0.05322358131466644,5.0,0.7334337519271347,0.7505803160617835,0.9,0.7193653205993222,0.6095221871847234,-1.8165025723878667,0.294,0.0192
1.5,32,0.2,estimated_ratio_clipped,571860,6524,10000,0.6524,1.025287278842926,1.0256803035736084,0.0,118.21877398459527,5.0,1.7970661285364637,0.18063467940067776,0.2904778128152766,0.009224232782237371,2.7165025723878666,0.7147621543734484,0.05322358131466644,5.0,0.6430095783370096,0.6616733789596081,0.8,0.6193653205993223,0.5095221871847234,-1.9165025723878666,0.294,0.0192
1.5,33,0.05,unweighted,571861,7615,10000,0.7615,1.1369203329086304,1.1369203329086304,0.0,500.0,1.0,0.0,0.6374857267977343,1.2749714535954686,0.2722460216819491,14.75794082335199,1.0,1.0,1.0,0.7530478778116426,0.7697512910404934,0.95,0.31251427320226566,-0.32497145359546864,-13.807940823351991,0.32,0.0192
1.5,33,0.1,unweighted,571861,6161,10000,0.6161,0.9694963097572329,0.9694963097572328,0.0,500.0,1.0,0.0,0.6374857267977343,1.2749714535954686,0.2722460216819491,14.75794082335199,1.0,1.0,1.0,0.6065251719599811,0.6255856636183477,0.9,0.2625142732022657,-0.3749714535954686,-13.85794082335199,0.32,0.0192
1.5,33,0.2,unweighted,571861,3441,10000,0.3441,0.8709402084350586,0.8709402084350586,0.0,500.0,1.0,0.0,0.6374857267977343,1.2749714535954686,0.2722460216819491,14.75794082335199,1.0,1.0,1.0,0.33485018387511123,0.3534695468168657,0.8,0.16251427320226575,-0.47497145359546855,-13.95794082335199,0.32,0.0192
1.5,33,0.05,oracle_ratio,571861,9428,10000,0.9428,1.2982905960083009,1.2823160886764526,0.0,73.34841894119653,20.08553692318767,2.4118000578706327,4.445228907190568e-18,0.0,0.0,0.0,1.0,0.04978706836786395,20.08553692318767,0.9380761498359674,0.9471837812069613,0.95,0.95,0.95,0.95,0.32,0.0192
1.5,33,0.1,oracle_ratio,571861,8760,10000,0.876,1.257892370223999,1.257892370223999,0.0,73.34841894119653,20.08553692318767,2.4118000578706327,4.445228907190568e-18,0.0,0.0,0.0,1.0,0.04978706836786395,20.08553692318767,0.8693955635494592,0.8823156696757919,0.9,0.9,0.9,0.9,0.32,0.0192
1.5,33,0.2,oracle_ratio,571861,8133,10000,0.8133,1.2335431321024894,1.2334575653076172,0.0,73.34841894119653,20.08553692318767,2.4118000578706327,4.445228907190568e-18,0.0,0.0,0.0,1.0,0.04978706836786395,20.08553692318767,0.8055428104032847,0.8208165762176494,0.8,0.8,0.8,0.8,0.32,0.0192
1.5,33,0.05,estimated_ratio,571861,9428,10000,0.9428,1.2993852650523185,1.2823160886764526,0.0,72.57155086647609,18.999999999999982,2.4268811609013388,0.011257094606388017,0.03379136730719129,5.195054663135511e-05,0.20386377143838993,1.0252902623873439,0.052631578947368425,18.999999999999982,0.9380761498359674,0.9471837812069613,0.95,0.9387429053936119,0.9162086326928087,0.74613622856161,0.32,0.0192
1.5,33,0.1,estimated_ratio,571861,8760,10000,0.876,1.257892370223999,1.257892370223999,0.0,72.57155086647609,18.999999999999982,2.4268811609013388,0.011257094606388017,0.03379136730719129,5.195054663135511e-05,0.20386377143838993,1.0252902623873439,0.052631578947368425,18.999999999999982,0.8693955635494592,0.8823156696757919,0.9,0.888742905393612,0.8662086326928087,0.6961362285616101,0.32,0.0192
1.5,33,0.2,estimated_ratio,571861,8133,10000,0.8133,1.233502257168293,1.2334575653076172,0.0,72.57155086647609,18.999999999999982,2.4268811609013388,0.011257094606388017,0.03379136730719129,5.195054663135511e-05,0.20386377143838993,1.0252902623873439,0.052631578947368425,18.999999999999982,0.8055428104032847,0.8208165762176494,0.8,0.788742905393612,0.7662086326928088,0.5961362285616101,0.32,0.0192
1.5,33,0.05,estimated_ratio_clipped,571861,9118,10000,0.9118,1.2820121675729752,1.2823160886764526,0.0,127.03644615196562,5.0,1.7134405052959534,0.18777513778894073,0.277201456387298,0.009143683044937019,2.7046157649377136,0.7349852924667425,0.052631578947368425,5.0,0.9060825128469575,0.9172012260949532,0.95,0.7622248622110592,0.672798543612702,-1.7546157649377137,0.32,0.0192
1.5,33,0.1,estimated_ratio_clipped,571861,8381,10000,0.8381,1.2426922320246696,1.245755910873413,0.0,127.03644615196562,5.0,1.7134405052959534,0.18777513778894073,0.277201456387298,0.009143683044937019,2.7046157649377136,0.7349852924667425,0.052631578947368425,5.0,0.8307506842640915,0.8451896560376568,0.9,0.7122248622110593,0.622798543612702,-1.8046157649377137,0.32,0.0192
1.5,33,0.2,estimated_ratio_clipped,571861,7740,10000,0.774,1.1444973132371903,1.1501529216766355,0.0,127.03644615196562,5.0,1.7134405052959534,0.18777513778894073,0.277201456387298,0.009143683044937019,2.7046157649377136,0.7349852924667425,0.052631578947368425,5.0,0.7656983461159801,0.7820912227768892,0.8,0.6122248622110593,0.5227985436127021,-1.9046157649377136,0.32,0.0192
1.5,34,0.05,unweighted,571862,6926,10000,0.6926,1.048194169998169,1.048194169998169,0.0,500.0,1.0,0.0,0.6374857267977343,1.2749714535954686,0.2722460216819491,14.75794082335199,1.0,1.0,1.0,0.6834838776227199,0.7015682062048954,0.95,0.31251427320226566,-0.32497145359546864,-13.807940823351991,0.292,0.0192
1.5,34,0.1,unweighted,571862,4974,10000,0.4974,0.9225364923477171,0.9225364923477172,0.0,500.0,1.0,0.0,0.6374857267977343,1.2749714535954686,0.2722460216819491,14.75794082335199,1.0,1.0,1.0,0.48760319262932006,0.5071988041622074,0.9,0.2625142732022657,-0.3749714535954686,-13.85794082335199,0.292,0.0192
1.5,34,0.2,unweighted,571862,2480,10000,0.248,0.7962770462036133,0.7962770462036133,0.0,500.0,1.0,0.0,0.6374857267977343,1.2749714535954686,0.2722460216819491,14.75794082335199,1.0,1.0,1.0,0.23963369934532414,0.25655983583349684,0.8,0.16251427320226575,-0.47497145359546855,-13.95794082335199,0.292,0.0192
1.5,34,0.05,oracle_ratio,571862,9742,10000,0.9742,1.323562529182434,1.3149404525756836,0.0,66.78680792393136,18.279115201369603,2.5468624662484034,4.445228907190568e-18,0.0,0.0,0.0,1.0,0.04978706836786395,20.08553692318767,0.9709058811741491,0.9771299347711011,0.95,0.95,0.95,0.95,0.292,0.0192
1.5,34,0.1,oracle_ratio,571862,8907,10000,0.8907,1.2762161507010459,1.2739903926849363,0.0,66.78680792393136,18.279115201369603,2.5468624662484034,4.445228907190568e-18,0.0,0.0,0.0,1.0,0.04978706836786395,20.08553692318767,0.8844339193785391,0.8966660242946143,0.9,0.9,0.9,0.9,0.292,0.0192
1.5,34,0.2,oracle_ratio,571862,8871,10000,0.8871,1.2377249041676521,1.255275011062622,0.0,66.78680792393136,18.279115201369603,2.5468624662484034,4.445228907190568e-18,0.0,0.0,0.0,1.0,0.04978706836786395,20.08553692318767,0.8807480558385539,0.8931546526228682,0.8,0.8,0.8,0.8,0.292,0.0192
1.5,34,0.05,estimated_ratio,571862,9742,10000,0.9742,1.3228367288112641,1.3149404525756836,0.0,68.792942277521,17.473099638776432,2.503634848418352,0.00771257927075579,0.027388234938550853,3.10756608414593e-05,0.15767221909127632,0.9760374317848858,0.052631578947368425,18.999999999999982,0.9709058811741491,0.9771299347711011,0.95,0.9422874207292442,0.9226117650614492,0.7923277809087237,0.292,0.0192
1.5,34,0.1,estimated_ratio,571862,8907,10000,0.8907,1.2760849107861516,1.2739903926849363,0.0,68.792942277521,17.473099638776432,2.503634848418352,0.00771257927075579,0.027388234938550853,3.10756608414593e-05,0.15767221909127632,0.9760374317848858,0.052631578947368425,18.999999999999982,0.8844339193785391,0.8966660242946143,0.9,0.8922874207292443,0.8726117650614492,0.7423277809087236,0.292,0.0192
1.5,34,0.2,estimated_ratio,571862,8871,10000,0.8871,1.23147158857584,1.2281887531280518,0.0,68.792942277521,17.473099638776432,2.503634848418352,0.00771257927075579,0.027388234938550853,3.10756608414593e-05,0.15767221909127632,0.9760374317848858,0.052631578947368425,18.999999999999982,0.8807480558385539,0.8931546526228682,0.8,0.7922874207292443,0.7726117650614492,0.6423277809087238,0.292,0.0192
1.5,34,0.05,estimated_ratio_clipped,571862,9250,10000,0.925,1.2942469465136526,1.3028135299682615,0.0,111.91577616323957,5.0,1.8621614798662642,0.18528265524491377,0.27550227497695157,0.009130388514109463,2.702648850903049,0.7279233917464851,0.052631578947368425,5.0,0.9196728370036213,0.9300007643813035,0.95,0.7647173447550861,0.6744977250230484,-1.752648850903049,0.292,0.0192
1.5,34,0.1,estimated_ratio_clipped,571862,8907,10000,0.8907,1.2739903926849363,1.2739903926849363,0.0,111.91577616323957,5.0,1.8621614798662642,0.18528265524491377,0.27550227497695157,0.009130388514109463,2.702648850903049,0.7279233917464851,0.052631578947368425,5.0,0.8844339193785391,0.8966660242946143,0.9,0.7147173447550863,0.6244977250230485,-1.802648850903049,0.292,0.0192
1.5,34,0.2,estimated_ratio_clipped,571862,7314,10000,0.7314,1.1154245454192162,1.1275087594985962,0.0,111.91577616323957,5.0,1.8621614798662642,0.18528265524491377,0.27550227497695157,0.009130388514109463,2.702648850903049,0.7279233917464851,0.052631578947368425,5.0,0.7226251812943277,0.7399971042597232,0.8,0.6147173447550862,0.5244977250230485,-1.9026488509030488,0.292,0.0192
1.5,35,0.05,unweighted,571863,7343,10000,0.7343,1.0906329154968262,1.0906329154968262,0.0,500.0,1.0,0.0,0.6374857267977343,1.2749714535954686,0.2722460216819491,14.75794082335199,1.0,1.0,1.0,0.7255539605185857,0.7428660978449151,0.95,0.31251427320226566,-0.32497145359546864,-13.807940823351991,0.3,0.0192
1.5,35,0.1,unweighted,571863,5566,10000,0.5566,0.9429588913917542,0.9429588913917542,0.0,500.0,1.0,0.0,0.6374857267977343,1.2749714535954686,0.2722460216819491,14.75794082335199,1.0,1.0,1.0,0.5468432822187402,0.5663132491656991,0.9,0.2625142732022657,-0.3749714535954686,-13.85794082335199,0.3,0.0192
1.5,35,0.2,unweighted,571863,3413,10000,0.3413,0.8709402084350586,0.8709402084350586,0.0,500.0,1.0,0.0,0.6374857267977343,1.2749714535954686,0.2722460216819491,14.75794082335199,1.0,1.0,1.0,0.3320694367613931,0.3506524443214596,0.8,0.16251427320226575,-0.47497145359546855,-13.95794082335199,0.3,0.0192
1.5,35,0.05,oracle_ratio,571863,9429,10000,0.9429,1.288056373667717,1.279902100563049,0.0,68.50996247645992,18.862442484083815,2.509623206569531,4.445228907190568e-18,0.0,0.0,0.0,1.0,0.04978706836786395,20.08553692318767,0.9381798458452264,0.9472800083980282,0.95,0.95,0.95,0.95,0.3,0.0192
1.5,35,0.1,oracle_ratio,571863,8862,10000,0.8862,1.2586617736816403,1.2524614334106443,0.0,68.50996247645992,18.862442484083815,2.509623206569531,4.445228907190568e-18,0.0,0.0,0.0,1.0,0.04978706836786395,20.08553692318767,0.8798269058837315,0.8922764937747579,0.9,0.9,0.9,0.9,0.3,0.0192
1.5,35,0.2,oracle_ratio,571863,7706,10000,0.7706,1.154856486940384,1.1501529216766355,0.0,68.50996247645992,18.862442484083815,2.509623206569531,4.445228907190568e-18,0.0,0.0,0.0,1.0,0.04978706836786395,20.08553692318767,0.7622564083106995,0.7787357717710901,0.8,0.8,0.8,0.8,0.3,0.0192
1.5,35,0.05,estimated_ratio,571863,9429,10000,0.9429,1.2873779824137688,1.279902100563049,0.0,71.2111371993337,17.330086064971656,2.453848735649735,0.01069606437775472,0.05444544275218971,0.00011756819465615755,0.3066831520069631,0.9466884000318412,0.052631578947368425,18.432545021926693,0.9381798458452264,0.9472800083980282,0.95,0.9393039356222452,0.8955545572478103,0.6433168479930369,0.3,0.0192
1.5,35,0.1,estimated_ratio,571863,8862,10000,0.8862,1.257807073998451,1.2524614334106443,0.0,71.2111371993337,17.330086064971656,2.453848735649735,0.01069606437775472,0.05444544275218971,0.00011756819465615755,0.3066831520069631,0.9466884000318412,0.052631578947368425,18.432545021926693,0.8798269058837315,0.8922764937747579,0.9,0.8893039356222453,0.8455545572478103,0.5933168479930369,0.3,0.0192
1.5,35,0.2,estimated_ratio,571863,7706,10000,0.7706,1.1518812415599824,1.1501529216766355,0.0,71.2111371993337,17.330086064971656,2.453848735649735,0.01069606437775472,0.05444544275218971,0.00011756819465615755,0.3066831520069631,0.9466884000318412,0.052631578947368425,18.432545021926693,0.7622564083106995,0.7787357717710901,0.8,0.7893039356222453,0.7455545572478104,0.49331684799303693,0.3,0.0192
1.5,35,0.05,estimated_ratio_clipped,571863,8955,10000,0.8955,1.2737772559881209,1.2739903926849363,0.0,124.17697745655508,5.0,1.7396871202648483,0.18119023197676626,0.2848077162523533,0.009171581132005955,2.7087386189155946,0.7163261265316776,0.052631578947368425,5.0,0.8893516683187573,0.9013445889700374,0.95,0.7688097680232338,0.6651922837476467,-1.7587386189155947,0.3,0.0192
1.5,35,0.1,estimated_ratio_clipped,571863,7945,10000,0.7945,1.2162753388881684,1.2281887531280518,0.0,124.17697745655508,5.0,1.7396871202648483,0.18119023197676626,0.2848077162523533,0.009171581132005955,2.7087386189155946,0.7163261265316776,0.052631578947368425,5.0,0.7864680674398067,0.8023057575198648,0.9,0.7188097680232337,0.6151922837476467,-1.8087386189155947,0.3,0.0192
1.5,35,0.2,estimated_ratio_clipped,571863,6977,10000,0.6977,1.0460722968816758,1.048194169998169,0.0,124.17697745655508,5.0,1.7396871202648483,0.18119023197676626,0.2848077162523533,0.009171581132005955,2.7087386189155946,0.7163261265316776,0.052631578947368425,5.0,0.6886242686182794,0.7066238984259551,0.8,0.6188097680232338,0.5151922837476468,-1.9087386189155946,0.3,0.0192
1.5,36,0.05,unweighted,571864,7464,10000,0.7464,1.1275087594985962,1.1275087594985962,0.0,500.0,1.0,0.0,0.6374857267977343,1.2749714535954686,0.2722460216819491,14.75794082335199,1.0,1.0,1.0,0.7377792542917339,0.7548315113111965,0.95,0.31251427320226566,-0.32497145359546864,-13.807940823351991,0.302,0.0192
1.5,36,0.1,unweighted,571864,5576,10000,0.5576,0.9429588913917542,0.9429588913917542,0.0,500.0,1.0,0.0,0.6374857267977343,1.2749714535954686,0.2722460216819491,14.75794082335199,1.0,1.0,1.0,0.547845149936818,0.5673106134508801,0.9,0.2625142732022657,-0.3749714535954686,-13.85794082335199,0.302,0.0192
1.5,36,0.2,unweighted,571864,3434,10000,0.3434,0.8686240911483765,0.8686240911483765,0.0,500.0,1.0,0.0,0.6374857267977343,1.2749714535954686,0.2722460216819491,14.75794082335199,1.0,1.0,1.0,0.3341549634477926,0.35276530484190316,0.8,0.16251427320226575,-0.47497145359546855,-13.95794082335199,0.302,0.0192
1.5,36,0.05,oracle_ratio,571864,9823,10000,0.9823,1.337012254524231,1.314333438873291,0.0,78.69343575715942,16.63515662153947,2.313821538152582,4.445228907190568e-18,0.0,0.0,0.0,1.0,0.04978706836786395,20.08553692318767,0.9795242825316985,0.9847053126399468,0.95,0.95,0.95,0.95,0.302,0.0192
1.5,36,0.1,oracle_ratio,571864,9286,10000,0.9286,1.289616786134243,1.2823160886764526,0.0,78.69343575715942,16.63515662153947,2.313821538152582,4.445228907190568e-18,0.0,0.0,0.0,1.0,0.04978706836786395,20.08553692318767,0.9233869569021144,0.9334838796945416,0.9,0.9,0.9,0.9,0.302,0.0192
1.5,36,0.2,oracle_ratio,571864,7977,10000,0.7977,1.1945775890588761,1.1966276168823242,0.0,78.69343575715942,16.63515662153947,2.313821538152582,4.445228907190568e-18,0.0,0.0,0.0,1.0,0.04978706836786395,20.08553692318767,0.7897129018432688,0.8054584655268303,0.8,0.8,0.8,0.8,0.302,0.0192
1.5,36,0.05,estimated_ratio,571864,9823,10000,0.9823,1.3374914192199707,1.314333438873291,0.0,76.7031113634661,16.49910093032892,2.3491786634833085,0.008178224370229949,0.029900654432461694,0.00018247750532688093,0.3820759142650904,0.9702330864266262,0.052631578947368425,18.999999999999982,0.9795242825316985,0.9847053126399468,0.95,0.94182177562977,0.9200993455675383,0.5679240857349095,0.302,0.0192
1.5,36,0.1,estimated_ratio,571864,9286,10000,0.9286,1.2903881025075912,1.2823160886764526,0.0,76.7031113634661,16.49910093032892,2.3491786634833085,0.008178224370229949,0.029900654432461694,0.00018247750532688093,0.3820759142650904,0.9702330864266262,0.052631578947368425,18.999999999999982,0.9233869569021144,0.9334838796945416,0.9,0.89182177562977,0.8700993455675383,0.5179240857349097,0.302,0.0192
1.5,36,0.2,estimated_ratio,571864,8122,10000,0.8122,1.2043702432274819,1.20262348651886,0.0,76.7031113634661,16.49910093032892,2.3491786634833085,0.008178224370229949,0.029900654432461694,0.00018247750532688093,0.3820759142650904,0.9702330864266262,0.052631578947368425,18.999999999999982,0.8044259606827612,0.8197342707345884,0.8,0.7918217756297701,0.7700993455675383,0.41792408573490963,0.302,0.0192
1.5,36,0.05,estimated_ratio_clipped,571864,9484,10000,0.9484,1.3101332800865173,1.314333438873291,0.0,116.36700189097468,5.0,1.815695659306556,0.17914377057923758,0.28953518138132217,0.009293786289982602,2.7267249644924,0.710598559477766,0.052631578947368425,5.0,0.9438894346891868,0.9525661955719904,0.95,0.7708562294207624,0.6604648186186778,-1.7767249644924001,0.302,0.0192
1.5,36,0.1,estimated_ratio_clipped,571864,9147,10000,0.9147,1.2813830822706223,1.2823160886764526,0.0,116.36700189097468,5.0,1.815695659306556,0.17914377057923758,0.28953518138132217,0.009293786289982602,2.7267249644924,0.710598559477766,0.052631578947368425,5.0,0.9090647707583752,0.9200167409929856,0.9,0.7208562294207624,0.6104648186186779,-1.8267249644924002,0.302,0.0192
1.5,36,0.2,estimated_ratio_clipped,571864,7464,10000,0.7464,1.1275087594985962,1.1275087594985962,0.0,116.36700189097468,5.0,1.815695659306556,0.17914377057923758,0.28953518138132217,0.009293786289982602,2.7267249644924,0.710598559477766,0.052631578947368425,5.0,0.7377792542917339,0.7548315113111965,0.8,0.6208562294207625,0.5104648186186779,-1.9267249644924,0.302,0.0192
1.5,37,0.05,unweighted,571865,6962,10000,0.6962,1.048194169998169,1.048194169998169,0.0,500.0,1.0,0.0,0.6374857267977343,1.2749714535954686,0.2722460216819491,14.75794082335199,1.0,1.0,1.0,0.6871122532584677,0.7051370657808789,0.95,0.31251427320226566,-0.32497145359546864,-13.807940823351991,0.304,0.0192
1.5,37,0.1,unweighted,571865,5195,10000,0.5195,0.9309626817703249,0.9309626817703248,0.0,500.0,1.0,0.0,0.6374857267977343,1.2749714535954686,0.2722460216819491,14.75794082335199,1.0,1.0,1.0,0.5097020251512143,0.5292829989123291,0.9,0.2625142732022657,-0.3749714535954686,-13.85794082335199,0.304,0.0192
1.5,37,0.2,unweighted,571865,3364,10000,0.3364,0.8537453413009644,0.8537453413009644,0.0,500.0,1.0,0.0,0.6374857267977343,1.2749714535954686,0.2722460216819491,14.75794082335199,1.0,1.0,1.0,0.3272039972480495,0.3457216470188358,0.8,0.16251427320226575,-0.47497145359546855,-13.95794082335199,0.304,0.0192
1.5,37,0.05,oracle_ratio,571865,9886,10000,0.9886,1.3718768818974494,1.329429030418396,0.0,78.15358647805408,20.08553692318767,2.323286261373483,4.445228907190568e-18,0.0,0.0,0.0,1.0,0.04978706836786395,20.08553692318767,0.9863236278452282,0.9905011289469466,0.95,0.95,0.95,0.95,0.304,0.0192
1.5,37,0.1,oracle_ratio,571865,9563,10000,0.9563,1.3147621726512908,1.3149404525756836,0.0,78.15358647805408,20.08553692318767,2.323286261373483,4.445228907190568e-18,0.0,0.0,0.0,1.0,0.04978706836786395,20.08553692318767,0.9521150293743628,0.9601345337125577,0.9,0.9,0.9,0.9,0.304,0.0192
1.5,37,0.2,oracle_ratio,571865,8634,10000,0.8634,1.2542563580274582,1.2524614334106443,0.0,78.15358647805408,20.08553692318767,2.323286261373483,4.445228907190568e-18,0.0,0.0,0.0,1.0,0.04978706836786395,20.08553692318767,0.8565293028168655,0.8699916071673266,0.8,0.8,0.8,0.8,0.304,0.0192
1.5,37,0.05,estimated_ratio,571865,9886,10000,0.9886,1.367034872817993,1.329429030418396,0.0,77.14414020155637,18.999999999999982,2.341233367629836,0.012433592371113005,0.0371964494028329,6.386821895441653e-05,0.22604109175885084,1.027856424753687,0.052631578947368425,18.999999999999982,0.9863236278452282,0.9905011289469466,0.95,0.937566407628887,0.912803550597167,0.7239589082411491,0.304,0.0192
1.5,37,0.1,estimated_ratio,571865,9563,10000,0.9563,1.3147710957527161,1.3149404525756836,0.0,77.14414020155637,18.999999999999982,2.341233367629836,0.012433592371113005,0.0371964494028329,6.386821895441653e-05,0.22604109175885084,1.027856424753687,0.052631578947368425,18.999999999999982,0.9521150293743628,0.9601345337125577,0.9,0.887566407628887,0.8628035505971672,0.6739589082411492,0.304,0.0192
1.5,37,0.2,estimated_ratio,571865,8634,10000,0.8634,1.2541205846071244,1.2524614334106443,0.0,77.14414020155637,18.999999999999982,2.341233367629836,0.012433592371113005,0.0371964494028329,6.386821895441653e-05,0.22604109175885084,1.027856424753687,0.052631578947368425,18.999999999999982,0.8565293028168655,0.8699916071673266,0.8,0.7875664076288871,0.7628035505971671,0.5739589082411491,0.304,0.0192
1.5,37,0.05,estimated_ratio_clipped,571865,9563,10000,0.9563,1.314837017440796,1.3149404525756836,0.0,131.27045320132325,5.0,1.675986351081577,0.18781070635973424,0.2781421435916193,0.009150611670919531,2.7056402822133663,0.7350870599417654,0.052631578947368425,5.0,0.9521150293743628,0.9601345337125577,0.95,0.7621892936402657,0.6718578564083806,-1.7556402822133663,0.304,0.0192
1.5,37,0.1,estimated_ratio_clipped,571865,8484,10000,0.8484,1.247294154524803,1.2524614334106443,0.0,131.27045320132325,5.0,1.675986351081577,0.18781070635973424,0.2781421435916193,0.009150611670919531,2.7056402822133663,0.7350870599417654,0.052631578947368425,5.0,0.8412372188917239,0.8552952110435887,0.9,0.7121892936402658,0.6218578564083808,-1.8056402822133664,0.304,0.0192
1.5,37,0.2,estimated_ratio_clipped,571865,6528,10000,0.6528,1.0183265741825103,1.0256803035736084,0.0,131.27045320132325,5.0,1.675986351081577,0.18781070635973424,0.2781421435916193,0.009150611670919531,2.7056402822133663,0.7350870599417654,0.052631578947368425,5.0,0.6434119358460058,0.6620707142519155,0.8,0.6121892936402658,0.5218578564083807,-1.9056402822133662,0.304,0.0192
1.5,38,0.05,unweighted,571866,7314,10000,0.7314,1.1275087594985962,1.1275087594985962,0.0,500.0,1.0,0.0,0.6374857267977343,1.2749714535954686,0.2722460216819491,14.75794082335199,1.0,1.0,1.0,0.7226251812943277,0.7399971042597232,0.95,0.31251427320226566,-0.32497145359546864,-13.807940823351991,0.3,0.0192
1.5,38,0.1,unweighted,571866,5660,10000,0.566,0.95711350440979,0.95711350440979,0.0,500.0,1.0,0.0,0.6374857267977343,1.2749714535954686,0.2722460216819491,14.75794082335199,1.0,1.0,1.0,0.5562624195947969,0.5756868926202736,0.9,0.2625142732022657,-0.3749714535954686,-13.85794082335199,0.3,0.0192
1.5,38,0.2,unweighted,571866,3333,10000,0.3333,0.8686240911483765,0.8686240911483765,0.0,500.0,1.0,0.0,0.6374857267977343,1.2749714535954686,0.2722460216819491,14.75794082335199,1.0,1.0,1.0,0.3241264369920278,0.3426015880647556,0.8,0.16251427320226575,-0.47497145359546855,-13.95794082335199,0.3,0.0192
1.5,38,0.05,oracle_ratio,571866,9445,10000,0.9445,1.314333438873291,1.314333438873291,0.0,66.05134359047143,20.08553692318767,2.5631755155746507,4.445228907190568e-18,0.0,0.0,0.0,1.0,0.04978706836786395,20.08553692318767,0.9398395206647528,0.9488191047837157,0.95,0.95,0.95,0.95,0.3,0.0192
1.5,38,0.1,oracle_ratio,571866,8863,10000,0.8863,1.2749156153917311,1.2739903926849363,0.0,66.05134359047143,20.08553692318767,2.5631755155746507,4.445228907190568e-18,0.0,0.0,0.0,1.0,0.04978706836786395,20.08553692318767,0.8799292497441491,0.8923740731146661,0.9,0.9,0.9,0.9,0.3,0.0192
1.5,38,0.2,oracle_ratio,571866,8863,10000,0.8863,1.2591979198455812,1.257892370223999,0.0,66.05134359047143,20.08553692318767,2.5631755155746507,4.445228907190568e-18,0.0,0.0,0.0,1.0,0.04978706836786395,20.08553692318767,0.8799292497441491,0.8923740731146661,0.8,0.8,0.8,0.8,0.3,0.0192
1.5,38,0.05,estimated_ratio,571866,9445,10000,0.9445,1.314333438873291,1.314333438873291,0.0,67.91491059320431,18.999999999999982,2.5223309751513923,0.007469380582855912,0.029709811831906362,3.4258931862581724e-05,0.16555103590755743,0.972646070327222,0.052631578947368425,18.999999999999982,0.9398395206647528,0.9488191047837157,0.95,0.942530619417144,0.9202901881680936,0.7844489640924426,0.3,0.0192
1.5,38,0.1,estimated_ratio,571866,8863,10000,0.8863,1.2744486805677413,1.2739903926849363,0.0,67.91491059320431,18.999999999999982,2.5223309751513923,0.007469380582855912,0.029709811831906362,3.4258931862581724e-05,0.16555103590755743,0.972646070327222,0.052631578947368425,18.999999999999982,0.8799292497441491,0.8923740731146661,0.9,0.8925306194171441,0.8702901881680937,0.7344489640924425,0.3,0.0192
1.5,38,0.2,estimated_ratio,571866,8685,10000,0.8685,1.258148328781128,1.257892370223999,0.0,67.91491059320431,18.999999999999982,2.5223309751513923,0.007469380582855912,0.029709811831906362,3.4258931862581724e-05,0.16555103590755743,0.972646070327222,0.052631578947368425,18.999999999999982,0.8617346296685646,0.8749823635322467,0.8,0.7925306194171441,0.7702901881680937,0.6344489640924427,0.3,0.0192
1.5,38,0.05,estimated_ratio_clipped,571866,9311,10000,0.9311,1.3003001523971556,1.3028135299682615,0.0,125.11074497846334,5.0,1.7310283930684824,0.1846135886012089,0.27630509985978347,0.009130820285304944,2.7027127535577944,0.7260507822993449,0.052631578947368425,5.0,0.9259683762563612,0.9359005403484414,0.95,0.765386411398791,0.6736949001402165,-1.7527127535577944,0.3,0.0192
1.5,38,0.1,estimated_ratio_clipped,571866,8863,10000,0.8863,1.267425619125366,1.2739903926849363,0.0,125.11074497846334,5.0,1.7310283930684824,0.1846135886012089,0.27630509985978347,0.009130820285304944,2.7027127535577944,0.7260507822993449,0.052631578947368425,5.0,0.8799292497441491,0.8923740731146661,0.9,0.7153864113987911,0.6236949001402166,-1.8027127535577945,0.3,0.0192
1.5,38,0.2,estimated_ratio_clipped,571866,7579,10000,0.7579,1.1431398613572121,1.1501529216766355,0.0,125.11074497846334,5.0,1.7310283930684824,0.1846135886012089,0.27630509985978347,0.009130820285304944,2.7027127535577944,0.7260507822993449,0.052631578947368425,5.0,0.7494064005318183,0.7661955331085867,0.8,0.6153864113987911,0.5236949001402166,-1.9027127535577943,0.3,0.0192
1.5,39,0.05,unweighted,571867,6629,10000,0.6629,1.031848669052124,1.031848669052124,0.0,500.0,1.0,0.0,0.6374857267977343,1.2749714535954686,0.2722460216819491,14.75794082335199,1.0,1.0,1.0,0.6535738853963794,0.6721010079344542,0.95,0.31251427320226566,-0.32497145359546864,-13.807940823351991,0.294,0.0192
1.5,39,0.1,unweighted,571867,5235,10000,0.5235,0.9309626817703249,0.9309626817703248,0.0,500.0,1.0,0.0,0.6374857267977343,1.2749714535954686,0.2722460216819491,14.75794082335199,1.0,1.0,1.0,0.5137038614992215,0.5332780905773566,0.9,0.2625142732022657,-0.3749714535954686,-13.85794082335199,0.294,0.0192
1.5,39,0.2,unweighted,571867,3395,10000,0.3395,0.8537453413009644,0.8537453413009644,0.0,500.0,1.0,0.0,0.6374857267977343,1.2749714535954686,0.2722460216819491,14.75794082335199,1.0,1.0,1.0,0.33028200366878535,0.3488412598082018,0.8,0.16251427320226575,-0.47497145359546855,-13.95794082335199,0.294,0.0192
1.5,39,0.05,oracle_ratio,571867,10000,10000,1.0,1.3908758844852447,1.4578642845153809,0.0,71.6506150217955,19.464385039748105,2.445057701250099,4.445228907190568e-18,0.0,0.0,0.0,1.0,0.04978706836786395,20.08553692318767,0.9996160016293234,1.0,0.95,0.95,0.95,0.95,0.294,0.0192
1.5,39,0.1,oracle_ratio,571867,9421,10000,0.9421,1.2963044689774512,1.2823160886764526,0.0,71.6506150217955,19.464385039748105,2.445057701250099,4.445228907190568e-18,0.0,0.0,0.0,1.0,0.04978706836786395,20.08553692318767,0.9373503864985802,0.9465100821420676,0.9,0.9,0.9,0.9,0.294,0.0192
1.5,39,0.2,oracle_ratio,571867,7705,10000,0.7705,1.1672411940455436,1.172321081161499,0.0,71.6506150217955,19.464385039748105,2.445057701250099,4.445228907190568e-18,0.0,0.0,0.0,1.0,0.04978706836786395,20.08553692318767,0.7621551864322007,0.7786370704492631,0.8,0.8,0.8,0.8,0.294,0.0192
1.5,39,0.05,estimated_ratio,571867,10000,10000,1.0,1.3881746240615844,1.4578642845153809,0.0,72.75614661323306,18.866043256272196,2.4232770371310424,0.004385515063305766,0.020211844899437295,1.5601124296050674e-05,0.11171794590324573,0.9805987314972506,0.052631578947368425,18.999999999999982,0.9996160016293234,1.0,0.95,0.9456144849366942,0.9297881551005627,0.8382820540967543,0.294,0.0192
1.5,39,0.1,estimated_ratio,571867,9421,10000,0.9421,1.2953663606166839,1.2823160886764526,0.0,72.75614661323306,18.866043256272196,2.4232770371310424,0.004385515063305766,0.020211844899437295,1.5601124296050674e-05,0.11171794590324573,0.9805987314972506,0.052631578947368425,18.999999999999982,0.9373503864985802,0.9465100821420676,0.9,0.8956144849366943,0.8797881551005627,0.7882820540967543,0.294,0.0192
1.5,39,0.2,estimated_ratio,571867,7671,10000,0.7671,1.1631491584300995,1.172321081161499,0.0,72.75614661323306,18.866043256272196,2.4232770371310424,0.004385515063305766,0.020211844899437295,1.5601124296050674e-05,0.11171794590324573,0.9805987314972506,0.052631578947368425,18.999999999999982,0.75871403236401,0.7752808357063745,0.8,0.7956144849366943,0.7797881551005628,0.6882820540967544,0.294,0.0192
1.5,39,0.05,estimated_ratio_clipped,571867,9421,10000,0.9421,1.302374958574772,1.314333438873291,0.0,123.42623620470044,5.0,1.746711930865374,0.18493710779062625,0.2738555206829784,0.009122613522453905,2.701497884130788,0.7269550557137094,0.052631578947368425,5.0,0.9373503864985802,0.9465100821420676,0.95,0.7650628922093737,0.6761444793170215,-1.751497884130788,0.294,0.0192
1.5,39,0.1,estimated_ratio_clipped,571867,7856,10000,0.7856,1.1966276168823242,1.1966276168823242,0.0,123.42623620470044,5.0,1.746711930865374,0.18493710779062625,0.2738555206829784,0.009122613522453905,2.701497884130788,0.7269550557137094,0.052631578947368425,5.0,0.7774473277140155,0.793533332416654,0.9,0.7150628922093738,0.6261444793170217,-1.801497884130788,0.294,0.0192
1.5,39,0.2,estimated_ratio_clipped,571867,6487,10000,0.6487,1.0129011164188384,1.02435564994812,0.0,123.42623620470044,5.0,1.746711930865374,0.18493710779062625,0.2738555206829784,0.009122613522453905,2.701497884130788,0.7269550557137094,0.052631578947368425,5.0,0.6392881145591346,0.6579976843254264,0.8,0.6150628922093738,0.5261444793170216,-1.901497884130788,0.294,0.0192
1.5,40,0.05,unweighted,571868,6601,10000,0.6601,1.031848669052124,1.031848669052124,0.0,500.0,1.0,0.0,0.6374857267977343,1.2749714535954686,0.2722460216819491,14.75794082335199,1.0,1.0,1.0,0.6507562418524959,0.6693208018692134,0.95,0.31251427320226566,-0.32497145359546864,-13.807940823351991,0.288,0.0192
1.5,40,0.1,unweighted,571868,5512,10000,0.5512,0.9429588913917542,0.9429588913917542,0.0,500.0,1.0,0.0,0.6374857267977343,1.2749714535954686,0.2722460216819491,14.75794082335199,1.0,1.0,1.0,0.5414338860554979,0.5609267925113448,0.9,0.2625142732022657,-0.3749714535954686,-13.85794082335199,0.288,0.0192
1.5,40,0.2,unweighted,571868,3327,10000,0.3327,0.8537453413009644,0.8537453413009644,0.0,500.0,1.0,0.0,0.6374857267977343,1.2749714535954686,0.2722460216819491,14.75794082335199,1.0,1.0,1.0,0.3235308319614451,0.34199765389338316,0.8,0.16251427320226575,-0.47497145359546855,-13.95794082335199,0.288,0.0192
1.5,40,0.05,oracle_ratio,571868,9843,10000,0.9843,1.339531322479248,1.363731861114502,0.0,72.67381569388715,18.279115201369603,2.424882899711253,4.445228907190568e-18,0.0,0.0,0.0,1.0,0.04978706836786395,20.08553692318767,0.9816709357196256,0.9865571234585369,0.95,0.95,0.95,0.95,0.288,0.0192
1.5,40,0.1,oracle_ratio,571868,9485,10000,0.9485,1.3145001855373382,1.314333438873291,0.0,72.67381569388715,18.279115201369603,2.424882899711253,4.445228907190568e-18,0.0,0.0,0.0,1.0,0.04978706836786395,20.08553692318767,0.9439933658981599,0.9526621875633432,0.9,0.9,0.9,0.9,0.288,0.0192
1.5,40,0.2,oracle_ratio,571868,8888,10000,0.8888,1.2574259653806685,1.255275011062622,0.0,72.67381569388715,18.279115201369603,2.424882899711253,4.445228907190568e-18,0.0,0.0,0.0,1.0,0.04978706836786395,20.08553692318767,0.8824883479813895,0.8948130548855723,0.8,0.8,0.8,0.8,0.288,0.0192
1.5,40,0.05,estimated_ratio,571868,9843,10000,0.9843,1.339531322479248,1.363731861114502,0.0,72.72554599887631,17.57932243498944,2.423873601009199,0.00032103259472005853,0.03823157544304628,9.804288694008604e-05,0.2800612603557815,0.9619021654160418,0.052631578947368425,18.999999999999982,0.9816709357196256,0.9865571234585369,0.95,0.9496789674052799,0.9117684245569537,0.6699387396442185,0.288,0.0192
1.5,40,0.1,estimated_ratio,571868,9485,10000,0.9485,1.3145001855373382,1.314333438873291,0.0,72.72554599887631,17.57932243498944,2.423873601009199,0.00032103259472005853,0.03823157544304628,9.804288694008604e-05,0.2800612603557815,0.9619021654160418,0.052631578947368425,18.999999999999982,0.9439933658981599,0.9526621875633432,0.9,0.89967896740528,0.8617684245569538,0.6199387396442185,0.288,0.0192
1.5,40,0.2,estimated_ratio,571868,8888,10000,0.8888,1.2574259653806685,1.255275011062622,0.0,72.72554599887631,17.57932243498944,2.423873601009199,0.00032103259472005853,0.03823157544304628,9.804288694008604e-05,0.2800612603557815,0.9619021654160418,0.052631578947368425,18.999999999999982,0.8824883479813895,0.8948130548855723,0.8,0.79967896740528,0.7617684245569538,0.5199387396442186,0.288,0.0192
1.5,40,0.05,estimated_ratio_clipped,571868,9585,10000,0.9585,1.3149404525756836,1.3149404525756836,0.0,119.09119192673552,5.0,1.7884248128651004,0.18041269053667003,0.28599461378605906,0.009195514031314146,2.712270492604179,0.714139127073029,0.052631578947368425,5.0,0.9544117008827055,0.9622361726113839,0.95,0.7695873094633299,0.6640053862139409,-1.762270492604179,0.288,0.0192
1.5,40,0.1,estimated_ratio_clipped,571868,8888,10000,0.8888,1.2739903926849363,1.2739903926849363,0.0,119.09119192673552,5.0,1.7884248128651004,0.18041269053667003,0.28599461378605906,0.009195514031314146,2.712270492604179,0.714139127073029,0.052631578947368425,5.0,0.8824883479813895,0.8948130548855723,0.9,0.71958730946333,0.614005386213941,-1.812270492604179,0.288,0.0192
1.5,40,0.2,estimated_ratio_clipped,571868,7381,10000,0.7381,1.1142339072823524,1.1282352209091189,0.0,119.09119192673552,5.0,1.7884248128651004,0.18041269053667003,0.28599461378605906,0.009195514031314146,2.712270492604179,0.714139127073029,0.052631578947368425,5.0,0.729392395300459,0.7466247446754247,0.8,0.61958730946333,0.514005386213941,-1.912270492604179,0.288,0.0192
1.5,41,0.05,unweighted,571869,7459,10000,0.7459,1.135647535324097,1.135647535324097,0.0,500.0,1.0,0.0,0.6374857267977343,1.2749714535954686,0.2722460216819491,14.75794082335199,1.0,1.0,1.0,0.7372739071871409,0.7543372424141602,0.95,0.31251427320226566,-0.32497145359546864,-13.807940823351991,0.292,0.0192
1.5,41,0.1,unweighted,571869,5523,10000,0.5523,0.9429588913917542,0.9429588913917542,0.0,500.0,1.0,0.0,0.6374857267977343,1.2749714535954686,0.2722460216819491,14.75794082335199,1.0,1.0,1.0,0.5425357058295498,0.5620241279408774,0.9,0.2625142732022657,-0.3749714535954686,-13.85794082335199,0.292,0.0192
1.5,41,0.2,unweighted,571869,3303,10000,0.3303,0.8537453413009644,0.8537453413009644,0.0,500.0,1.0,0.0,0.6374857267977343,1.2749714535954686,0.2722460216819491,14.75794082335199,1.0,1.0,1.0,0.32114858058770224,0.3395817484593052,0.8,0.16251427320226575,-0.47497145359546855,-13.95794082335199,0.292,0.0192
1.5,41,0.05,oracle_ratio,571869,10000,10000,1.0,1.3819205187678336,1.329429030418396,0.0,61.756638933930866,20.08553692318767,2.663887297554212,4.445228907190568e-18,0.0,0.0,0.0,1.0,0.04978706836786395,20.08553692318767,0.9996160016293234,1.0,0.95,0.95,0.95,0.95,0.292,0.0192
1.5,41,0.1,oracle_ratio,571869,9564,10000,0.9564,1.315899596428871,1.3149404525756836,0.0,61.756638933930866,20.08553692318767,2.663887297554212,4.445228907190568e-18,0.0,0.0,0.0,1.0,0.04978706836786395,20.08553692318767,0.9522193619651976,0.9602301243220487,0.9,0.9,0.9,0.9,0.292,0.0192
1.5,41,0.2,oracle_ratio,571869,8891,10000,0.8891,1.2740837976694106,1.2739903926849363,0.0,61.756638933930866,20.08553692318767,2.663887297554212,4.445228907190568e-18,0.0,0.0,0.0,1.0,0.04978706836786395,20.08553692318767,0.8827955053425229,0.8951056671254165,0.8,0.8,0.8,0.8,0.292,0.0192
1.5,41,0.05,estimated_ratio,571869,10000,10000,1.0,1.3819205187678336,1.329429030418396,0.0,61.29568643093111,18.999999999999982,2.6752907986744243,0.004399057568322845,0.015779123842102373,4.662898244825742e-05,0.1931403271163377,0.9843546170169856,0.052631578947368425,18.999999999999982,0.9996160016293234,1.0,0.95,0.9456009424316771,0.9342208761578976,0.7568596728836623,0.292,0.0192
1.5,41,0.1,estimated_ratio,571869,9564,10000,0.9564,1.315899596428871,1.3149404525756836,0.0,61.29568643093111,18.999999999999982,2.6752907986744243,0.004399057568322845,0.015779123842102373,4.662898244825742e-05,0.1931403271163377,0.9843546170169856,0.052631578947368425,18.999999999999982,0.9522193619651976,0.9602301243220487,0.9,0.8956009424316772,0.8842208761578977,0.7068596728836624,0.292,0.0192
1.5,41,0.2,estimated_ratio,571869,8891,10000,0.8891,1.2739903926849363,1.2739903926849363,0.0,61.29568643093111,18.999999999999982,2.6752907986744243,0.004399057568322845,0.015779123842102373,4.662898244825742e-05,0.1931403271163377,0.9843546170169856,0.052631578947368425,18.999999999999982,0.8827955053425229,0.8951056671254165,0.8,0.7956009424316772,0.7842208761578977,0.6068596728836624,0.292,0.0192
1.5,41,0.05,estimated_ratio_clipped,571869,9564,10000,0.9564,1.3149404525756836,1.3149404525756836,0.0,120.90398452720505,5.0,1.7707379822976363,0.1829070820266312,0.2789308459490336,0.009160474016002822,2.707097931882454,0.7212028949100544,0.052631578947368425,5.0,0.9522193619651976,0.9602301243220487,0.95,0.7670929179733688,0.6710691540509663,-1.757097931882454,0.292,0.0192
1.5,41,0.1,estimated_ratio_clipped,571869,9259,10000,0.9259,1.2949640742540358,1.3028135299682615,0.0,120.90398452720505,5.0,1.7707379822976363,0.1829070820266312,0.2789308459490336,0.009160474016002822,2.707097931882454,0.7212028949100544,0.052631578947368425,5.0,0.920601032607926,0.9308718775799315,0.9,0.7170929179733688,0.6210691540509664,-1.807097931882454,0.292,0.0192
1.5,41,0.2,estimated_ratio_clipped,571869,8019,10000,0.8019,1.2242563154816628,1.2334575653076172,0.0,120.90398452720505,5.0,1.7707379822976363,0.1829070820266312,0.2789308459490336,0.009160474016002822,2.707097931882454,0.7212028949100544,0.052631578947368425,5.0,0.7939729228015238,0.8095952189822615,0.8,0.6170929179733688,0.5210691540509664,-1.907097931882454,0.292,0.0192
1.5,42,0.05,unweighted,571870,7322,10000,0.7322,1.1275087594985962,1.1275087594985962,0.0,500.0,1.0,0.0,0.6374857267977343,1.2749714535954686,0.2722460216819491,14.75794082335199,1.0,1.0,1.0,0.7234330729489865,0.7407885982076711,0.95,0.31251427320226566,-0.32497145359546864,-13.807940823351991,0.296,0.0192
1.5,42,0.1,unweighted,571870,5487,10000,0.5487,0.9429588913917542,0.9429588913917542,0.0,500.0,1.0,0.0,0.6374857267977343,1.2749714535954686,0.2722460216819491,14.75794082335199,1.0,1.0,1.0,0.5389299292581484,0.5584326693005477,0.9,0.2625142732022657,-0.3749714535954686,-13.85794082335199,0.296,0.0192
1.5,42,0.2,unweighted,571870,3378,10000,0.3378,0.8686240911483765,0.8686240911483765,0.0,500.0,1.0,0.0,0.6374857267977343,1.2749714535954686,0.2722460216819491,14.75794082335199,1.0,1.0,1.0,0.32859400959708773,0.34713055947435967,0.8,0.16251427320226575,-0.47497145359546855,-13.95794082335199,0.296,0.0192
1.5,42,0.05,oracle_ratio,571870,9289,10000,0.9289,1.2852875617861748,1.279902100563049,0.0,75.65899404562134,20.08553692318767,2.3682482195198564,4.445228907190568e-18,0.0,0.0,0.0,1.0,0.04978706836786395,20.08553692318767,0.923696630970077,0.9337739752275563,0.95,0.95,0.95,0.95,0.296,0.0192
1.5,42,0.1,oracle_ratio,571870,8704,10000,0.8704,1.2511517807006836,1.245755910873413,0.0,75.65899404562134,20.08553692318767,2.3682482195198564,4.445228907190568e-18,0.0,0.0,0.0,1.0,0.04978706836786395,20.08553692318767,0.8636747038113881,0.8768408301956145,0.9,0.9,0.9,0.9,0.296,0.0192
1.5,42,0.2,oracle_ratio,571870,7923,10000,0.7923,1.206262046289444,1.20262348651886,0.0,75.65899404562134,20.08553692318767,2.3682482195198564,4.445228907190568e-18,0.0,0.0,0.0,1.0,0.04978706836786395,20.08553692318767,0.7842376853931536,0.8001378291593488,0.8,0.8,0.8,0.8,0.296,0.0192
1.5,42,0.05,estimated_ratio,571870,9289,10000,0.9289,1.287225368475914,1.279902100563049,0.0,75.56193569522631,18.999999999999982,2.370039723690536,0.007098928170511903,0.028744470900851325,3.0422013784787122e-05,0.1560051634652831,1.0252498887528236,0.052631578947368425,18.999999999999982,0.923696630970077,0.9337739752275563,0.95,0.942901071829488,0.9212555290991487,0.7939948365347169,0.296,0.0192
1.5,42,0.1,estimated_ratio,571870,8590,10000,0.859,1.2505959308624268,1.245755910873413,0.0,75.56193569522631,18.999999999999982,2.370039723690536,0.007098928170511903,0.028744470900851325,3.0422013784787122e-05,0.1560051634652831,1.0252498887528236,0.052631578947368425,18.999999999999982,0.8520409641318498,0.8656833250380043,0.9,0.8929010718294881,0.8712555290991487,0.7439948365347169,0.296,0.0192
1.5,42,0.2,estimated_ratio,571870,7883,10000,0.7883,1.196524901330471,1.1966276168823242,0.0,75.56193569522631,18.999999999999982,2.370039723690536,0.007098928170511903,0.028744470900851325,3.0422013784787122e-05,0.1560051634652831,1.0252498887528236,0.052631578947368425,18.999999999999982,0.780183351831429,0.796195234708039,0.8,0.7929010718294881,0.7712555290991487,0.643994836534717,0.296,0.0192
1.5,42,0.05,estimated_ratio_clipped,571870,8974,10000,0.8974,1.2747606275558472,1.279902100563049,0.0,131.12939056889866,5.0,1.677208308845735,0.1892242390667331,0.2763639891672437,0.009129299799399028,2.7024877131116103,0.7391543480185081,0.052631578947368425,5.0,0.89129935220894,0.9031954458860462,0.95,0.7607757609332668,0.6736360108327563,-1.7524877131116103,0.296,0.0192
1.5,42,0.1,estimated_ratio_clipped,571870,8027,10000,0.8027,1.2327541788816452,1.2334575653076172,0.0,131.12939056889866,5.0,1.677208308845735,0.1892242390667331,0.2763639891672437,0.009129299799399028,2.7024877131116103,0.7391543480185081,0.052631578947368425,5.0,0.7947845090186355,0.8103830183677568,0.9,0.7107757609332669,0.6236360108327563,-1.8024877131116104,0.296,0.0192
1.5,42,0.2,estimated_ratio_clipped,571870,7093,10000,0.7093,1.070068565607071,1.0730522871017456,0.0,131.12939056889866,5.0,1.677208308845735,0.1892242390667331,0.2763639891672437,0.009129299799399028,2.7024877131116103,0.7391543480185081,0.052631578947368425,5.0,0.7003210656974574,0.7181181925845774,0.8,0.6107757609332669,0.5236360108327563,-1.9024877131116102,0.296,0.0192
1.5,43,0.05,unweighted,571871,7213,10000,0.7213,1.0730522871017456,1.0730522871017456,0.0,500.0,1.0,0.0,0.6374857267977343,1.2749714535954686,0.2722460216819491,14.75794082335199,1.0,1.0,1.0,0.7124286113757778,0.7300014309453609,0.95,0.31251427320226566,-0.32497145359546864,-13.807940823351991,0.296,0.0192
1.5,43,0.1,unweighted,571871,6132,10000,0.6132,0.9703732132911682,0.9703732132911682,0.0,500.0,1.0,0.0,0.6374857267977343,1.2749714535954686,0.2722460216819491,14.75794082335199,1.0,1.0,1.0,0.6036129034103287,0.62270015935855,0.9,0.2625142732022657,-0.3749714535954686,-13.85794082335199,0.296,0.0192
1.5,43,0.2,unweighted,571871,3473,10000,0.3473,0.8752741813659668,0.8752741813659668,0.0,500.0,1.0,0.0,0.6374857267977343,1.2749714535954686,0.2722460216819491,14.75794082335199,1.0,1.0,1.0,0.33802861889067815,0.35668865421172635,0.8,0.16251427320226575,-0.47497145359546855,-13.95794082335199,0.296,0.0192
1.5,43,0.05,oracle_ratio,571871,9845,10000,0.9845,1.363731861114502,1.363731861114502,0.0,82.08459899752857,17.166021524061733,2.256385746144073,4.445228907190568e-18,0.0,0.0,0.0,1.0,0.04978706836786395,20.08553692318767,0.9818861281043236,0.9867417774744909,0.95,0.95,0.95,0.95,0.296,0.0192
1.5,43,0.1,oracle_ratio,571871,9471,10000,0.9471,1.3144365705013275,1.314333438873291,0.0,82.08459899752857,17.166021524061733,2.256385746144073,4.445228907190568e-18,0.0,0.0,0.0,1.0,0.04978706836786395,20.08553692318767,0.9425387352030741,0.9513178934538669,0.9,0.9,0.9,0.9,0.296,0.0192
1.5,43,0.2,oracle_ratio,571871,7649,10000,0.7649,1.1407070827126502,1.1369203329086304,0.0,82.08459899752857,17.166021524061733,2.256385746144073,4.445228907190568e-18,0.0,0.0,0.0,1.0,0.04978706836786395,20.08553692318767,0.756487803372397,0.7731087542908186,0.8,0.8,0.8,0.8,0.296,0.0192
1.5,43,0.05,estimated_ratio,571871,9845,10000,0.9845,1.363731861114502,1.363731861114502,0.0,82.157338301777,17.595507450426194,2.25519037486734,0.0022363355129316415,0.025971139317325115,4.583227712650625e-05,0.1914832151944525,1.0234300629946547,0.052631578947368425,18.999999999999982,0.9818861281043236,0.9867417774744909,0.95,0.9477636644870683,0.9240288606826749,0.7585167848055474,0.296,0.0192
1.5,43,0.1,estimated_ratio,571871,9471,10000,0.9471,1.3144365705013275,1.314333438873291,0.0,82.157338301777,17.595507450426194,2.25519037486734,0.0022363355129316415,0.025971139317325115,4.583227712650625e-05,0.1914832151944525,1.0234300629946547,0.052631578947368425,18.999999999999982,0.9425387352030741,0.9513178934538669,0.9,0.8977636644870683,0.8740288606826749,0.7085167848055476,0.296,0.0192
1.5,43,0.2,estimated_ratio,571871,7649,10000,0.7649,1.1406688682198525,1.1369203329086304,0.0,82.157338301777,17.595507450426194,2.25519037486734,0.0022363355129316415,0.025971139317325115,4.583227712650625e-05,0.1914832151944525,1.0234300629946547,0.052631578947368425,18.999999999999982,0.756487803372397,0.7731087542908186,0.8,0.7977636644870684,0.774028860682675,0.6085167848055475,0.296,0.0192
1.5,43,0.05,estimated_ratio_clipped,571871,9845,10000,0.9845,1.3529001684188844,1.363731861114502,0.0,133.7740948096798,5.0,1.6545828560186413,0.19095430601963626,0.2804502383935747,0.009153494911442562,2.7060665049392356,0.7441941030701962,0.052631578947368425,5.0,0.9818861281043236,0.9867417774744909,0.95,0.7590456939803637,0.6695497616064252,-1.7560665049392357,0.296,0.0192
1.5,43,0.1,estimated_ratio_clipped,571871,8492,10000,0.8492,1.244060658764839,1.2524614334106443,0.0,133.7740948096798,5.0,1.6545828560186413,0.19095430601963626,0.2804502383935747,0.009153494911442562,2.7060665049392356,0.7441941030701962,0.052631578947368425,5.0,0.8420521665193615,0.8560796490185577,0.9,0.7090456939803638,0.6195497616064254,-1.8060665049392357,0.296,0.0192
1.5,43,0.2,estimated_ratio_clipped,571871,7213,10000,0.7213,1.0730522871017456,1.0730522871017456,0.0,133.7740948096798,5.0,1.6545828560186413,0.19095430601963626,0.2804502383935747,0.009153494911442562,2.7060665049392356,0.7441941030701962,0.052631578947368425,5.0,0.7124286113757778,0.7300014309453609,0.8,0.6090456939803638,0.5195497616064253,-1.9060665049392356,0.296,0.0192
1.5,44,0.05,unweighted,571872,7322,10000,0.7322,1.0906329154968262,1.0906329154968262,0.0,500.0,1.0,0.0,0.6374857267977343,1.2749714535954686,0.2722460216819491,14.75794082335199,1.0,1.0,1.0,0.7234330729489865,0.7407885982076711,0.95,0.31251427320226566,-0.32497145359546864,-13.807940823351991,0.286,0.0192
1.5,44,0.1,unweighted,571872,5708,10000,0.5708,0.95711350440979,0.95711350440979,0.0,500.0,1.0,0.0,0.6374857267977343,1.2749714535954686,0.2722460216819491,14.75794082335199,1.0,1.0,1.0,0.5610735610775115,0.5804720647532007,0.9,0.2625142732022657,-0.3749714535954686,-13.85794082335199,0.286,0.0192
1.5,44,0.2,unweighted,571872,3460,10000,0.346,0.8709402084350586,0.8709402084350586,0.0,500.0,1.0,0.0,0.6374857267977343,1.2749714535954686,0.2722460216819491,14.75794082335199,1.0,1.0,1.0,0.33673732346031743,0.35538094803785086,0.8,0.16251427320226575,-0.47497145359546855,-13.95794082335199,0.286,0.0192
1.5,44,0.05,oracle_ratio,571872,9739,10000,0.9739,1.3321389540433883,1.329429030418396,0.0,72.43809413404482,20.08553692318767,2.429494915206547,4.445228907190568e-18,0.0,0.0,0.0,1.0,0.04978706836786395,20.08553692318767,0.9705885041179604,0.9768475422263122,0.95,0.95,0.95,0.95,0.286,0.0192
1.5,44,0.1,oracle_ratio,571872,8910,10000,0.891,1.2653601239800454,1.257892370223999,0.0,72.43809413404482,20.08553692318767,2.429494915206547,4.445228907190568e-18,0.0,0.0,0.0,1.0,0.04978706836786395,20.08553692318767,0.8847411676786084,0.8969585455955223,0.9,0.9,0.9,0.9,0.286,0.0192
1.5,44,0.2,oracle_ratio,571872,7586,10000,0.7586,1.1377058206677437,1.135647535324097,0.0,72.43809413404482,20.08553692318767,2.429494915206547,4.445228907190568e-18,0.0,0.0,0.0,1.0,0.04978706836786395,20.08553692318767,0.7501144019455167,0.7668869940971695,0.8,0.8,0.8,0.8,0.286,0.0192
1.5,44,0.05,estimated_ratio,571872,9739,10000,0.9739,1.332680938768387,1.329429030418396,0.0,70.61871638830793,18.999999999999982,2.4658215589174453,0.010930409581158398,0.0252547454095766,5.932065479957117e-05,0.2178451831913135,1.0105423782925087,0.052631578947368425,18.999999999999982,0.9705885041179604,0.9768475422263122,0.95,0.9390695904188415,0.9247452545904233,0.7321548168086864,0.286,0.0192
1.5,44,0.1,estimated_ratio,571872,8910,10000,0.891,1.2668873901367188,1.257892370223999,0.0,70.61871638830793,18.999999999999982,2.4658215589174453,0.010930409581158398,0.0252547454095766,5.932065479957117e-05,0.2178451831913135,1.0105423782925087,0.052631578947368425,18.999999999999982,0.8847411676786084,0.8969585455955223,0.9,0.8890695904188416,0.8747452545904234,0.6821548168086865,0.286,0.0192
1.5,44,0.2,estimated_ratio,571872,7586,10000,0.7586,1.1380681372761727,1.135647535324097,0.0,70.61871638830793,18.999999999999982,2.4658215589174453,0.010930409581158398,0.0252547454095766,5.932065479957117e-05,0.2178451831913135,1.0105423782925087,0.052631578947368425,18.999999999999982,0.7501144019455167,0.7668869940971695,0.8,0.7890695904188416,0.7747452545904234,0.5821548168086865,0.286,0.0192
1.5,44,0.05,estimated_ratio_clipped,571872,9323,10000,0.9323,1.2995371955633161,1.3028135299682615,0.0,129.98929700195643,5.0,1.6871486386721923,0.1852651088134183,0.27630158490509293,0.009163774769455882,2.707585606322486,0.7278741587873171,0.052631578947368425,5.0,0.9272081198535184,0.9370598751551947,0.95,0.7647348911865817,0.673698415094907,-1.757585606322486,0.286,0.0192
1.5,44,0.1,estimated_ratio_clipped,571872,8046,10000,0.8046,1.2181528213977815,1.2334575653076172,0.0,129.98929700195643,5.0,1.6871486386721923,0.1852651088134183,0.27630158490509293,0.009163774769455882,2.707585606322486,0.7278741587873171,0.052631578947368425,5.0,0.7967122259386872,0.8122538422538965,0.9,0.7147348911865817,0.6236984150949071,-1.807585606322486,0.286,0.0192
1.5,44,0.2,estimated_ratio_clipped,571872,6916,10000,0.6916,1.0426138159751892,1.048194169998169,0.0,129.98929700195643,5.0,1.6871486386721923,0.1852651088134183,0.27630158490509293,0.009163774769455882,2.707585606322486,0.7278741587873171,0.052631578947368425,5.0,0.6824761104155274,0.7005767414088294,0.8,0.6147348911865818,0.5236984150949071,-1.9075856063224859,0.286,0.0192
1.5,45,0.05,unweighted,571873,7382,10000,0.7382,1.0906329154968262,1.0906329154968262,0.0,500.0,1.0,0.0,0.6374857267977343,1.2749714535954686,0.2722460216819491,14.75794082335199,1.0,1.0,1.0,0.729493417925123,0.7467236452510865,0.95,0.31251427320226566,-0.32497145359546864,-13.807940823351991,0.31,0.0192
1.5,45,0.1,unweighted,571873,5892,10000,0.5892,0.9663662910461426,0.9663662910461426,0.0,500.0,1.0,0.0,0.6374857267977343,1.2749714535954686,0.2722460216819491,14.75794082335199,1.0,1.0,1.0,0.5795249263679789,0.5988065683226922,0.9,0.2625142732022657,-0.3749714535954686,-13.85794082335199,0.31,0.0192
1.5,45,0.2,unweighted,571873,3489,10000,0.3489,0.8752741813659668,0.8752741813659668,0.0,500.0,1.0,0.0,0.6374857267977343,1.2749714535954686,0.2722460216819491,14.75794082335199,1.0,1.0,1.0,0.3396180108155448,0.3582980334920735,0.8,0.16251427320226575,-0.47497145359546855,-13.95794082335199,0.31,0.0192
1.5,45,0.05,oracle_ratio,571873,9230,10000,0.923,1.2754542109370233,1.257892370223999,0.0,78.7422908637524,20.08553692318767,2.3129695108137485,4.445228907190568e-18,0.0,0.0,0.0,1.0,0.04978706836786395,20.08553692318767,0.9176109510321446,0.9280641863462631,0.95,0.95,0.95,0.95,0.31,0.0192
1.5,45,0.1,oracle_ratio,571873,8711,10000,0.8711,1.2522891596317292,1.2524614334106443,0.0,78.7422908637524,20.08553692318767,2.3129695108137485,4.445228907190568e-18,0.0,0.0,0.0,1.0,0.04978706836786395,20.08553692318767,0.8643895850525483,0.8775254113567355,0.9,0.9,0.9,0.9,0.31,0.0192
1.5,45,0.2,oracle_ratio,571873,7382,10000,0.7382,1.1198513577580451,1.1275087594985962,0.0,78.7422908637524,20.08553692318767,2.3129695108137485,4.445228907190568e-18,0.0,0.0,0.0,1.0,0.04978706836786395,20.08553692318767,0.729493417925123,0.7467236452510865,0.8,0.8,0.8,0.8,0.31,0.0192
1.5,45,0.05,estimated_ratio,571873,9230,10000,0.923,1.2745892549157143,1.257892370223999,0.0,81.87875029906013,18.471137248852305,2.259776651692328,0.011377875889867889,0.051533415352678996,0.00010349698017812143,0.28774569352554547,0.9505661127599798,0.052631578947368425,18.471137248852305,0.9176109510321446,0.9280641863462631,0.95,0.938622124110132,0.898466584647321,0.6622543064744545,0.31,0.0192
1.5,45,0.1,estimated_ratio,571873,8711,10000,0.8711,1.2509926042556763,1.2524614334106443,0.0,81.87875029906013,18.471137248852305,2.259776651692328,0.011377875889867889,0.051533415352678996,0.00010349698017812143,0.28774569352554547,0.9505661127599798,0.052631578947368425,18.471137248852305,0.8643895850525483,0.8775254113567355,0.9,0.8886221241101321,0.848466584647321,0.6122543064744546,0.31,0.0192
1.5,45,0.2,estimated_ratio,571873,7352,10000,0.7352,1.1040888577580452,1.1275087594985962,0.0,81.87875029906013,18.471137248852305,2.259776651692328,0.011377875889867889,0.051533415352678996,0.00010349698017812143,0.28774569352554547,0.9505661127599798,0.052631578947368425,18.471137248852305,0.7264629889258986,0.7437563782405351,0.8,0.7886221241101321,0.7484665846473211,0.5122543064744546,0.31,0.0192
1.5,45,0.05,estimated_ratio_clipped,571873,8549,10000,0.8549,1.2524614334106443,1.2524614334106443,0.0,135.4198731994302,5.0,1.6407986665593037,0.1820890492779127,0.2832285369563135,0.009162249513800375,2.707360266207713,0.7188709911563452,0.052631578947368425,5.0,0.8478606739569642,0.8616667639995296,0.95,0.7679109507220873,0.6667714630436865,-1.7573602662077132,0.31,0.0192
1.5,45,0.1,estimated_ratio_clipped,571873,7809,10000,0.7809,1.175100298166275,1.1766608953475952,0.0,135.4198731994302,5.0,1.6407986665593037,0.1820890492779127,0.2832285369563135,0.009162249513800375,2.707360266207713,0.7188709911563452,0.052631578947368425,5.0,0.7726858466146196,0.7888984231007343,0.9,0.7179109507220873,0.6167714630436865,-1.8073602662077133,0.31,0.0192
1.5,45,0.2,estimated_ratio_clipped,571873,6646,10000,0.6646,1.0172628429174424,1.02435564994812,0.0,135.4198731994302,5.0,1.6407986665593037,0.1820890492779127,0.2832285369563135,0.009162249513800375,2.707360266207713,0.7188709911563452,0.052631578947368425,5.0,0.6552847747162518,0.6737888130201213,0.8,0.6179109507220873,0.5167714630436866,-1.9073602662077132,0.31,0.0192
1.5,46,0.05,unweighted,571874,6557,10000,0.6557,1.0256803035736084,1.0256803035736084,0.0,500.0,1.0,0.0,0.6374857267977343,1.2749714535954686,0.2722460216819491,14.75794082335199,1.0,1.0,1.0,0.6463292453019763,0.6649511776053948,0.95,0.31251427320226566,-0.32497145359546864,-13.807940823351991,0.296,0.0192
1.5,46,0.1,unweighted,571874,5189,10000,0.5189,0.9309626817703249,0.9309626817703248,0.0,500.0,1.0,0.0,0.6374857267977343,1.2749714535954686,0.2722460216819491,14.75794082335199,1.0,1.0,1.0,0.5091018039015484,0.52868368096004,0.9,0.2625142732022657,-0.3749714535954686,-13.85794082335199,0.296,0.0192
1.5,46,0.2,unweighted,571874,2985,10000,0.2985,0.8297096490859985,0.8297096490859985,0.0,500.0,1.0,0.0,0.6374857267977343,1.2749714535954686,0.2722460216819491,14.75794082335199,1.0,1.0,1.0,0.2896099690333195,0.3075447823100631,0.8,0.16251427320226575,-0.47497145359546855,-13.95794082335199,0.296,0.0192
1.5,46,0.05,oracle_ratio,571874,9412,10000,0.9412,1.2949661437392235,1.2823160886764526,0.0,79.93975321144379,15.622170628920182,2.2923154947852105,4.445228907190568e-18,0.0,0.0,0.0,1.0,0.04978706836786395,20.08553692318767,0.9364175379688027,0.9456436218689124,0.95,0.95,0.95,0.95,0.296,0.0192
1.5,46,0.1,oracle_ratio,571874,8370,10000,0.837,1.1973187981963158,1.1766608953475952,0.0,79.93975321144379,15.622170628920182,2.2923154947852105,4.445228907190568e-18,0.0,0.0,0.0,1.0,0.04978706836786395,20.08553692318767,0.8296313917645939,0.84410979333357,0.9,0.9,0.9,0.9,0.296,0.0192
1.5,46,0.2,oracle_ratio,571874,6520,10000,0.652,1.0145426718115806,1.0092549324035645,0.0,79.93975321144379,15.622170628920182,2.2923154947852105,4.445228907190568e-18,0.0,0.0,0.0,1.0,0.04978706836786395,20.08553692318767,0.6426072280830868,0.6612760364122277,0.8,0.8,0.8,0.8,0.296,0.0192
1.5,46,0.05,estimated_ratio,571874,9412,10000,0.9412,1.2956224994182586,1.2823160886764526,0.0,77.6555915147226,16.679485145814,2.332099137582175,0.008994418341371392,0.0456842704009267,8.031972977653846e-05,0.2534872458748778,1.0429073472349126,0.052631578947368425,18.999999999999982,0.9364175379688027,0.9456436218689124,0.95,0.9410055816586286,0.9043157295990732,0.6965127541251221,0.296,0.0192
1.5,46,0.1,estimated_ratio,571874,8459,10000,0.8459,1.2044965641021728,1.1966276168823242,0.0,77.6555915147226,16.679485145814,2.332099137582175,0.008994418341371392,0.0456842704009267,8.031972977653846e-05,0.2534872458748778,1.0429073472349126,0.052631578947368425,18.999999999999982,0.8386909432642392,0.8528434066629266,0.9,0.8910055816586286,0.8543157295990733,0.6465127541251222,0.296,0.0192
1.5,46,0.2,estimated_ratio,571874,6520,10000,0.652,1.0156861043453216,1.0092549324035645,0.0,77.6555915147226,16.679485145814,2.332099137582175,0.008994418341371392,0.0456842704009267,8.031972977653846e-05,0.2534872458748778,1.0429073472349126,0.052631578947368425,18.999999999999982,0.6426072280830868,0.6612760364122277,0.8,0.7910055816586287,0.7543157295990733,0.5465127541251222,0.296,0.0192
1.5,46,0.05,estimated_ratio_clipped,571874,8126,10000,0.8126,1.2255072198748589,1.2339407205581665,0.0,127.28869563805442,5.0,1.7111629347707553,0.19164685216622554,0.2827228144309959,0.009157015656866295,2.7065868775069895,0.7462308322642739,0.052631578947368425,5.0,0.8048320763139051,0.8201278479047479,0.95,0.7583531478337744,0.6672771855690041,-1.7565868775069895,0.296,0.0192
1.5,46,0.1,estimated_ratio_clipped,571874,7436,10000,0.7436,1.1326696842432022,1.135647535324097,0.0,127.28869563805442,5.0,1.7111629347707553,0.19164685216622554,0.2827228144309959,0.009157015656866295,2.7065868775069895,0.7462308322642739,0.052631578947368425,5.0,0.7349495011300546,0.7520634148637517,0.9,0.7083531478337745,0.6172771855690041,-1.8065868775069895,0.296,0.0192
1.5,46,0.2,estimated_ratio_clipped,571874,6209,10000,0.6209,0.9934293643772603,0.9957479238510132,0.0,127.28869563805442,5.0,1.7111629347707553,0.19164685216622554,0.2827228144309959,0.009157015656866295,2.7065868775069895,0.7462308322642739,0.052631578947368425,5.0,0.6113462659997688,0.6303608831942016,0.8,0.6083531478337745,0.5172771855690041,-1.9065868775069894,0.296,0.0192
1.5,47,0.05,unweighted,571875,6680,10000,0.668,1.031848669052124,1.031848669052124,0.0,500.0,1.0,0.0,0.6374857267977343,1.2749714535954686,0.2722460216819491,14.75794082335199,1.0,1.0,1.0,0.6587069572737243,0.6771640192737285,0.95,0.31251427320226566,-0.32497145359546864,-13.807940823351991,0.302,0.0192
1.5,47,0.1,unweighted,571875,5675,10000,0.5675,0.9496273398399351,0.9496273398399352,0.0,500.0,1.0,0.0,0.6374857267977343,1.2749714535954686,0.2722460216819491,14.75794082335199,1.0,1.0,1.0,0.5577658015842338,0.5771823586357249,0.9,0.2625142732022657,-0.3749714535954686,-13.85794082335199,0.302,0.0192
1.5,47,0.2,unweighted,571875,3436,10000,0.3436,0.8686240911483765,0.8686240911483765,0.0,500.0,1.0,0.0,0.6374857267977343,1.2749714535954686,0.2722460216819491,14.75794082335199,1.0,1.0,1.0,0.33435359557022015,0.35296651912012744,0.8,0.16251427320226575,-0.47497145359546855,-13.95794082335199,0.302,0.0192
1.5,47,0.05,oracle_ratio,571875,9450,10000,0.945,1.305882298028469,1.3028135299682615,0.0,68.602946422758,18.862442484083815,2.5076516302712215,4.445228907190568e-18,0.0,0.0,0.0,1.0,0.04978706836786395,20.08553692318767,0.9403583808486388,0.949299860601459,0.95,0.95,0.95,0.95,0.302,0.0192
1.5,47,0.1,oracle_ratio,571875,8675,10000,0.8675,1.2490624371767045,1.245755910873413,0.0,68.602946422758,18.862442484083815,2.5076516302712215,4.445228907190568e-18,0.0,0.0,0.0,1.0,0.04978706836786395,20.08553692318767,0.8607137224061628,0.87400403879139,0.9,0.9,0.9,0.9,0.302,0.0192
1.5,47,0.2,oracle_ratio,571875,7315,10000,0.7315,1.1001743635654448,1.0785813331604004,0.0,68.602946422758,18.862442484083815,2.5076516302712215,4.445228907190568e-18,0.0,0.0,0.0,1.0,0.04978706836786395,20.08553692318767,0.7227261657809742,0.7400960429734026,0.8,0.8,0.8,0.8,0.302,0.0192
1.5,47,0.05,estimated_ratio,571875,9450,10000,0.945,1.3062245490193367,1.3028135299682615,0.0,66.26833958111094,18.999999999999982,2.5583356216079376,0.01282080190115195,0.03858455718738203,6.820518739047507e-05,0.23358970420885433,1.02911160540544,0.052631578947368425,18.999999999999982,0.9403583808486388,0.949299860601459,0.95,0.937179198098848,0.9114154428126179,0.7164102957911456,0.302,0.0192
1.5,47,0.1,estimated_ratio,571875,8505,10000,0.8505,1.2486744669914245,1.245755910873413,0.0,66.26833958111094,18.999999999999982,2.5583356216079376,0.01282080190115195,0.03858455718738203,6.820518739047507e-05,0.23358970420885433,1.02911160540544,0.052631578947368425,18.999999999999982,0.8433766024008743,0.8573542147412815,0.9,0.887179198098848,0.861415442812618,0.6664102957911457,0.302,0.0192
1.5,47,0.2,estimated_ratio,571875,7466,10000,0.7466,1.103418997001648,1.0785813331604004,0.0,66.26833958111094,18.999999999999982,2.5583356216079376,0.01282080190115195,0.03858455718738203,6.820518739047507e-05,0.23358970420885433,1.02911160540544,0.052631578947368425,18.999999999999982,0.7379813972936842,0.7550292147098983,0.8,0.7871791980988481,0.761415442812618,0.5664102957911457,0.302,0.0192
1.5,47,0.05,estimated_ratio_clipped,571875,9316,10000,0.9316,1.287922018122673,1.2983108758926392,0.0,125.69802034752935,5.0,1.7256266652210133,0.18789373774202037,0.27851274675157167,0.009152738723604427,2.705954725948596,0.7353247359689218,0.052631578947368425,5.0,0.9264848828269215,0.9363836497795103,0.95,0.7621062622579796,0.6714872532484283,-1.7559547259485961,0.302,0.0192
1.5,47,0.1,estimated_ratio_clipped,571875,8121,10000,0.8121,1.2326140284776688,1.2334575653076172,0.0,125.69802034752935,5.0,1.7256266652210133,0.18789373774202037,0.27851274675157167,0.009152738723604427,2.705954725948596,0.7353247359689218,0.052631578947368425,5.0,0.8043244338306151,0.8196358743864086,0.9,0.7121062622579797,0.6214872532484284,-1.8059547259485962,0.302,0.0192
1.5,47,0.2,estimated_ratio_clipped,571875,6795,10000,0.6795,1.0344511648774146,1.0344692468643188,0.0,125.69802034752935,5.0,1.7256266652210133,0.18789373774202037,0.27851274675157167,0.009152738723604427,2.705954725948596,0.7353247359689218,0.052631578947368425,5.0,0.6702860288155181,0.688576115769409,0.8,0.6121062622579797,0.5214872532484284,-1.905954725948596,0.302,0.0192
1.5,48,0.05,unweighted,571876,6948,10000,0.6948,1.048194169998169,1.048194169998169,0.0,500.0,1.0,0.0,0.6374857267977343,1.2749714535954686,0.2722460216819491,14.75794082335199,1.0,1.0,1.0,0.6857011411219766,0.7037492531128077,0.95,0.31251427320226566,-0.32497145359546864,-13.807940823351991,0.282,0.0192
1.5,48,0.1,unweighted,571876,5221,10000,0.5221,0.9309626817703249,0.9309626817703248,0.0,500.0,1.0,0.0,0.6374857267977343,1.2749714535954686,0.2722460216819491,14.75794082335199,1.0,1.0,1.0,0.5123031472736725,0.5318798799983435,0.9,0.2625142732022657,-0.3749714535954686,-13.85794082335199,0.282,0.0192
1.5,48,0.2,unweighted,571876,2766,10000,0.2766,0.8181185722351074,0.8181185722351074,0.0,500.0,1.0,0.0,0.6374857267977343,1.2749714535954686,0.2722460216819491,14.75794082335199,1.0,1.0,1.0,0.2679197981237997,0.28545177234821856,0.8,0.16251427320226575,-0.47497145359546855,-13.95794082335199,0.282,0.0192
1.5,48,0.05,oracle_ratio,571876,9370,10000,0.937,1.289782541513443,1.279902100563049,0.0,61.09208198544297,20.08553692318767,2.680366892144707,4.445228907190568e-18,0.0,0.0,0.0,1.0,0.04978706836786395,20.08553692318767,0.9320681642585612,0.9415962211654675,0.95,0.95,0.95,0.95,0.282,0.0192
1.5,48,0.1,oracle_ratio,571876,8721,10000,0.8721,1.257892370223999,1.257892370223999,0.0,61.09208198544297,20.08553692318767,2.680366892144707,4.445228907190568e-18,0.0,0.0,0.0,1.0,0.04978706836786395,20.08553692318767,0.865410954631931,0.8785032737806114,0.9,0.9,0.9,0.9,0.282,0.0192
1.5,48,0.2,oracle_ratio,571876,8124,10000,0.8124,1.218316629266739,1.2281887531280518,0.0,61.09208198544297,20.08553692318767,2.680366892144707,4.445228907190568e-18,0.0,0.0,0.0,1.0,0.04978706836786395,20.08553692318767,0.804629016852811,0.8199310609651902,0.8,0.8,0.8,0.8,0.282,0.0192
1.5,48,0.05,estimated_ratio,571876,9370,10000,0.937,1.2906017632246019,1.279902100563049,0.0,59.559840973504585,18.999999999999982,2.719359909593671,0.013409453893826064,0.03612960614754383,7.624042755587315e-05,0.246966277140622,1.023544870624839,0.052631578947368425,18.999999999999982,0.9320681642585612,0.9415962211654675,0.95,0.9365905461061739,0.9138703938524562,0.7030337228593779,0.282,0.0192
1.5,48,0.1,estimated_ratio,571876,8721,10000,0.8721,1.257892370223999,1.257892370223999,0.0,59.559840973504585,18.999999999999982,2.719359909593671,0.013409453893826064,0.03612960614754383,7.624042755587315e-05,0.246966277140622,1.023544870624839,0.052631578947368425,18.999999999999982,0.865410954631931,0.8785032737806114,0.9,0.8865905461061739,0.8638703938524562,0.653033722859378,0.282,0.0192
1.5,48,0.2,estimated_ratio,571876,8124,10000,0.8124,1.2172678824901582,1.20262348651886,0.0,59.559840973504585,18.999999999999982,2.719359909593671,0.013409453893826064,0.03612960614754383,7.624042755587315e-05,0.246966277140622,1.023544870624839,0.052631578947368425,18.999999999999982,0.804629016852811,0.8199310609651902,0.8,0.786590546106174,0.7638703938524563,0.553033722859378,0.282,0.0192
1.5,48,0.05,estimated_ratio_clipped,571876,8974,10000,0.8974,1.279902100563049,1.279902100563049,0.0,112.58179516826293,5.0,1.855051314153039,0.18670843283777158,0.27824611045481684,0.009165637919440115,2.707860841245741,0.7319463159314039,0.052631578947368425,5.0,0.89129935220894,0.9031954458860462,0.95,0.7632915671622283,0.6717538895451831,-1.7578608412457408,0.282,0.0192
1.5,48,0.1,estimated_ratio_clipped,571876,8320,10000,0.832,1.2406068509340287,1.245755910873413,0.0,112.58179516826293,5.0,1.855051314153039,0.18670843283777158,0.27824611045481684,0.009165637919440115,2.707860841245741,0.7319463159314039,0.052631578947368425,5.0,0.8245451658648246,0.839199859217046,0.9,0.7132915671622284,0.6217538895451832,-1.8078608412457409,0.282,0.0192
1.5,48,0.2,estimated_ratio_clipped,571876,7488,10000,0.7488,1.135647535324097,1.135647535324097,0.0,112.58179516826293,5.0,1.855051314153039,0.18670843283777158,0.27824611045481684,0.009165637919440115,2.707860841245741,0.7319463159314039,0.052631578947368425,5.0,0.7402051278063442,0.7572037946044072,0.8,0.6132915671622284,0.5217538895451832,-1.9078608412457407,0.282,0.0192
1.5,49,0.05,unweighted,571877,6604,10000,0.6604,1.0256803035736084,1.0256803035736084,0.0,500.0,1.0,0.0,0.6374857267977343,1.2749714535954686,0.2722460216819491,14.75794082335199,1.0,1.0,1.0,0.6510581149154979,0.669618698407189,0.95,0.31251427320226566,-0.32497145359546864,-13.807940823351991,0.298,0.0192
1.5,49,0.1,unweighted,571877,5242,10000,0.5242,0.9334120154380798,0.9334120154380798,0.0,500.0,1.0,0.0,0.6374857267977343,1.2749714535954686,0.2722460216819491,14.75794082335199,1.0,1.0,1.0,0.5144042475006505,0.5339771669782087,0.9,0.2625142732022657,-0.3749714535954686,-13.85794082335199,0.298,0.0192
1.5,49,0.2,unweighted,571877,3022,10000,0.3022,0.8346430063247681,0.8346430063247681,0.0,500.0,1.0,0.0,0.6374857267977343,1.2749714535954686,0.2722460216819491,14.75794082335199,1.0,1.0,1.0,0.2932769834365152,0.3112749263189244,0.8,0.16251427320226575,-0.47497145359546855,-13.95794082335199,0.298,0.0192
1.5,49,0.05,oracle_ratio,571877,9857,10000,0.9857,1.3474791799306869,1.363731861114502,0.0,79.46816415825624,17.71382750812241,2.300397301294475,4.445228907190568e-18,0.0,0.0,0.0,1.0,0.04978706836786395,20.08553692318767,0.9831795172461817,0.9878474667365431,0.95,0.95,0.95,0.95,0.298,0.0192
1.5,49,0.1,oracle_ratio,571877,9397,10000,0.9397,1.2540538523554803,1.2339407205581665,0.0,79.46816415825624,17.71382750812241,2.300397301294475,4.445228907190568e-18,0.0,0.0,0.0,1.0,0.04978706836786395,20.08553692318767,0.9348634629701361,0.9441988488626908,0.9,0.9,0.9,0.9,0.298,0.0192
1.5,49,0.2,oracle_ratio,571877,6440,10000,0.644,1.009978503870964,0.9957479238510132,0.0,79.46816415825624,17.71382750812241,2.300397301294475,4.445228907190568e-18,0.0,0.0,0.0,1.0,0.04978706836786395,20.08553692318767,0.6345617377486722,0.653327670720573,0.8,0.8,0.8,0.8,0.298,0.0192
1.5,49,0.05,estimated_ratio,571877,9857,10000,0.9857,1.3483298901319505,1.363731861114502,0.0,76.69728702842865,18.999999999999982,2.349284021500439,0.012898093623803786,0.06350124469247354,0.00015244786519111412,0.34922527421836363,1.0603680819877646,0.052631578947368425,18.999999999999982,0.9831795172461817,0.9878474667365431,0.95,0.9371019063761962,0.8864987553075264,0.6007747257816363,0.298,0.0192
1.5,49,0.1,estimated_ratio,571877,9397,10000,0.9397,1.2633843140482903,1.2339407205581665,0.0,76.69728702842865,18.999999999999982,2.349284021500439,0.012898093623803786,0.06350124469247354,0.00015244786519111412,0.34922527421836363,1.0603680819877646,0.052631578947368425,18.999999999999982,0.9348634629701361,0.9441988488626908,0.9,0.8871019063761962,0.8364987553075265,0.5507747257816364,0.298,0.0192
1.5,49,0.2,estimated_ratio,571877,6440,10000,0.644,1.0118747852921486,0.9957479238510132,0.0,76.69728702842865,18.999999999999982,2.349284021500439,0.012898093623803786,0.06350124469247354,0.00015244786519111412,0.34922527421836363,1.0603680819877646,0.052631578947368425,18.999999999999982,0.6345617377486722,0.653327670720573,0.8,0.7871019063761963,0.7364987553075265,0.4507747257816364,0.298,0.0192
1.5,49,0.05,estimated_ratio_clipped,571877,9691,10000,0.9691,1.293267607474327,1.329429030418396,0.0,125.51751760395342,5.0,1.7272833343280853,0.1933612496694364,0.28802894426436254,0.009191556363957862,2.7116867612551214,0.7511807225589457,0.052631578947368425,5.0,0.9655240818752312,0.9723156508534,0.95,0.7566387503305636,0.6619710557356374,-1.7616867612551215,0.298,0.0192
1.5,49,0.1,estimated_ratio_clipped,571877,7454,10000,0.7454,1.1249340419650078,1.1369203329086304,0.0,125.51751760395342,5.0,1.7272833343280853,0.1933612496694364,0.28802894426436254,0.009191556363957862,2.7116867612551214,0.7511807225589457,0.052631578947368425,5.0,0.7367685749169678,0.7538429586827039,0.9,0.7066387503305636,0.6119710557356375,-1.8116867612551215,0.298,0.0192
1.5,49,0.2,estimated_ratio_clipped,571877,6239,10000,0.6239,0.98867267370224,0.98867267370224,0.0,125.51751760395342,5.0,1.7272833343280853,0.1933612496694364,0.28802894426436254,0.009191556363957862,2.7116867612551214,0.7511807225589457,0.052631578947368425,5.0,0.6143599510243519,0.6333448941793943,0.8,0.6066387503305637,0.5119710557356375,-1.9116867612551214,0.298,0.0192
