sample_id,episode_id,task,relative_h5_path,context_indices,target_index,current_state,context_action,action,translation_action_norm,rotation_action_norm,gripper_action_abs,score
b88b8bc1405f40e72d42ff06,956e6ac0f731794e,data/folding/foldjacketsleeve_v0/run_0001,data/folding/foldjacketsleeve_v0/run_0001/episode.h5,"[0, 8]",16,"[0.38642734204224444, 0.11867947954311912, 0.3107491582577226, 3.0513627529144287, 0.028347056359052658, -0.073551245033741, 0.4977973401546478]","[0.0011432499221787906, -0.003278792884093426, 5.416212164172096e-05, 0.0008547665945489659, -0.0009548598023541022, -0.008115981508732432, -0.4361233673989773]","[-0.0011314480539818539, -0.035171821120916213, -0.010441611660298833, -0.05876926730269045, -0.004603699388672666, -0.15162307324715363, -0.49779735067311437]",0.036706463051145034,0.16267936921523904,0.49779735067311437,0.7958176732063293
720d55d6022549ccad165b00,956e6ac0f731794e,data/folding/foldjacketsleeve_v0/run_0001,data/folding/foldjacketsleeve_v0/run_0001/episode.h5,"[8, 16]",24,"[0.3852958939882626, 0.08350765842220291, 0.30030754659742376, 2.9930810928344727, 0.019391460344195366, -0.2267010509967804, -1.0518466542208671e-08]","[-0.0011314480539818539, -0.035171821120916213, -0.010441611660298833, -0.05876926730269045, -0.004603699388672666, -0.15162307324715363, -0.49779735067311437]","[-0.024844309703046796, -0.07031632355925506, -0.01409329847111146, -0.11529853326807826, -0.06024590731240842, -0.35486614648746007, 0.0]",0.07589628545130905,0.3779593933804595,0.0,0.9496273398399353
2b1fabc553577d06e68225e9,956e6ac0f731794e,data/folding/foldjacketsleeve_v0/run_0001,data/folding/foldjacketsleeve_v0/run_0001/episode.h5,"[16, 24]",32,"[0.3604515842852158, 0.01319133486294785, 0.2862142481263123, 2.8943474292755127, -0.06528351455926895, -0.5827760100364685, -1.0518466542208671e-08]","[-0.024844309703046796, -0.07031632355925506, -0.01409329847111146, -0.11529853326807826, -0.06024590731240842, -0.35486614648746007, 0.0]","[-0.03790765105498928, -0.08134061891530822, -0.011017827305768502, -0.09231971123426672, 0.009685532219830595, -0.0068266352990270646, 0.0]",0.09041393041214371,0.09307707325794946,0.0,1.0243556499481201
7e2ea2259f76aeece068d055,956e6ac0f731794e,data/folding/foldjacketsleeve_v0/run_0001,data/folding/foldjacketsleeve_v0/run_0001/episode.h5,"[24, 32]",40,"[0.3225439332302265, -0.06814928405236037, 0.2751964208205438, 2.811474323272705, -0.1077200248837471, -0.5819898247718811, -1.0518466542208671e-08]","[-0.03790765105498928, -0.08134061891530822, -0.011017827305768502, -0.09231971123426672, 0.009685532219830595, -0.0068266352990270646, 0.0]","[-0.02871335773446998, -0.06705438535294589, -0.013392742216682185, 0.07320782364504752, 0.14404710131323695, 0.6809062279504081, 0.0]",0.07416274706030995,0.6998158644252382,0.0,0.9694963097572327
8253575e52540ac867b41c76,956e6ac0f731794e,data/folding/foldjacketsleeve_v0/run_0001,data/folding/foldjacketsleeve_v0/run_0001/episode.h5,"[32, 40]",48,"[0.29383057549575653, -0.13520366940530626, 0.2618036786038616, 2.79300856590271, 0.05269140377640724, 0.0941418930888176, -1.0518466542208671e-08]","[-0.02871335773446998, -0.06705438535294589, -0.013392742216682185, 0.07320782364504752, 0.14404710131323695, 0.6809062279504081, 0.0]","[-0.026163599222740697, -0.021812149478177556, -0.026226121377590783, 0.11772819178608085, 0.22474335964472036, 0.513181896061621, 0.0]",0.04298968750361746,0.5724728493920186,0.0,0.8001759052276611
2573dab01a591eb998c41e34,956e6ac0f731794e,data/folding/foldjacketsleeve_v0/run_0001,data/folding/foldjacketsleeve_v0/run_0001/episode.h5,"[40, 48]",56,"[0.26766697627301583, -0.15701581888348382, 0.23557755722627083, 2.9332895278930664, 0.2648867070674896, 0.6163660883903503, -1.0518466542208671e-08]","[-0.026163599222740697, -0.021812149478177556, -0.026226121377590783, 0.11772819178608085, 0.22474335964472036, 0.513181896061621, 0.0]","[-0.011971955551760172, -0.0012684426867906884, -0.023101103568984177, 0.07279631870439951, 0.04371020771801892, 0.09657903514104696, 0.0]",0.026049906961214418,0.12859780831896184,0.0,0.6156127452850342
853402a753c74eaaa267c722,956e6ac0f731794e,data/folding/foldjacketsleeve_v0/run_0001,data/folding/foldjacketsleeve_v0/run_0001/episode.h5,"[48, 56]",64,"[0.25569502072125566, -0.1582842615702745, 0.21247645365728665, 3.02083683013916, 0.25756824016571045, 0.7339773774147034, -1.0518466542208671e-08]","[-0.011971955551760172, -0.0012684426867906884, -0.023101103568984177, 0.07279631870439951, 0.04371020771801892, 0.09657903514104696, 0.0]","[-0.0018939396060554392, 0.0014032118668818594, -0.023629048973934308, 0.05896338342338148, 0.01667608956520894, 0.08036764050716086, 0.33039647866697863]",0.023746325319664294,0.10106300108648966,0.33039647866697863,0.6144468784332275
9ca081ac28ad0ca1751f9071,956e6ac0f731794e,data/folding/foldjacketsleeve_v0/run_0001,data/folding/foldjacketsleeve_v0/run_0001/episode.h5,"[56, 64]",72,"[0.2538010811152002, -0.15688104970339264, 0.18884740468335234, 3.077272653579712, 0.2300846427679062, 0.8274825215339661, 0.3303964681485121]","[-0.0018939396060554392, 0.0014032118668818594, -0.023629048973934308, 0.05896338342338148, 0.01667608956520894, 0.08036764050716086, 0.33039647866697863]","[0.003936769721031075, -0.0032103941360647203, -0.00019795251065357622, -0.005695538912128285, -0.003371184726693288, 0.009885013559233775, 0.5198237979236771]",0.005083696641399827,0.011896114618954087,0.5198237979236771,0.5327218174934387
7fb9b26872f73b781b2694a0,956e6ac0f731794e,data/folding/foldjacketsleeve_v0/run_0001,data/folding/foldjacketsleeve_v0/run_0001/episode.h5,"[64, 72]",80,"[0.2577378508362313, -0.16009144383945736, 0.18864945217269877, 3.0707619190216064, 0.2319917380809784, 0.8358670473098755, 0.8502202660721891]","[0.003936769721031075, -0.0032103941360647203, -0.00019795251065357622, -0.005695538912128285, -0.003371184726693288, 0.009885013559233775, 0.5198237979236771]","[0.004170934990627373, -0.0003174468806686759, 0.0021407122718560545, -0.005933427776528926, -0.006231009312565927, 0.008505211866341207, 0.08370044148143596]",0.004698948845110058,0.012098333402742694,0.08370044148143596,0.3993591368198395
ff437c3cbd110f7d7f0e7c05,956e6ac0f731794e,data/folding/foldjacketsleeve_v0/run_0001,data/folding/foldjacketsleeve_v0/run_0001/episode.h5,"[72, 80]",88,"[0.26190878582685867, -0.16040889072012604, 0.19079016444455482, 3.0619235038757324, 0.23220668733119965, 0.8423207402229309, 0.9339207075536251]","[0.004170934990627373, -0.0003174468806686759, 0.0021407122718560545, -0.005933427776528926, -0.006231009312565927, 0.008505211866341207, 0.08370044148143596]","[0.0202756921269846, 0.0023733027214154767, 0.027046908900696748, -0.05019859256475086, -0.05061700022760496, 0.04096083473450918, 0.0]",0.03388615555235401,0.08221781674108718,0.0,0.7809536457061768
652d1f1bf60b08bb5fdd421d,956e6ac0f731794e,data/folding/foldjacketsleeve_v0/run_0001,data/folding/foldjacketsleeve_v0/run_0001/episode.h5,"[80, 88]",96,"[0.28218447795384327, -0.15803558799871056, 0.21783707334525157, 2.988726854324341, 0.23531846702098846, 0.8650481700897217, 0.9339207075536251]","[0.0202756921269846, 0.0023733027214154767, 0.027046908900696748, -0.05019859256475086, -0.05061700022760496, 0.04096083473450918, 0.0]","[0.05921473670335725, 0.011485327414827107, 0.07655469561517006, -0.12710197756392685, -0.042683738952724815, 0.03778781058837718, 0.0]",0.09746239895162155,0.13930087185911075,0.0,1.0730522871017456
e419f028007000cd11a4acb6,956e6ac0f731794e,data/folding/foldjacketsleeve_v0/run_0001,data/folding/foldjacketsleeve_v0/run_0001/episode.h5,"[88, 96]",104,"[0.3413992146572005, -0.14655026058388346, 0.29439176896042163, 2.868365526199341, 0.30247485637664795, 0.8680891990661621, 0.9339207075536251]","[0.05921473670335725, 0.011485327414827107, 0.07655469561517006, -0.12710197756392685, -0.042683738952724815, 0.03778781058837718, 0.0]","[0.0784248613565014, 0.045783508969682724, 0.0980833941723755, -0.08983508206904113, -0.038013667835544274, 0.019481152231677026, 0.0]",0.13366727641699397,0.09947309286905792,0.0,1.245755910873413
e5f58cafa9ec78f6fe496cc6,956e6ac0f731794e,data/folding/foldjacketsleeve_v0/run_0001,data/folding/foldjacketsleeve_v0/run_0001/episode.h5,"[96, 104]",112,"[0.4198240760137019, -0.10076675161420073, 0.3924751631327971, 2.7758450508117676, 0.34513822197914124, 0.8563979864120483, 0.9339207075536251]","[0.0784248613565014, 0.045783508969682724, 0.0980833941723755, -0.08983508206904113, -0.038013667835544274, 0.019481152231677026, 0.0]","[0.08392309949177895, 0.05749210569184914, 0.07777654853043298, -0.016979397732239523, -0.11307845992833432, 0.06870395489354106, 0.0]",0.12805319342560956,0.13339891853057587,0.0,1.2739903926849365
5d89a954e75747307197e322,956e6ac0f731794e,data/folding/foldjacketsleeve_v0/run_0001,data/folding/foldjacketsleeve_v0/run_0001/episode.h5,"[104, 112]",120,"[0.5037471755054809, -0.04327464592235159, 0.4702517116632301, 2.675407886505127, 0.2822774350643158, 0.8931083083152771, 0.9339207075536251]","[0.08392309949177895, 0.05749210569184914, 0.07777654853043298, -0.016979397732239523, -0.11307845992833432, 0.06870395489354106, 0.0]","[0.08730144179205956, 0.0125451745502928, -0.03104515518340778, 0.018496394003385687, -0.07852370825723587, 0.08420777053497724, 0.0]",0.09350253902344871,0.11661491314607818,0.0,1.2983108758926392
505ecfdcff5f340faae08ff9,956e6ac0f731794e,data/folding/foldjacketsleeve_v0/run_0001,data/folding/foldjacketsleeve_v0/run_0001/episode.h5,"[112, 120]",128,"[0.5910486172975404, -0.03072947137205879, 0.4392065564798223, 2.6246328353881836, 0.21833620965480804, 0.9654566645622253, 0.9339207075536251]","[0.08730144179205956, 0.0125451745502928, -0.03104515518340778, 0.018496394003385687, -0.07852370825723587, 0.08420777053497724, 0.0]","[0.06368884207283654, -0.08460414568168395, -0.08461791468799923, -0.023931094202787738, 0.04561406821649072, -0.09565370411849569, 0.0]",0.13555191462038385,0.10864148195137108,0.0,1.4578642845153809
64fb2e2b57f06fd6569f42a2,956e6ac0f731794e,data/folding/foldjacketsleeve_v0/run_0001,data/folding/foldjacketsleeve_v0/run_0001/episode.h5,"[120, 128]",136,"[0.654737459370377, -0.11533361705374275, 0.3545886417918231, 2.649385690689087, 0.2638916075229645, 0.876261293888092, 0.9339207075536251]","[0.06368884207283654, -0.08460414568168395, -0.08461791468799923, -0.023931094202787738, 0.04561406821649072, -0.09565370411849569, 0.0]","[-0.010555392776842032, -0.08639380643736967, -0.08543764334113935, 0.011510841763226157, 0.07406644592989475, -0.10299490987111656, 0.0]",0.12196268694604444,0.12738245307004994,0.0,1.329429030418396
9c94d975f4035167ff02b475,956e6ac0f731794e,data/folding/foldjacketsleeve_v0/run_0001,data/folding/foldjacketsleeve_v0/run_0001/episode.h5,"[128, 136]",144,"[0.6441820665935349, -0.20172742349111242, 0.26915099845068374, 2.7166812419891357, 0.3018783926963806, 0.7916338443756104, 0.9339207075536251]","[-0.010555392776842032, -0.08639380643736967, -0.08543764334113935, 0.011510841763226157, 0.07406644592989475, -0.10299490987111656, 0.0]","[-0.01180415193852058, -0.024115023990003093, -0.0398800763381007, 0.012716274967004355, 0.06175849823297774, 0.005514985173398216, 0.0]",0.04807590741482519,0.06329479294927806,0.0,0.9290723204612732
b5ad8e1409f9719e72f0c818,956e6ac0f731794e,data/folding/foldjacketsleeve_v0/run_0001,data/folding/foldjacketsleeve_v0/run_0001/episode.h5,"[136, 144]",152,"[0.6323779146550144, -0.2258424474811155, 0.22927092211258304, 2.772667169570923, 0.33578401803970337, 0.8143118619918823, 0.9339207075536251]","[-0.01180415193852058, -0.024115023990003093, -0.0398800763381007, 0.012716274967004355, 0.06175849823297774, 0.005514985173398216, 0.0]","[-0.0015298167625252823, -0.009706761292663069, 9.042049747715053e-05, -0.00181243440616536, 0.01455078268239629, 0.018871733675734522, -0.10572687777526235]",0.009826989874117575,0.02389879760730293,0.10572687777526235,0.5475046634674072
8f83bb71fdb1a340865bea4d,956e6ac0f731794e,data/folding/foldjacketsleeve_v0/run_0001,data/folding/foldjacketsleeve_v0/run_0001/episode.h5,"[144, 152]",160,"[0.6308480978924891, -0.23554920877377858, 0.2293613426100602, 2.782597303390503, 0.3470737934112549, 0.8365218043327332, 0.8281938297783628]","[-0.0015298167625252823, -0.009706761292663069, 9.042049747715053e-05, -0.00181243440616536, 0.01455078268239629, 0.018871733675734522, -0.10572687777526235]","[0.0006097247858487531, -0.0010125968849032108, 0.0020292845817138083, -0.0010765387836554968, -0.003618806061218338, -0.0007789395563959538, -0.6211453610483337]",0.0023484277036722634,0.003855053812068434,0.6211453610483337,0.6228280663490295
99fcc43474dd846f030287c4,956e6ac0f731794e,data/folding/foldjacketsleeve_v0/run_0001,data/folding/foldjacketsleeve_v0/run_0001/episode.h5,"[152, 160]",168,"[0.6314578226783378, -0.2365618056586818, 0.231390627191774, 2.77897572517395, 0.34544605016708374, 0.8345118165016174, 0.20704846873002902]","[0.0006097247858487531, -0.0010125968849032108, 0.0020292845817138083, -0.0010765387836554968, -0.003618806061218338, -0.0007789395563959538, -0.6211453610483337]","[-0.005697759440128625, 0.014734347935764613, 0.027486408436581677, 0.020788101597534022, 0.04323680248474937, -0.017422603537726723, -0.20704847924849556]",0.031702809346686206,0.05104031123697654,0.20704847924849556,0.8579186201095581
480e88101b68189fd27deb12,956e6ac0f731794e,data/folding/foldjacketsleeve_v0/run_0001,data/folding/foldjacketsleeve_v0/run_0001/episode.h5,"[160, 168]",176,"[0.6257600632382092, -0.22182745772291718, 0.2588770356283557, 2.8280935287475586, 0.3587023913860321, 0.8335811495780945, -1.0518466542208671e-08]","[-0.005697759440128625, 0.014734347935764613, 0.027486408436581677, 0.020788101597534022, 0.04323680248474937, -0.017422603537726723, -0.20704847924849556]","[-0.019226127841414642, 0.0778340406959312, 0.06054548989002989, 0.21535208876197603, 0.1388200938812565, -0.01297721162094373, 0.0]",0.10046660255455046,0.2565461919826557,0.0,1.1501529216766357
ccd65ee1bd1d114570730304,956e6ac0f731794e,data/folding/foldjacketsleeve_v0/run_0001,data/folding/foldjacketsleeve_v0/run_0001/episode.h5,"[168, 176]",184,"[0.6065339353967946, -0.14399341702698598, 0.31942252551838557, 3.0858500003814697, 0.28383535146713257, 0.8874316811561584, -1.0518466542208671e-08]","[-0.019226127841414642, 0.0778340406959312, 0.06054548989002989, 0.21535208876197603, 0.1388200938812565, -0.01297721162094373, 0.0]","[-0.035815134337014554, 0.11661624132406356, 0.07489562959767249, 0.20780744231491766, 0.1139631285720879, 0.016397170618300233, 0.0]",0.14314826901140784,0.23757187325037388,0.0,1.257892370223999
a5cb57f7c9df8d701c716164,956e6ac0f731794e,data/folding/foldjacketsleeve_v0/run_0001,data/folding/foldjacketsleeve_v0/run_0001/episode.h5,"[176, 184]",192,"[0.57071880105978, -0.027377175702922422, 0.39431815511605806, -2.973900079727173, 0.18971170485019684, 0.9446080327033997, -1.0518466542208671e-08]","[-0.035815134337014554, 0.11661624132406356, 0.07489562959767249, 0.20780744231491766, 0.1139631285720879, 0.016397170618300233, 0.0]","[-0.008825381252946407, 0.0422401357423512, 0.027300865828941256, 0.02223154034083679, -0.02702200498106322, 0.05628716308063111, 0.0440529164145973]",0.05106323233797451,0.06627725753822665,0.0440529164145973,0.98867267370224
379dc72893656da0dd16b4b1,956e6ac0f731794e,data/folding/foldjacketsleeve_v0/run_0001,data/folding/foldjacketsleeve_v0/run_0001/episode.h5,"[184, 192]",200,"[0.5618934198068336, 0.014862960039428776, 0.4216190209449993, -2.9828782081604004, 0.15585769712924957, 0.9996517896652222, 0.044052905896130756]","[-0.008825381252946407, 0.0422401357423512, 0.027300865828941256, 0.02223154034083679, -0.02702200498106322, 0.05628716308063111, 0.0440529164145973]","[-0.001852338952269994, 0.001258161859210868, -0.0034983686260903757, -0.0006507764087753441, 0.008148604967600726, 0.002299369211330336, 0.6696034880245433]",0.004153638634027172,0.0084917825939104,0.6696034880245433,0.6150822043418884
4a474490d4f276864bc366b4,956e6ac0f731794e,data/folding/foldjacketsleeve_v0/run_0001,data/folding/foldjacketsleeve_v0/run_0001/episode.h5,"[192, 200]",208,"[0.5600410808545636, 0.016121121898639644, 0.41812065231890894, -2.976289749145508, 0.16080690920352936, 1.0029926300048828, 0.713656393920674]","[-0.001852338952269994, 0.001258161859210868, -0.0034983686260903757, -0.0006507764087753441, 0.008148604967600726, 0.002299369211330336, 0.6696034880245433]","[4.821748489347577e-05, -0.001806483508034841, -8.370428076776015e-06, -0.00036061967392954407, 3.743019459245822e-05, -0.0032839629011902007, 0.2775330336161834]",0.0018071462737469556,0.0033039158441288785,0.2775330336161834,0.49363964796066284
a5ab039ba005882b5b6c936a,a587ce648368a914,data/folding/foldjacketsleeve_v1/run_0001,data/folding/foldjacketsleeve_v1/run_0001/episode.h5,"[0, 8]",16,"[0.7519088577096222, -0.05729196466500074, 0.3095520836282114, 2.9516701698303223, -0.23452840745449066, -0.2535165250301361, -1.0518466542208671e-08]","[-0.0009809570106469323, 0.00017140068905611983, -0.0029639095496149515, 0.0044028249041609055, 0.005077043324632768, 8.769511335461524e-05, 0.0]","[0.0029204581330044554, -0.00021294611952436815, -0.00981786661494588, 0.003522125648651728, -0.014193600090474545, 0.01168470586709141, 0.0]",0.010245239217574241,0.0187188675889769,0.0,0.4819765090942383
9df781f8b3eb4d903f0c931c,a587ce648368a914,data/folding/foldjacketsleeve_v1/run_0001,data/folding/foldjacketsleeve_v1/run_0001/episode.h5,"[8, 16]",24,"[0.7548293158426267, -0.05750491078452511, 0.2997342170132655, 2.958858013153076, -0.2473791092634201, -0.24352209270000458, -1.0518466542208671e-08]","[0.0029204581330044554, -0.00021294611952436815, -0.00981786661494588, 0.003522125648651728, -0.014193600090474545, 0.01168470586709141, 0.0]","[0.015969730679459504, -0.0052009487024270926, -0.03547325918577282, -0.07357665237581121, -0.044866439208176345, 0.06616196455896237, 0.0]",0.039248366623857917,0.1086458774935954,0.0,0.7339344620704651
f70253450d818c951b93f2b7,a587ce648368a914,data/folding/foldjacketsleeve_v1/run_0001,data/folding/foldjacketsleeve_v1/run_0001/episode.h5,"[16, 24]",32,"[0.7707990465220862, -0.0627058594869522, 0.2642609578274927, 2.895371437072754, -0.30818167328834534, -0.1615888476371765, -1.0518466542208671e-08]","[0.015969730679459504, -0.0052009487024270926, -0.03547325918577282, -0.07357665237581121, -0.044866439208176345, 0.06616196455896237, 0.0]","[0.01197061966438362, -0.014765935399748062, -0.04703638657379722, -0.022903784690157702, -0.022258614337755, 0.017471011409709056, 0.0]",0.05073214213197144,0.036404196256038926,0.0,0.7287392616271973
0ff013851a37089850d2762a,a587ce648368a914,data/folding/foldjacketsleeve_v1/run_0001,data/folding/foldjacketsleeve_v1/run_0001/episode.h5,"[24, 32]",40,"[0.7827696661864698, -0.07747179488670027, 0.2172245712536955, 2.875242233276367, -0.33377692103385925, -0.13802136480808258, -1.0518466542208671e-08]","[0.01197061966438362, -0.014765935399748062, -0.04703638657379722, -0.022903784690157702, -0.022258614337755, 0.017471011409709056, 0.0]","[0.009776351261553629, -0.004612236026734537, -0.027117066373725768, 0.004640703329122961, -0.0458550698901139, 0.016147652250454562, 0.0]",0.029192208787151376,0.048836157048008734,0.0,0.7225693464279175
10ba9a8f1c0f9f0ee401b9e0,a587ce648368a914,data/folding/foldjacketsleeve_v1/run_0001,data/folding/foldjacketsleeve_v1/run_0001/episode.h5,"[32, 40]",48,"[0.7925460174480234, -0.0820840309134348, 0.19010750487996972, 2.8869712352752686, -0.378536194562912, -0.12585796415805817, -1.0518466542208671e-08]","[0.009776351261553629, -0.004612236026734537, -0.027117066373725768, 0.004640703329122961, -0.0458550698901139, 0.016147652250454562, 0.0]","[0.0027361760819493153, -0.01169928343161844, -0.004941080909785067, -0.0017876617597064222, -0.009765216014237632, -0.011288003921883586, 0.321585904149448]",0.012991311439643638,0.015032438621604248,0.321585904149448,0.6535747647285461
28df0b75f4623943b8a36016,a587ce648368a914,data/folding/foldjacketsleeve_v1/run_0001,data/folding/foldjacketsleeve_v1/run_0001/episode.h5,"[40, 48]",56,"[0.7952821935299728, -0.09378331434505324, 0.18516642397018465, 2.8863794803619385, -0.3884485065937042, -0.13693328201770782, 0.32158589363098145]","[0.0027361760819493153, -0.01169928343161844, -0.004941080909785067, -0.0017876617597064222, -0.009765216014237632, -0.011288003921883586, 0.321585904149448]","[0.003062252877290339, 0.0025653787054742, 0.005666302608995838, 0.005795195957892399, -0.013068603108793875, 0.0029221215907904406, 0.6299559574793366]",0.0069329319803158665,0.01459148649031047,0.6299559574793366,0.5185003876686096
0ac420eba189235c1745c4b1,a587ce648368a914,data/folding/foldjacketsleeve_v1/run_0001,data/folding/foldjacketsleeve_v1/run_0001/episode.h5,"[48, 56]",64,"[0.7983444464072631, -0.09121793563957904, 0.1908327265791805, 2.8945508003234863, -0.40059205889701843, -0.13711413741111755, 0.9515418511103181]","[0.003062252877290339, 0.0025653787054742, 0.005666302608995838, 0.005795195957892399, -0.013068603108793875, 0.0029221215907904406, 0.6299559574793366]","[0.0007523813476071339, 0.0039928049823309275, 0.0027199019077343844, 0.008218865988379441, -0.0012659833746553328, 0.0026129566836698877, 0.004405284519581332]",0.0048894207946188215,0.008716651574462478,0.004405284519581332,0.4358367621898651
3a7b3590fd10034e7aaba13b,a587ce648368a914,data/folding/foldjacketsleeve_v1/run_0001,data/folding/foldjacketsleeve_v1/run_0001/episode.h5,"[56, 64]",72,"[0.7990968277548702, -0.08722513065724811, 0.19355262848691487, 2.903580904006958, -0.4007081389427185, -0.13801789283752441, 0.9559471356298994]","[0.0007523813476071339, 0.0039928049823309275, 0.0027199019077343844, 0.008218865988379441, -0.0012659833746553328, 0.0026129566836698877, 0.004405284519581332]","[-0.012394753303668349, 0.0011809490050805477, 0.036851774228499806, -0.014835790997061574, 0.15139416697396313, -0.05331872865948223, 0.0]",0.03889830091147582,0.16119299399822629,0.0,0.7450580596923828
7907c3d3f72af81c37b83a94,a587ce648368a914,data/folding/foldjacketsleeve_v1/run_0001,data/folding/foldjacketsleeve_v1/run_0001/episode.h5,"[64, 72]",80,"[0.7867020744512019, -0.08604418165216757, 0.23040440271541468, 2.8671417236328125, -0.2525513470172882, -0.17848649621009827, 0.9559471356298994]","[-0.012394753303668349, 0.0011809490050805477, 0.036851774228499806, -0.014835790997061574, 0.15139416697396313, -0.05331872865948223, 0.0]","[-0.04514868019167029, -0.0005671465447072144, 0.07798072908120846, 0.023475063130654283, 0.11584561057957576, -0.05674320112296352, 0.0]",0.09010948388649069,0.131114739648996,0.0,0.9292073845863342
19dee4bb51111c5f942fb687,a587ce648368a914,data/folding/foldjacketsleeve_v1/run_0001,data/folding/foldjacketsleeve_v1/run_0001/episode.h5,"[72, 80]",88,"[0.7415533942595316, -0.08661132819687478, 0.30838513179662314, 2.8695876598358154, -0.13438594341278076, -0.23706211149692535, 0.9559471356298994]","[-0.04514868019167029, -0.0005671465447072144, 0.07798072908120846, 0.023475063130654283, 0.11584561057957576, -0.05674320112296352, 0.0]","[-0.06550509184341258, -0.014935599700096336, 0.07924494343363236, 0.014750886685608249, 0.09667396985210419, -0.07219896598377695, 0.0]",0.10389297500608513,0.12155712975430025,0.0,0.9664736986160278
aff668f24c856908364b86f5,a587ce648368a914,data/folding/foldjacketsleeve_v1/run_0001,data/folding/foldjacketsleeve_v1/run_0001/episode.h5,"[80, 88]",96,"[0.676048302416119, -0.10154692789697112, 0.3876300752302555, 2.8611843585968018, -0.036955326795578, -0.3092547655105591, 0.9559471356298994]","[-0.06550509184341258, -0.014935599700096336, 0.07924494343363236, 0.014750886685608249, 0.09667396985210419, -0.07219896598377695, 0.0]","[-0.0642680374738469, -0.015144136571914005, 0.012747592025526722, 0.019730574824814863, 0.10870788437128587, -0.05483990078676897, 0.0]",0.067247502672574,0.1233455083320878,0.0,0.9178467392921448
370d7a7a4d4a00a73beb97a9,a587ce648368a914,data/folding/foldjacketsleeve_v1/run_0001,data/folding/foldjacketsleeve_v1/run_0001/episode.h5,"[88, 96]",104,"[0.6117802649422721, -0.11669106446888512, 0.4003776672557822, 2.846808433532715, 0.07258357107639313, -0.36542466282844543, 0.9559471356298994]","[-0.0642680374738469, -0.015144136571914005, 0.012747592025526722, 0.019730574824814863, 0.10870788437128587, -0.05483990078676897, 0.0]","[-0.027681043810997785, -0.029552224374245498, -0.06198048760810593, -0.04784229602274531, -0.051526098646209384, 0.055658709606049725, 0.0]",0.07403482286107464,0.08967561589104067,0.0,0.9118360280990601
d12f9e184430e65bbcc433bb,a587ce648368a914,data/folding/foldjacketsleeve_v1/run_0001,data/folding/foldjacketsleeve_v1/run_0001/episode.h5,"[96, 104]",112,"[0.5840992211312743, -0.14624328884313062, 0.3383971796476763, 2.8206021785736084, 0.007342704106122255, -0.3120466470718384, 0.9559471356298994]","[-0.027681043810997785, -0.029552224374245498, -0.06198048760810593, -0.04784229602274531, -0.051526098646209384, 0.055658709606049725, 0.0]","[-0.007667301319837616, -0.010691844506447251, -0.05615415552176278, 0.003547494818504089, -0.14886612554504297, 0.07844969910620925, 0.0]",0.057674883882341293,0.16830942737747812,0.0,0.899455189704895
fbaafbfabab0bb017cc73946,a587ce648368a914,data/folding/foldjacketsleeve_v1/run_0001,data/folding/foldjacketsleeve_v1/run_0001/episode.h5,"[104, 112]",120,"[0.5764319198114367, -0.15693513334957787, 0.2822430241259135, 2.869932174682617, -0.1332056224346161, -0.23644307255744934, 0.9559471356298994]","[-0.007667301319837616, -0.010691844506447251, -0.05615415552176278, 0.003547494818504089, -0.14886612554504297, 0.07844969910620925, 0.0]","[-0.009776119365131453, 0.004100078044491973, -0.032174424815775704, 0.01935718157320451, 0.006671190246515302, 0.016312303518809388, -0.12334801859277134]",0.03387590237968912,0.02617816845871709,0.12334801859277134,0.7147258520126343
fb8f8914862bf5c7997bb140,a587ce648368a914,data/folding/foldjacketsleeve_v1/run_0001,data/folding/foldjacketsleeve_v1/run_0001/episode.h5,"[112, 120]",128,"[0.5666558004463053, -0.1528350553050859, 0.2500685993101378, 2.887316942214966, -0.1221659854054451, -0.222409188747406, 0.8325991170371281]","[-0.009776119365131453, 0.004100078044491973, -0.032174424815775704, 0.01935718157320451, 0.006671190246515302, 0.016312303518809388, -0.12334801859277134]","[-0.0005414230574452006, 0.00021250588707427687, 0.00021075185584013, 0.0004537124848243481, -0.000941557551805472, 0.00033827965718571126, -0.625550648307099]",0.0006186388477250626,0.0010985530340921557,0.625550648307099,0.4803311824798584
eeef4a95468cbbae5eb02555,a587ce648368a914,data/folding/foldjacketsleeve_v1/run_0001,data/folding/foldjacketsleeve_v1/run_0001/episode.h5,"[120, 128]",136,"[0.5661143773888601, -0.15262254941801162, 0.25027935116597794, 2.887972116470337, -0.12298424541950226, -0.2221508026123047, 0.20704846873002902]","[-0.0005414230574452006, 0.00021250588707427687, 0.00021075185584013, 0.0004537124848243481, -0.000941557551805472, 0.00033827965718571126, -0.625550648307099]","[0.0010281424785032467, -0.00013770416008210273, 0.007739748774683031, -0.0020133583624974806, -0.013157396075332839, 0.00013439264218383378, -0.20704847924849556]",0.00780895322607417,0.013311226268127805,0.20704847924849556,0.51710045337677
35d87927721626acd9df3cce,a587ce648368a914,data/folding/foldjacketsleeve_v1/run_0001,data/folding/foldjacketsleeve_v1/run_0001/episode.h5,"[128, 136]",144,"[0.5671425198673633, -0.15276025357809372, 0.25801909994066097, 2.888916015625, -0.13626183569431305, -0.22215166687965393, -1.0518466542208671e-08]","[0.0010281424785032467, -0.00013770416008210273, 0.007739748774683031, -0.0020133583624974806, -0.013157396075332839, 0.00013439264218383378, -0.20704847924849556]","[0.00031007175000574705, 0.005657899147615886, 0.043408513862544906, -0.011090567311426169, -0.027623267494755188, -0.002324636190192809, 0.0]",0.04377678657701473,0.029857151970555183,0.0,0.7182705402374268
38b8005225ce44332a8a0798,a587ce648368a914,data/folding/foldjacketsleeve_v1/run_0001,data/folding/foldjacketsleeve_v1/run_0001/episode.h5,"[136, 144]",152,"[0.567452591617369, -0.14710235443047784, 0.3014276138032059, 2.884122133255005, -0.16564813256263733, -0.22390849888324738, -1.0518466542208671e-08]","[0.00031007175000574705, 0.005657899147615886, 0.043408513862544906, -0.011090567311426169, -0.027623267494755188, -0.002324636190192809, 0.0]","[-0.007923578857515823, 0.028703946776560088, 0.05773656807340888, -0.014102338613031225, 0.024491978065808162, 0.011997652830372445, 0.0]",0.06496315074993086,0.03070303922042187,0.0,0.8461198210716248
4c693686be8b64e10d61cf2a,4ff07b82da3975b1,data/pick/liftcup_v0/run_0001,data/pick/liftcup_v0/run_0001/episode.h5,"[0, 8]",16,"[0.44762251341527987, 0.07480662844439924, 0.24449521818282027, -3.1380205154418945, -0.024677082896232605, -0.8015363216400146, 0.9383259893340223]","[0.00025605260381827977, 3.3349202467086725e-05, 0.0012163198203712922, 0.0006032496981092524, -0.002605992902618537, -4.480616653839824e-05, 0.00440528178039723]","[0.0004827613285258714, 7.79283610598952e-05, 0.003007069448007965, 0.0010474201418798732, -0.003920894882745163, -0.00013813246769466111, 0.004405287258765211]",0.0030465715148212877,0.004060737151526096,0.004405287258765211,0.4581778049468994
9f2033528aa3b04061f122f9,4ff07b82da3975b1,data/pick/liftcup_v0/run_0001,data/pick/liftcup_v0/run_0001/episode.h5,"[8, 16]",24,"[0.44810527474380574, 0.07488455680545913, 0.24750228763082824, -3.1344738006591797, -0.02665182389318943, -0.8017634153366089, 0.9427312765927875]","[0.0004827613285258714, 7.79283610598952e-05, 0.003007069448007965, 0.0010474201418798732, -0.003920894882745163, -0.00013813246769466111, 0.004405287258765211]","[-0.0027824556171685, -0.000646294182375759, 0.024110245755960852, -0.007691036184547681, 0.05295015054937302, -0.0024029538435828743, 0.0]",0.02427887365271531,0.053559729909398154,0.0,0.7962770462036133
3f1fc94856cb9db0757923f6,4ff07b82da3975b1,data/pick/liftcup_v0/run_0001,data/pick/liftcup_v0/run_0001/episode.h5,"[16, 24]",32,"[0.44532281912663724, 0.07423826262308338, 0.2716125333867891, 3.1053249835968018, 0.0046660020016133785, -0.803485631942749, 0.9427312765927875]","[-0.0027824556171685, -0.000646294182375759, 0.024110245755960852, -0.007691036184547681, 0.05295015054937302, -0.0024029538435828743, 0.0]","[0.0046555563336045935, 0.001204517008480968, 0.07651621297436306, -0.0035997879240881555, 0.04034357638001329, -0.0012963580531035767, 0.0]",0.07666717624862136,0.04052459959617397,0.0,1.0785813331604004
f011b0559b1fe4b068ce8c9b,4ff07b82da3975b1,data/pick/liftcup_v0/run_0001,data/pick/liftcup_v0/run_0001/episode.h5,"[24, 32]",40,"[0.44997837546024183, 0.07544277963156434, 0.34812874636115215, 3.073777914047241, 0.030076470226049423, -0.8052574396133423, 0.9427312765927875]","[0.0046555563336045935, 0.001204517008480968, 0.07651621297436306, -0.0035997879240881555, 0.04034357638001329, -0.0012963580531035767, 0.0]","[0.013142931719199502, 0.0009577199846729917, 0.05992882172714947, 0.010789923408974136, -0.0513714579688076, -0.0032067265920819295, 0.0]",0.06136055374056728,0.05259022947705076,0.0,0.9663662910461426
a98a284147cfc6a4d6936105,d73f8dde2b7cb7c2,data/pick/pickandplaceredcube_v0/run_0001,data/pick/pickandplaceredcube_v0/run_0001/episode.h5,"[0, 8]",16,"[0.4801483221242967, 0.11547321091412435, 0.25953715451161585, 3.1361734867095947, 0.044699765741825104, -0.05030227452516556, -1.0518466542208671e-08]","[0.00017338288402929392, -0.0004065018976797119, -0.00017404057777070658, 0.000645987127354974, -0.00033705951096107967, -0.000733806794771184, 0.0]","[0.0023731343083536194, -0.0010555907170983758, -0.01278390070876384, -0.0034300758082700445, 0.009342770471011397, -0.0030136640599103767, 0.0]",0.013045081660880545,0.010398795660579037,0.0,0.6389474272727966
89d0183419ec7bf4572b8718,d73f8dde2b7cb7c2,data/pick/pickandplaceredcube_v0/run_0001,data/pick/pickandplaceredcube_v0/run_0001/episode.h5,"[8, 16]",24,"[0.4825214564326503, 0.11441762019702598, 0.246753253802852, 3.132272481918335, 0.05385791137814522, -0.05349207669496536, -1.0518466542208671e-08]","[0.0023731343083536194, -0.0010555907170983758, -0.01278390070876384, -0.0034300758082700445, 0.009342770471011397, -0.0030136640599103767, 0.0]","[0.0038229531105993253, -0.001575066686430343, -0.02469031805306554, -0.009848584960510137, 0.03118490397890361, -0.004488088844379766, 0.0]",0.025034128926608928,0.033009631978755394,0.0,0.8344962000846863
1944f84093f10c096242321d,d73f8dde2b7cb7c2,data/pick/pickandplaceredcube_v0/run_0001,data/pick/pickandplaceredcube_v0/run_0001/episode.h5,"[16, 24]",32,"[0.48634440954324965, 0.11284255351059563, 0.22206293574978647, 3.120734453201294, 0.0844680666923523, -0.058624058961868286, -1.0518466542208671e-08]","[0.0038229531105993253, -0.001575066686430343, -0.02469031805306554, -0.009848584960510137, 0.03118490397890361, -0.004488088844379766, 0.0]","[0.004598065978202892, -4.148456666008826e-05, -0.020885088150197517, -0.0008681696813037352, 0.0014775322735103291, -0.002045566692322841, 0.0]",0.021385294918487764,0.0026685507878884823,0.0,0.8304207921028137
b11edcbd7e63f525124fadda,d73f8dde2b7cb7c2,data/pick/pickandplaceredcube_v0/run_0001,data/pick/pickandplaceredcube_v0/run_0001/episode.h5,"[24, 32]",40,"[0.49094247552145254, 0.11280106894393555, 0.20117784759958895, 3.1197776794433594, 0.08589215576648712, -0.060750383883714676, -1.0518466542208671e-08]","[0.004598065978202892, -4.148456666008826e-05, -0.020885088150197517, -0.0008681696813037352, 0.0014775322735103291, -0.002045566692322841, 0.0]","[-0.0020707061553366657, 0.004423854593440496, -0.012288161146688098, 0.000121857714999213, 0.004815291142495459, 0.009105643853067124, 0.00440530917223747]",0.013223358794671975,0.010301195467934737,0.00440530917223747,0.6680884957313538
eb1474f000ce388c64871ef1,d73f8dde2b7cb7c2,data/pick/pickandplaceredcube_v0/run_0001,data/pick/pickandplaceredcube_v0/run_0001/episode.h5,"[32, 40]",48,"[0.48887176936611587, 0.11722492353737604, 0.18888968645290086, 3.1196062564849854, 0.09070596098899841, -0.05166015028953552, 0.004405298653770928]","[-0.0020707061553366657, 0.004423854593440496, -0.012288161146688098, 0.000121857714999213, 0.004815291142495459, 0.009105643853067124, 0.00440530917223747]","[0.0012046096729227962, 0.0011190265850855863, -0.004500636554736592, 0.002138339394720498, -0.0034306396860452892, 0.0011220713246867036, 0.5770924775039449]",0.004791558656643863,0.0041953340844522406,0.5770924775039449,0.7147616744041443
cb3fdad9e97ceef932601eec,d73f8dde2b7cb7c2,data/pick/pickandplaceredcube_v0/run_0001,data/pick/pickandplaceredcube_v0/run_0001/episode.h5,"[40, 48]",56,"[0.49007637903903867, 0.11834395012246163, 0.18438904989816426, 3.1219277381896973, 0.08739007264375687, -0.05032796040177345, 0.5814977761577158]","[0.0012046096729227962, 0.0011190265850855863, -0.004500636554736592, 0.002138339394720498, -0.0034306396860452892, 0.0011220713246867036, 0.5770924775039449]","[0.002445222713010564, -0.00014328648992545379, 0.001596427638653336, 0.0020234621844612923, -0.00486866941887687, -0.0016618246704404515, 0.13215861776295823]",0.0029237349982298615,0.005528110197665764,0.13215861776295823,0.5372855067253113
0679a8f834925f0015ad3f1f,d73f8dde2b7cb7c2,data/pick/pickandplaceredcube_v0/run_0001,data/pick/pickandplaceredcube_v0/run_0001/episode.h5,"[48, 56]",64,"[0.49252160175204923, 0.11820066363253617, 0.1859854775368176, 3.1242012977600098, 0.08262913674116135, -0.05179181694984436, 0.713656393920674]","[0.002445222713010564, -0.00014328648992545379, 0.001596427638653336, 0.0020234621844612923, -0.00486866941887687, -0.0016618246704404515, 0.13215861776295823]","[0.0033887617693863503, -0.004955147579729882, 0.01020999068595635, 0.004562942429090642, -0.014183967320454682, -0.011339742103738372, 0.0]",0.011844032407667281,0.018724185524027975,0.0,0.5874671339988708
f15a735ee04e0081b316decb,d73f8dde2b7cb7c2,data/pick/pickandplaceredcube_v0/run_0001,data/pick/pickandplaceredcube_v0/run_0001/episode.h5,"[56, 64]",72,"[0.4959103635214356, 0.11324551605280629, 0.19619546822277395, 3.129504442214966, 0.06869924813508987, -0.06269831210374832, 0.713656393920674]","[0.0033887617693863503, -0.004955147579729882, 0.01020999068595635, 0.004562942429090642, -0.014183967320454682, -0.011339742103738372, 0.0]","[0.00732546079487828, -0.02525595572585805, 0.030751884317940237, -0.002191489942158748, -0.010085343412024717, -0.038410134643463545, 0.0]",0.04046237838520839,0.03977254358516754,0.0,0.9183274507522583
6c80d2edb00d6200ccdf46f8,d73f8dde2b7cb7c2,data/pick/pickandplaceredcube_v0/run_0001,data/pick/pickandplaceredcube_v0/run_0001/episode.h5,"[64, 72]",80,"[0.5032358243163139, 0.08798956032694824, 0.2269473525407142, 3.127946615219116, 0.058496326208114624, -0.10121850669384003, 0.713656393920674]","[0.00732546079487828, -0.02525595572585805, 0.030751884317940237, -0.002191489942158748, -0.010085343412024717, -0.038410134643463545, 0.0]","[0.006973847334544203, -0.04137703742688076, 0.007128024925113996, -0.05990945554461005, -0.019521774504470235, 0.013114583165799595, 0.0]",0.04256174940253357,0.06436019604590765,0.0,0.876076877117157
13d3cce105857936be5e14dc,d73f8dde2b7cb7c2,data/pick/pickandplaceredcube_v0/run_0001,data/pick/pickandplaceredcube_v0/run_0001/episode.h5,"[72, 80]",88,"[0.5102096716508581, 0.04661252290006748, 0.23407537746582818, 3.0703001022338867, 0.03292703256011009, -0.09132403135299683, 0.713656393920674]","[0.006973847334544203, -0.04137703742688076, 0.007128024925113996, -0.05990945554461005, -0.019521774504470235, 0.013114583165799595, 0.0]","[-0.0010464228152894384, -0.040504915362404297, -0.0041518932699606825, -0.015730229364273363, -0.0056505054941000665, -0.05314506023611451, 0.0]",0.04073059521967533,0.05571145084892102,0.0,0.8766467571258545
95c076355213d0fa86e4d01e,d73f8dde2b7cb7c2,data/pick/pickandplaceredcube_v0/run_0001,data/pick/pickandplaceredcube_v0/run_0001/episode.h5,"[80, 88]",96,"[0.5091632488355686, 0.006107607537663186, 0.2299234841958675, 3.0551459789276123, 0.025861795991659164, -0.14495892822742462, 0.713656393920674]","[-0.0010464228152894384, -0.040504915362404297, -0.0041518932699606825, -0.015730229364273363, -0.0056505054941000665, -0.05314506023611451, 0.0]","[-0.002368605231719889, -0.0007212290516124828, -0.016426817809747418, 0.00963826642479392, -0.0383394084659352, 0.006176081937296058, 0.0]",0.01661236904969474,0.040011878352425895,0.0,0.7649083733558655
ff3444c02bd8a81f7bc2471d,d73f8dde2b7cb7c2,data/pick/pickandplaceredcube_v0/run_0001,data/pick/pickandplaceredcube_v0/run_0001/episode.h5,"[88, 96]",104,"[0.5067946436038487, 0.005386378486050703, 0.21349666638612008, 3.07021427154541, -0.010686060413718224, -0.1384837031364441, 0.713656393920674]","[-0.002368605231719889, -0.0007212290516124828, -0.016426817809747418, 0.00963826642479392, -0.0383394084659352, 0.006176081937296058, 0.0]","[-0.009522902528102728, 0.007468121729133854, -0.015126626664707488, 0.0018738696008430492, 0.02941476046899849, 0.018859134432065675, 0.0]",0.01937197328550569,0.034991520004941844,0.0,0.699279248714447
d65daed94015cf9a21d3d151,d73f8dde2b7cb7c2,data/pick/pickandplaceredcube_v0/run_0001,data/pick/pickandplaceredcube_v0/run_0001/episode.h5,"[96, 104]",112,"[0.497271741075746, 0.012854500215184557, 0.1983700397214126, 3.0680091381073, 0.018705712631344795, -0.11966097354888916, 0.713656393920674]","[-0.009522902528102728, 0.007468121729133854, -0.015126626664707488, 0.0018738696008430492, 0.02941476046899849, 0.018859134432065675, 0.0]","[-0.0009599402686633063, -6.224341556340662e-05, -0.0012001424309645015, -9.333841893774305e-05, 0.0030574554270679233, -5.9694383874519894e-05, -0.19383259555872745]",0.001538083683283768,0.003059462235168634,0.19383259555872745,0.5270002484321594
df61876e6cd874d61e90071c,d73f8dde2b7cb7c2,data/pick/pickandplaceredcube_v0/run_0001,data/pick/pickandplaceredcube_v0/run_0001/episode.h5,"[104, 112]",120,"[0.4963118008070827, 0.01279225679962115, 0.1971698972904481, 3.067551374435425, 0.02173016034066677, -0.11972977966070175, 0.5198237983619466]","[-0.0009599402686633063, -6.224341556340662e-05, -0.0012001424309645015, -9.333841893774305e-05, 0.0030574554270679233, -5.9694383874519894e-05, -0.19383259555872745]","[7.643418229003052e-05, -0.0036583963247318867, -6.6692122901446105e-06, -4.3296293029297835e-05, 2.32679002800662e-05, -0.007293235607004316, -0.5198238088804131]",0.0036592007776872115,0.007293401235599831,0.5198238088804131,0.5582349896430969
18d8939364544dbf8b1db226,d73f8dde2b7cb7c2,data/pick/pickandplaceredcube_v0/run_0001,data/pick/pickandplaceredcube_v0/run_0001/episode.h5,"[112, 120]",128,"[0.49638823498937273, 0.009133860474889264, 0.19716322807815795, 3.0675055980682373, 0.021748090162873268, -0.12702400982379913, -1.0518466542208671e-08]","[7.643418229003052e-05, -0.0036583963247318867, -6.6692122901446105e-06, -4.3296293029297835e-05, 2.32679002800662e-05, -0.007293235607004316, -0.5198238088804131]","[0.0010516680009399204, -0.003241281947525449, 0.0042606137329468385, -6.315466588649281e-05, -0.006753419152224049, -0.0066392797991586955, 0.0]",0.005455707436156244,0.00947062273607003,0.0,0.5226085782051086
ffb5973687aa333bff1b93ea,d73f8dde2b7cb7c2,data/pick/pickandplaceredcube_v0/run_0001,data/pick/pickandplaceredcube_v0/run_0001/episode.h5,"[120, 128]",136,"[0.49743990299031265, 0.005892578527363815, 0.2014238418111048, 3.068298578262329, 0.015041074715554714, -0.13364891707897186, -1.0518466542208671e-08]","[0.0010516680009399204, -0.003241281947525449, 0.0042606137329468385, -6.315466588649281e-05, -0.006753419152224049, -0.0066392797991586955, 0.0]","[0.0032627228654679707, 0.009931945661831629, 0.04068643741905853, -0.003956869088908746, -0.022974148290685337, 0.016449773881851176, 0.0]",0.04200803607622463,0.02853179565735733,0.0,0.8537453413009644
bad85b74b14d3829d97de5a2,d73f8dde2b7cb7c2,data/pick/pickandplaceredcube_v0/run_0001,data/pick/pickandplaceredcube_v0/run_0001/episode.h5,"[128, 136]",144,"[0.5007026258557806, 0.015824524189195444, 0.24211027923016332, 3.067439079284668, -0.008255423977971077, -0.11724751442670822, -1.0518466542208671e-08]","[0.0032627228654679707, 0.009931945661831629, 0.04068643741905853, -0.003956869088908746, -0.022974148290685337, 0.016449773881851176, 0.0]","[-0.003686785430645989, 0.05073889349805437, 0.03929100266683788, 0.06602082385420052, -0.022518266274952126, 0.011771289880575523, 0.0]",0.06427916140386392,0.07074167628682232,0.0,0.9211927652359009
e276733873954bea21102713,d73f8dde2b7cb7c2,data/pick/pickandplaceredcube_v0/run_0001,data/pick/pickandplaceredcube_v0/run_0001/episode.h5,"[136, 144]",152,"[0.49701584042513464, 0.06656341768724981, 0.2814012818970012, 3.1356470584869385, -0.022883040830492973, -0.10579492896795273, -1.0518466542208671e-08]","[-0.003686785430645989, 0.05073889349805437, 0.03929100266683788, 0.06602082385420052, -0.022518266274952126, 0.011771289880575523, 0.0]","[-0.010093514598790099, 0.0364391407021446, 0.0064294055485085155, 0.007599168893888782, 0.027668231119571063, 0.061684718618644344, 0.0]",0.03835397329839338,0.06803148456578892,0.0,0.8346430063247681
2ae434a58958e1174ec95698,0c43694c74cb26a0,data/pick/pickcube_v0/run_0001,data/pick/pickcube_v0/run_0001/episode.h5,"[0, 8]",16,"[0.6518603864744443, 0.02668457158766737, 0.3390543873491375, 3.1122782230377197, 0.06484932452440262, 0.00969638116657734, -1.0518466542208671e-08]","[-0.0006220971153264587, -0.00014949784385277082, -0.002638523234370249, -0.0004228796035858497, 0.004434661259070882, -0.00011589694219218109, 0.0]","[0.0016938829863941685, -0.0008239804514350961, -0.010274951238123164, -0.00024931633030996804, 0.003043688484248852, -0.0010625700800637255, 0.0]",0.010446186208456729,0.0032334584266316053,0.0,0.5585535764694214
af006303f95ce5702d8c0e26,0c43694c74cb26a0,data/pick/pickcube_v0/run_0001,data/pick/pickcube_v0/run_0001/episode.h5,"[8, 16]",24,"[0.6535542694608385, 0.025860591136232274, 0.32877943611101434, 3.11205792427063, 0.06789528578519821, 0.0086195794865489, -1.0518466542208671e-08]","[0.0016938829863941685, -0.0008239804514350961, -0.010274951238123164, -0.00024931633030996804, 0.003043688484248852, -0.0010625700800637255, 0.0]","[0.0022920594240773973, 0.00024932685887855965, -0.04866656751533455, -0.0020240767309207797, 0.03495504188368126, 0.0012075572266498956, 0.0]",0.0487211503765118,0.03503441214232373,0.0,0.75865638256073
b43c0e9b4d2caf00b2e0e2d5,0c43694c74cb26a0,data/pick/pickcube_v0/run_0001,data/pick/pickcube_v0/run_0001/episode.h5,"[16, 24]",32,"[0.6558463288849159, 0.026109917995110834, 0.2801128685956798, 3.1103272438049316, 0.10286637395620346, 0.009714906103909016, -1.0518466542208671e-08]","[0.0022920594240773973, 0.00024932685887855965, -0.04866656751533455, -0.0020240767309207797, 0.03495504188368126, 0.0012075572266498956, 0.0]","[-0.005835310164686414, -0.00018307869057709522, -0.05492602592979007, -0.0022558887594057993, 0.04554288907044968, 0.0011751832187885556, 0.0]",0.05523542963501784,0.04561386669178376,0.0,0.7538477182388306
9f7252a191eb7bf57b47eb2a,0c43694c74cb26a0,data/pick/pickcube_v0/run_0001,data/pick/pickcube_v0/run_0001/episode.h5,"[24, 32]",40,"[0.6500110187202295, 0.02592683930453374, 0.22518684266588973, 3.1084959506988525, 0.14842885732650757, 0.010711915791034698, -1.0518466542208671e-08]","[-0.005835310164686414, -0.00018307869057709522, -0.05492602592979007, -0.0022558887594057993, 0.04554288907044968, 0.0011751832187885556, 0.0]","[-0.0019266302432860982, 0.0001282100291002293, -0.030817973081937372, 0.002162386847912232, -0.02872667490532166, 0.002257503131734931, 0.0]",0.030878403566002615,0.028896264263497003,0.0,0.7241910099983215
9ae20d01a6d4611615ffb978,0c43694c74cb26a0,data/pick/pickcube_v0/run_0001,data/pick/pickcube_v0/run_0001/episode.h5,"[32, 40]",48,"[0.6480843884769434, 0.026055049333633968, 0.19436886958395236, 3.110363006591797, 0.11968041211366653, 0.013250044547021389, -1.0518466542208671e-08]","[-0.0019266302432860982, 0.0001282100291002293, -0.030817973081937372, 0.002162386847912232, -0.02872667490532166, 0.002257503131734931, 0.0]","[-0.005595952073928712, -0.00019714474306761764, -0.018559448987564314, 0.000499680303672951, -0.0008132759665162581, 0.0008802731056434544, 0.0]",0.01938573424932438,0.0012984525190051497,0.0,0.7026804685592651
5c0743f3335e65b7006a3c81,0c43694c74cb26a0,data/pick/pickcube_v0/run_0001,data/pick/pickcube_v0/run_0001/episode.h5,"[40, 48]",56,"[0.6424884364030147, 0.02585790459056635, 0.17580942059638804, 3.1108553409576416, 0.11886057257652283, 0.014189102686941624, -1.0518466542208671e-08]","[-0.005595952073928712, -0.00019714474306761764, -0.018559448987564314, 0.000499680303672951, -0.0008132759665162581, 0.0008802731056434544, 0.0]","[-0.0012654667656500918, 0.0010055779536790876, -0.001043618965363008, 0.0010011296579563271, 0.0016303058783047053, 0.0014047055615466566, 0.14537450145272635]",0.0019239890074414876,0.0023734690989171818,0.14537450145272635,0.5002661347389221
7acc2ad9d3f5fd757fbdfe2d,0c43694c74cb26a0,data/pick/pickcube_v0/run_0001,data/pick/pickcube_v0/run_0001/episode.h5,"[48, 56]",64,"[0.6412229696373646, 0.026863482544245438, 0.17476580163102504, 3.111886978149414, 0.12047644704580307, 0.015716152265667915, 0.1453744909342598]","[-0.0012654667656500918, 0.0010055779536790876, -0.001043618965363008, 0.0010011296579563271, 0.0016303058783047053, 0.0014047055615466566, 0.14537450145272635]","[0.0023978418880831187, 0.008304837828294932, 0.009823503021680446, 0.008251681827335303, -0.015661470414505718, 0.010767058493942853, 0.5770924775039448]",0.013085151458484894,0.02071959114307038,0.5770924775039448,0.6459764242172241
379f0ff674f0aca4dc310677,0c43694c74cb26a0,data/pick/pickcube_v0/run_0001,data/pick/pickcube_v0/run_0001/episode.h5,"[56, 64]",72,"[0.6436208115254477, 0.03516832037254037, 0.18458930465270548, 3.119934558868408, 0.10468336194753647, 0.02745194546878338, 0.7224669684382046]","[0.0023978418880831187, 0.008304837828294932, 0.009823503021680446, 0.008251681827335303, -0.015661470414505718, 0.010767058493942853, 0.5770924775039448]","[1.6464764286405753e-06, -2.59999287171922e-05, 2.809006564324923e-06, 4.215718039941358e-06, -6.674277684526331e-06, -4.4214307119660684e-05, 0.0]",2.620300928915542e-05,4.4913508160397925e-05,0.0,0.41252535581588745
5b3a13b11907a5ec66818e3a,0c43694c74cb26a0,data/pick/pickcube_v0/run_0001,data/pick/pickcube_v0/run_0001/episode.h5,"[64, 72]",80,"[0.6436224580018763, 0.03514232044382318, 0.1845921136592698, 3.119938611984253, 0.10467657446861267, 0.02740815468132496, 0.7224669684382046]","[1.6464764286405753e-06, -2.59999287171922e-05, 2.809006564324923e-06, 4.215718039941358e-06, -6.674277684526331e-06, -4.4214307119660684e-05, 0.0]","[5.170796864129024e-06, -4.188358881192927e-05, 4.757581629885599e-05, 6.132859119059596e-06, -5.930983837676429e-05, -6.65134461977789e-05, 0.0]",6.359583672284959e-05,8.932696913226689e-05,0.0,0.38015761971473694
e5c05d8619d4c3dac3cb8edc,0c43694c74cb26a0,data/pick/pickcube_v0/run_0001,data/pick/pickcube_v0/run_0001/episode.h5,"[72, 80]",88,"[0.6436276287987405, 0.03510043685501125, 0.18463968947556866, 3.119943141937256, 0.10461711883544922, 0.027342114597558975, 0.7224669684382046]","[5.170796864129024e-06, -4.188358881192927e-05, 4.757581629885599e-05, 6.132859119059596e-06, -5.930983837676429e-05, -6.65134461977789e-05, 0.0]","[0.0004796299550002825, -0.004690139556432792, 0.010612355956280711, -0.0006992829546619821, -0.007649979605957258, -0.007182598518503539, 0.0]",0.011612474021299503,0.010516696539325075,0.0,0.5586344003677368
1738deb0f454098b8f4333c5,0c43694c74cb26a0,data/pick/pickcube_v0/run_0001,data/pick/pickcube_v0/run_0001/episode.h5,"[80, 88]",96,"[0.6441072587537408, 0.030410297298578456, 0.19525204543184937, 3.119030714035034, 0.09698907285928726, 0.02006502076983452, 0.7224669684382046]","[0.0004796299550002825, -0.004690139556432792, 0.010612355956280711, -0.0006992829546619821, -0.007649979605957258, -0.007182598518503539, 0.0]","[-0.00235364989854292, -0.001011788646181993, 0.04994995490441673, -0.002405326353413396, 0.018790828704938534, -0.0029671967134568787, 0.0]",0.05001561135348361,0.019175116547784428,0.0,0.7840695381164551
9360d975d76eb0ed40c924ac,0c43694c74cb26a0,data/pick/pickcube_v0/run_0001,data/pick/pickcube_v0/run_0001/episode.h5,"[88, 96]",104,"[0.6417536088551978, 0.029398508652396464, 0.2452020003362661, 3.1169896125793457, 0.11582417786121368, 0.01690363697707653, 0.7224669684382046]","[-0.00235364989854292, -0.001011788646181993, 0.04994995490441673, -0.002405326353413396, 0.018790828704938534, -0.0029671967134568787, 0.0]","[-0.007566228641317174, -0.0009248587811608901, 0.07026795651262868, -0.004342730770236626, 0.04468280181396245, -0.003817675647206467, 0.0]",0.07068018740834275,0.04505537410604731,0.0,0.8988208770751953
b45460a1aa6dae43311c1635,0c43694c74cb26a0,data/pick/pickcube_v0/run_0001,data/pick/pickcube_v0/run_0001/episode.h5,"[96, 104]",112,"[0.6341873802138807, 0.028473649871235573, 0.3154699568488948, 3.1133601665496826, 0.16057324409484863, 0.012682884931564331, 0.7224669684382046]","[-0.007566228641317174, -0.0009248587811608901, 0.07026795651262868, -0.004342730770236626, 0.04468280181396245, -0.003817675647206467, 0.0]","[0.005441584652161602, -0.00013535266558059242, 0.06538536094323211, 0.0016060698456585064, -0.04791305196547757, -0.0020262116407995787, 0.0]",0.06561154311207337,0.047982762973895116,0.0,0.8418755531311035
6451cc307e00a2c5823ed981,0c43694c74cb26a0,data/pick/pickcube_v0/run_0001,data/pick/pickcube_v0/run_0001/episode.h5,"[104, 112]",120,"[0.6396289648660423, 0.02833829720565498, 0.3808553177921269, 3.114363193511963, 0.11264359951019287, 0.010831791907548904, 0.7224669684382046]","[0.005441584652161602, -0.00013535266558059242, 0.06538536094323211, 0.0016060698456585064, -0.04791305196547757, -0.0020262116407995787, 0.0]","[-0.0005779238832939182, -0.000645751508457023, 0.020797980676716787, -0.0007783579686228598, 0.00639678252391751, -0.0019191193495491812, 0.0]",0.02081602726878116,0.00672366617727481,0.0,0.6639167666435242
ae087e1416846dccdfe3c653,45109c81a729d48b,data/pick/pickpen_v0/run_0001,data/pick/pickpen_v0/run_0001/episode.h5,"[0, 8]",16,"[0.6524594858956896, 0.026746737368155016, 0.3418386429118871, 3.112490177154541, 0.06073217839002609, 0.009719339199364185, -1.0518466542208671e-08]","[-4.713789240939903e-05, -9.929849024413809e-05, -0.00016647851794932, -0.00016731692011331075, 0.0003391472637495063, -0.00012280220411790325, 0.0]","[0.0016085321403279673, -0.0007443783164880376, -0.00883857727655657, -0.00016897555544561038, 0.00181389723808989, -0.0009551820721425842, 0.0]",0.00901453953334211,0.002056975624462012,0.0,0.5033629536628723
623b10a67284b3a6e3ec8cc2,45109c81a729d48b,data/pick/pickpen_v0/run_0001,data/pick/pickpen_v0/run_0001/episode.h5,"[8, 16]",24,"[0.6540680180360176, 0.02600235905166698, 0.3330000656353305, 3.1123385429382324, 0.06254763156175613, 0.008754969574511051, -1.0518466542208671e-08]","[0.0016085321403279673, -0.0007443783164880376, -0.00883857727655657, -0.00016897555544561038, 0.00181389723808989, -0.0009551820721425842, 0.0]","[0.0025033531543630083, 0.00024344175408531898, -0.051829768127300335, -0.0022422915866332433, 0.03839237291979258, 0.0011996481537650285, 0.0]",0.051890759341455095,0.03847650355300935,0.0,0.7637068033218384
345daf08b1f3af01909f7b53,45109c81a729d48b,data/pick/pickpen_v0/run_0001,data/pick/pickpen_v0/run_0001/episode.h5,"[16, 24]",32,"[0.6565713711903806, 0.026245800805752298, 0.2811702975080302, 3.110424280166626, 0.10095804929733276, 0.00984131544828415, -1.0518466542208671e-08]","[0.0025033531543630083, 0.00024344175408531898, -0.051829768127300335, -0.0022422915866332433, 0.03839237291979258, 0.0011996481537650285, 0.0]","[-0.006223294622735742, -0.00020861679592618781, -0.05510720213960876, -0.0023534116807230354, 0.047213904068022616, 0.0011353495687375452, 0.0]",0.05545788171743143,0.04728615339110001,0.0,0.7653864622116089
fff0bb526bfc332c3aa85324,45109c81a729d48b,data/pick/pickpen_v0/run_0001,data/pick/pickpen_v0/run_0001/episode.h5,"[24, 32]",40,"[0.6503480765676448, 0.02603718400982611, 0.22606309536842142, 3.1085171699523926, 0.1481926441192627, 0.010795201174914837, -1.0518466542208671e-08]","[-0.006223294622735742, -0.00020861679592618781, -0.05510720213960876, -0.0023534116807230354, 0.047213904068022616, 0.0011353495687375452, 0.0]","[-0.0019531645227944816, 0.00012214697933019686, -0.0311696396858393, 0.0021832739936844645, -0.0290228192954467, 0.00226851998143813, 0.0]",0.031231013587181423,0.029193096925366386,0.0,0.7218619585037231
bbfc666a1e95ceb63b1fab95,45109c81a729d48b,data/pick/pickpen_v0/run_0001,data/pick/pickpen_v0/run_0001/episode.h5,"[32, 40]",48,"[0.6483949120448503, 0.026159330989156307, 0.19489345568258212, 3.1103994846343994, 0.11914768815040588, 0.0133462930098176, -1.0518466542208671e-08]","[-0.0019531645227944816, 0.00012214697933019686, -0.0311696396858393, 0.0021832739936844645, -0.0290228192954467, 0.00226851998143813, 0.0]","[-0.005669198742399573, -0.0001990305367613361, -0.0187207056801445, 0.0005014027999751626, -0.000739282039982081, 0.0008964983379914487, 0.0]",0.019561294658022588,0.001265563895061972,0.0,0.7238712906837463
ce9ef8d525d35405e00cd179,45109c81a729d48b,data/pick/pickpen_v0/run_0001,data/pick/pickpen_v0/run_0001/episode.h5,"[40, 48]",56,"[0.6427257133024508, 0.02596030045239497, 0.17617275000243762, 3.1108944416046143, 0.11840176582336426, 0.014301626943051815, -1.0518466542208671e-08]","[-0.005669198742399573, -0.0001990305367613361, -0.0187207056801445, 0.0005014027999751626, -0.000739282039982081, 0.0008964983379914487, 0.0]","[-0.0015840587232422987, 0.0009291073518311911, -0.0014261319756609658, 0.0009096416426522053, 0.0025982174770051714, 0.001306250074307883, 0.14096919228048876]",0.002325152666366112,0.003047043030955006,0.14096919228048876,0.5268206596374512
9b7a0c8ffa20defb25d2ca42,45109c81a729d48b,data/pick/pickpen_v0/run_0001,data/pick/pickpen_v0/run_0001/episode.h5,"[48, 56]",64,"[0.6411416545792085, 0.026889407804226162, 0.17474661802677666, 3.1118481159210205, 0.12098665535449982, 0.01572057232260704, 0.14096918176202222]","[-0.0015840587232422987, 0.0009291073518311911, -0.0014261319756609658, 0.0009096416426522053, 0.0025982174770051714, 0.001306250074307883, 0.14096919228048876]","[0.0026235861854795317, 0.008876508301730354, 0.010078894850755221, 0.008881441525442636, -0.016353019117937295, 0.011359223948047963, 0.6563876481617197]",0.013684287541407008,0.021802137659949445,0.6563876481617197,0.6843153238296509
39a6057796688548aa01176a,45109c81a729d48b,data/pick/pickpen_v0/run_0001,data/pick/pickpen_v0/run_0001/episode.h5,"[56, 64]",72,"[0.643765240764688, 0.035765916105956516, 0.18482551287753188, 3.1205174922943115, 0.10449153184890747, 0.02812776528298855, 0.7973568299237419]","[0.0026235861854795317, 0.008876508301730354, 0.010078894850755221, 0.008881441525442636, -0.016353019117937295, 0.011359223948047963, 0.6563876481617197]","[2.929825148600962e-06, -4.549292355056356e-05, -9.511500531328432e-06, 2.2380541800683242e-06, 1.3196086368294502e-05, -8.33996716108231e-05, 0.0044052872587653225]",4.6568858810757385e-05,8.446686218124562e-05,0.0044052872587653225,0.4402744174003601
3c48b7fc8d52e37a3817dc04,45109c81a729d48b,data/pick/pickpen_v0/run_0001,data/pick/pickpen_v0/run_0001/episode.h5,"[64, 72]",80,"[0.6437681705898366, 0.03572042318240595, 0.18481600137700055, 3.1205201148986816, 0.10450465977191925, 0.02804463915526867, 0.8017621171825072]","[2.929825148600962e-06, -4.549292355056356e-05, -9.511500531328432e-06, 2.2380541800683242e-06, 1.3196086368294502e-05, -8.33996716108231e-05, 0.0044052872587653225]","[-1.675698522940472e-06, -1.1584173101986117e-05, 2.1114748590150834e-05, 3.901660489220094e-06, -2.0700754187252812e-05, -1.5817461174740877e-05, 0.0]",2.4141947726350504e-05,2.6342669881935678e-05,0.0,0.40737807750701904
ac4341ae1a533cfe853fb73e,45109c81a729d48b,data/pick/pickpen_v0/run_0001,data/pick/pickpen_v0/run_0001/episode.h5,"[72, 80]",88,"[0.6437664948913137, 0.035708839009303966, 0.1848371161255907, 3.120523452758789, 0.10448385775089264, 0.028029169887304306, 0.8017621171825072]","[-1.675698522940472e-06, -1.1584173101986117e-05, 2.1114748590150834e-05, 3.901660489220094e-06, -2.0700754187252812e-05, -1.5817461174740877e-05, 0.0]","[-8.8260801302531e-05, -0.004765851894437324, 0.009620312840940948, -0.0011626936896964903, -0.006185837583822185, -0.007156696514952933, 0.0]",0.01073645907207454,0.009530726532464699,0.0,0.5867660045623779
93a38f698e280df7133b5e2a,45109c81a729d48b,data/pick/pickpen_v0/run_0001,data/pick/pickpen_v0/run_0001/episode.h5,"[80, 88]",96,"[0.6436782340900111, 0.030942987114866642, 0.19445742896653165, 3.1191813945770264, 0.09833294153213501, 0.02073301374912262, 0.8017621171825072]","[-8.8260801302531e-05, -0.004765851894437324, 0.009620312840940948, -0.0011626936896964903, -0.006185837583822185, -0.007156696514952933, 0.0]","[-0.0024177985311268912, -0.0014059602985352498, 0.0489391075032837, -0.0025413919772974596, 0.019986324646983356, -0.003533721607914808, 0.0]",0.04901896283394964,0.020454804679564415,0.0,0.7840579748153687
133cb3d81a07e7e095d4072c,45109c81a729d48b,data/pick/pickpen_v0/run_0001,data/pick/pickpen_v0/run_0001/episode.h5,"[88, 96]",104,"[0.6412604355588842, 0.029537026816331392, 0.24339653646981535, 3.1170403957366943, 0.11836743354797363, 0.01699315384030342, 0.8017621171825072]","[-0.0024177985311268912, -0.0014059602985352498, 0.0489391075032837, -0.0025413919772974596, 0.019986324646983356, -0.003533721607914808, 0.0]","[-0.00723907813608049, -0.000868178985333503, 0.07082194371345352, -0.004333330746850205, 0.04378018780913373, -0.0037218615311037165, 0.0]",0.07119624778288833,0.044151272385077746,0.0,0.9118086695671082
813e366080b745092b7c8bfd,45109c81a729d48b,data/pick/pickpen_v0/run_0001,data/pick/pickpen_v0/run_0001/episode.h5,"[96, 104]",112,"[0.6340213574228037, 0.02866884783099789, 0.31421848018326887, 3.113407850265503, 0.16221415996551514, 0.012858099304139614, 0.8017621171825072]","[-0.00723907813608049, -0.000868178985333503, 0.07082194371345352, -0.004333330746850205, 0.04378018780913373, -0.0037218615311037165, 0.0]","[0.005513456398574701, -5.1965785987959784e-05, 0.06572905158267345, 0.0016098980901046525, -0.0479946056113314, -0.0019062826417647549, 0.0]",0.0659599054264001,0.048059420025194435,0.0,0.8247734904289246
f372e8cb22450593a30c47a3,45109c81a729d48b,data/pick/pickpen_v0/run_0001,data/pick/pickpen_v0/run_0001/episode.h5,"[104, 112]",120,"[0.6395348138213784, 0.02861688204500993, 0.3799475317659423, 3.114405393600464, 0.11420274525880814, 0.011127927340567112, 0.8017621171825072]","[0.005513456398574701, -5.1965785987959784e-05, 0.06572905158267345, 0.0016098980901046525, -0.0479946056113314, -0.0019062826417647549, 0.0]","[-0.0005179156458882117, -0.0007687333007345698, 0.02056017544908073, -0.0008205389999067917, 0.007077273345377444, -0.0021182432770222963, 0.0]",0.020581059302205416,0.007432902315798872,0.0,0.6791651844978333
4e5d5050e7d088e5cbcc37fa,dcd5057d94a4a5a2,data/pick/pickupcup_v0/run_0001,data/pick/pickupcup_v0/run_0001/episode.h5,"[0, 8]",16,"[0.5945439239051737, 0.01428988268539337, 0.3409430728070337, 3.1261298656463623, -0.06210506707429886, -1.6327964067459106, -1.0518466542208671e-08]","[1.8256430852070515e-05, -0.0002648297805091602, -0.0030193245299439675, -0.0006383342999783722, 0.005351663453739164, -0.00046677300514629655, 0.0]","[0.0015938612039694267, 0.0016562902497865122, -0.012718653999173213, -0.0022302974018706787, 0.02019275322793046, 0.0026853557684643555, 0.0]",0.012924699241365018,0.02049225817298113,0.0,0.6675729155540466
f90bc9a9e6300a8a88b28b79,dcd5057d94a4a5a2,data/pick/pickupcup_v0/run_0001,data/pick/pickupcup_v0/run_0001/episode.h5,"[8, 16]",24,"[0.5961377851091432, 0.015946172935179883, 0.32822441880786046, 3.1060709953308105, -0.06556923687458038, -1.628808856010437, -1.0518466542208671e-08]","[0.0015938612039694267, 0.0016562902497865122, -0.012718653999173213, -0.0022302974018706787, 0.02019275322793046, 0.0026853557684643555, 0.0]","[-0.0002824386299915549, -6.591304922758112e-05, -0.03482713702987117, -0.006919664695414631, 0.05034123097333976, 0.00039445480160118064, 0.0]",0.034828344632026276,0.05081610856803791,0.0,0.8709402084350586
23badfc69c44db2dd0c7470f,dcd5057d94a4a5a2,data/pick/pickupcup_v0/run_0001,data/pick/pickupcup_v0/run_0001/episode.h5,"[16, 24]",32,"[0.5958553464791516, 0.015880259885952302, 0.2933972817779893, 3.0560739040374756, -0.07530451565980911, -1.6247206926345825, -1.0518466542208671e-08]","[-0.0002824386299915549, -6.591304922758112e-05, -0.03482713702987117, -0.006919664695414631, 0.05034123097333976, 0.00039445480160118064, 0.0]","[0.004585954941373704, -0.00029947314553550874, -0.028672647454018096, -0.0028456962651851408, -0.01030239027404889, 0.003224144053626717, 0.0]",0.02903861875006484,0.01116388541104943,0.0,0.8181185722351074
ec85848b698afd607bf98084,dcd5057d94a4a5a2,data/pick/pickupcup_v0/run_0001,data/pick/pickupcup_v0/run_0001/episode.h5,"[24, 32]",40,"[0.6004413014205253, 0.015580786740416793, 0.2647246343239712, 3.0665462017059326, -0.07758653908967972, -1.622310996055603, -1.0518466542208671e-08]","[0.004585954941373704, -0.00029947314553550874, -0.028672647454018096, -0.0028456962651851408, -0.01030239027404889, 0.003224144053626717, 0.0]","[-0.0005272822188996384, -0.006123056858315181, -0.010408450144970771, -0.0015833510027082947, 0.011778640200761803, -0.009649952872709668, 0.15859034131554983]",0.01208741851053691,0.015308982847410111,0.15859034131554983,0.7354843616485596
e91c0b7dae45d328fb22df63,dcd5057d94a4a5a2,data/pick/pickupcup_v0/run_0001,data/pick/pickupcup_v0/run_0001/episode.h5,"[32, 40]",48,"[0.5999140192016257, 0.009457729882101612, 0.2543161841790004, 3.0548274517059326, -0.07976886630058289, -1.631030559539795, 0.1585903307970833]","[-0.0005272822188996384, -0.006123056858315181, -0.010408450144970771, -0.0015833510027082947, 0.011778640200761803, -0.009649952872709668, 0.15859034131554983]","[0.000431370546936094, 0.0007275171427875739, 0.0003156753560342729, 0.0011320570707501225, -0.0036819461020214383, 0.0012691787049417375, 0.6740087862400448]",0.0009027805227302508,0.0040557483766505776,0.6740087862400448,0.6556050777435303
85ab057490f1e744df16d306,dcd5057d94a4a5a2,data/pick/pickupcup_v0/run_0001,data/pick/pickupcup_v0/run_0001/episode.h5,"[40, 48]",56,"[0.6003453897485618, 0.010185247024889186, 0.2546318595350347, 3.058445692062378, -0.07841670513153076, -1.6300451755523682, 0.8325991170371281]","[0.000431370546936094, 0.0007275171427875739, 0.0003156753560342729, 0.0011320570707501225, -0.0036819461020214383, 0.0012691787049417375, 0.6740087862400448]","[0.004106454366286649, 0.0007774277751110368, 0.008314230447817761, 0.0018909309021624362, -0.02524987542522128, 0.0016272601414101173, 0.11894273407319]",0.009305578399397251,0.025372816245615472,0.11894273407319,0.7280207276344299
d2f297d4051791aefb9769d4,dcd5057d94a4a5a2,data/pick/pickupcup_v0/run_0001,data/pick/pickupcup_v0/run_0001/episode.h5,"[48, 56]",64,"[0.6044518441148484, 0.010962674800000223, 0.26294608998285246, 3.0836100578308105, -0.07500996440649033, -1.6303226947784424, 0.9515418511103181]","[0.004106454366286649, 0.0007774277751110368, 0.008314230447817761, 0.0018909309021624362, -0.02524987542522128, 0.0016272601414101173, 0.11894273407319]","[0.000514560698891664, 0.002785182196663818, 0.015506942155386005, 0.0031314163131102367, -0.0030868088889148826, 0.002782572363183231, 0.0]",0.015763478917800618,0.005203543619404756,0.0,0.7667352557182312
14e47b55b55d7b83a34fe0f4,dcd5057d94a4a5a2,data/pick/pickupcup_v0/run_0001,data/pick/pickupcup_v0/run_0001/episode.h5,"[56, 64]",72,"[0.6049664048137401, 0.01374785699666404, 0.27845303213823847, 3.086512565612793, -0.07170015573501587, -1.6277480125427246, 0.9515418511103181]","[0.000514560698891664, 0.002785182196663818, 0.015506942155386005, 0.0031314163131102367, -0.0030868088889148826, 0.002782572363183231, 0.0]","[-0.004570067955819046, 0.009632247522172682, 0.048308462280198694, 0.003902455514663308, 0.06546589027662941, 0.007425944241307445, 0.0]",0.04947093329750901,0.06600118632744881,0.0,1.0627883672714233
7c0e86f31ab5ac67adc0322a,4d56196d805cfa03,data/pick/reachcup_v0/run_0001,data/pick/reachcup_v0/run_0001/episode.h5,"[0, 8]",16,"[0.4424608785671684, 0.06983838418468169, 0.33611241233779815, -3.1029043197631836, -0.029887298122048378, -0.814405620098114, -1.0518466542208671e-08]","[0.0004956348931809407, 7.962845443275357e-05, -0.0019054339171559742, -0.001110793961584684, 0.0010590214296628542, -6.261663191689179e-05, 0.0]","[0.00435794303032111, 0.0016507786718256007, -0.01653770803261545, -0.006598338197043363, 0.010756129569637451, 0.0021178536630912723, 0.0]",0.01718174975521737,0.012795221546329697,0.0,0.669448971748352
b46ac34bbd30600289992ee7,4d56196d805cfa03,data/pick/reachcup_v0/run_0001,data/pick/reachcup_v0/run_0001/episode.h5,"[8, 16]",24,"[0.44681882159748953, 0.07148916285650729, 0.3195747043051827, -3.115260362625122, -0.02730199322104454, -0.8118990063667297, -1.0518466542208671e-08]","[0.00435794303032111, 0.0016507786718256007, -0.01653770803261545, -0.006598338197043363, 0.010756129569637451, 0.0021178536630912723, 0.0]","[0.00448144845987708, -0.0017311528793517023, -0.03625899839451813, -0.013191417869672841, 0.0367636850250459, -0.004752404890340761, 0.0]",0.036575883245164295,0.03934675837060587,0.0,0.7908979058265686
8918e0c0a2242541dc938514,4d56196d805cfa03,data/pick/reachcup_v0/run_0001,data/pick/reachcup_v0/run_0001/episode.h5,"[16, 24]",32,"[0.4513002700573666, 0.06975800997715559, 0.2833157059106646, 3.132174491882324, -0.011556591838598251, -0.8157142400741577, -1.0518466542208671e-08]","[0.00448144845987708, -0.0017311528793517023, -0.03625899839451813, -0.013191417869672841, 0.0367636850250459, -0.004752404890340761, 0.0]","[0.0010188209721725405, 0.004210012882979758, -0.0320325235360695, -0.008483958729555022, 0.019705228892296978, 0.010138557898026335, 0.0]",0.032324058667454504,0.023728968744432206,0.0,0.8006669282913208
6c380bc9c9f7717dc7c1e328,4d56196d805cfa03,data/pick/reachcup_v0/run_0001,data/pick/reachcup_v0/run_0001/episode.h5,"[24, 32]",40,"[0.45231909102953916, 0.07396802286013535, 0.25128318237459507, 3.112010955810547, -0.004226977936923504, -0.8053329586982727, -1.0518466542208671e-08]","[0.0010188209721725405, 0.004210012882979758, -0.0320325235360695, -0.008483958729555022, 0.019705228892296978, 0.010138557898026335, 0.0]","[-0.001951323493460555, 0.003395583437129951, -0.01168635787602737, -0.0041247561781355335, 0.017647158517826167, 0.008317523468500895, 0.00440530917223747]",0.012325121121564253,0.01994033635452058,0.00440530917223747,0.6910542249679565
94e3b0d5270605353b03a19b,4d56196d805cfa03,data/pick/reachcup_v0/run_0001,data/pick/reachcup_v0/run_0001/episode.h5,"[32, 40]",48,"[0.4503677675360786, 0.0773636062972653, 0.2395968244985677, 3.096428632736206, 0.005026509519666433, -0.7969852685928345, 0.004405298653770928]","[-0.001951323493460555, 0.003395583437129951, -0.01168635787602737, -0.0041247561781355335, 0.017647158517826167, 0.008317523468500895, 0.00440530917223747]","[-1.2518676298645115e-05, -0.00029063329275925975, -0.0003415506869621776, -0.000149151250446541, 0.0006995906661353413, -0.0006186335038550774, 0.4977973506731145]",0.00044864384524998815,0.0009457169807851963,0.4977973506731145,0.51904296875
0890c166addf82ae90df2d40,4d56196d805cfa03,data/pick/reachcup_v0/run_0001,data/pick/reachcup_v0/run_0001/episode.h5,"[40, 48]",56,"[0.45035524885977996, 0.07707297300450604, 0.23925527381160552, 3.0958240032196045, 0.005408748053014278, -0.7976070046424866, 0.5022026493268854]","[-1.2518676298645115e-05, -0.00029063329275925975, -0.0003415506869621776, -0.000149151250446541, 0.0006995906661353413, -0.0006186335038550774, 0.4977973506731145]","[0.0022579172070337217, 0.0021780862531984857, 0.004329361891288103, 0.004005194995227859, -0.013202747561677164, 0.002554475153971765, 0.4317180582267397]",0.005346552555238644,0.01403137460976043,0.4317180582267397,0.573106050491333
a16205b9d98b41a6c1ab6272,4d56196d805cfa03,data/pick/reachcup_v0/run_0001,data/pick/reachcup_v0/run_0001/episode.h5,"[48, 56]",64,"[0.4526131660668137, 0.07925105925770452, 0.24358463570289363, 3.108070135116577, -0.0009463052847422659, -0.7949987649917603, 0.9339207075536251]","[0.0022579172070337217, 0.0021780862531984857, 0.004329361891288103, 0.004005194995227859, -0.013202747561677164, 0.002554475153971765, 0.4317180582267397]","[0.00038199567755964337, 0.001020860838777296, 0.0006200478755369332, 0.0008949541996621526, -0.001590205397297595, 0.001395049741390772, 0.0]",0.0012540083403953896,0.002296924031404127,0.0,0.49674367904663086
46d9153651ae89d6c057054f,4d56196d805cfa03,data/pick/reachcup_v0/run_0001,data/pick/reachcup_v0/run_0001/episode.h5,"[56, 64]",72,"[0.4529951617443733, 0.08027192009648182, 0.24420468357843056, 3.1098320484161377, -0.0014210278168320656, -0.7936050891876221, 0.9339207075536251]","[0.00038199567755964337, 0.001020860838777296, 0.0006200478755369332, 0.0008949541996621526, -0.001590205397297595, 0.001395049741390772, 0.0]","[7.359139686580196e-06, -1.8595570444493448e-05, 5.387926820255018e-07, 6.254972855278468e-05, -2.174443339830745e-05, -0.00012568299045782178, 0.0]",2.0006060947545924e-05,0.00014206161697045898,0.0,0.3758710026741028
4b03b5077d4dec6ec6f7c8b6,578f41f9b4bb3ee9,data/pick/reachliftcup_v0/run_0001,data/pick/reachliftcup_v0/run_0001/episode.h5,"[0, 8]",16,"[0.44125665241389367, 0.07079983086860699, 0.33734495611296533, -3.1032350063323975, -0.028781717643141747, -0.8116641044616699, 0.4977973401546478]","[-0.000119854714696499, 0.0007272788782166778, -1.971521584936964e-05, -0.0003300702782533582, 4.058446460453169e-06, 0.001634209071419443, -0.4361233673989773]","[0.0007406097614316431, 0.004441024503211793, -0.012117249050267065, -0.0065280927336852455, 0.014944695935252161, 0.009504154969779756, -0.49779735067311437]",0.012926674978626694,0.018875616361494683,0.49779735067311437,0.6778772473335266
8bc87b098457244a321e3495,578f41f9b4bb3ee9,data/pick/reachliftcup_v0/run_0001,data/pick/reachliftcup_v0/run_0001/episode.h5,"[8, 16]",24,"[0.4419972621753253, 0.07524085537181878, 0.32522770706269827, -3.1185734272003174, -0.023227505385875702, -0.8017123341560364, -1.0518466542208671e-08]","[0.0007406097614316431, 0.004441024503211793, -0.012117249050267065, -0.0065280927336852455, 0.014944695935252161, 0.009504154969779756, -0.49779735067311437]","[0.00681334193850841, -0.001006782941170986, -0.034757499131355674, -0.008113397239190714, 0.009724284337747413, -0.004060769384951798, 0.0]",0.035433303347668005,0.01329957776171969,0.0,0.8205210566520691
210bb28f100be7b108326110,578f41f9b4bb3ee9,data/pick/reachliftcup_v0/run_0001,data/pick/reachliftcup_v0/run_0001/episode.h5,"[16, 24]",32,"[0.4488106041138337, 0.0742340724306478, 0.2904702079313426, -3.131206512451172, -0.02229226566851139, -0.8054461479187012, -1.0518466542208671e-08]","[0.00681334193850841, -0.001006782941170986, -0.034757499131355674, -0.008113397239190714, 0.009724284337747413, -0.004060769384951798, 0.0]","[0.002360323611093673, 0.0011139191616932748, -0.040491954883675185, -0.010244916036671893, 0.019924443827973093, 0.0032285522641718836, 0.0]",0.040575982474235425,0.022635487981817432,0.0,0.8157393932342529
95aab2d6a8ba563d266e91c7,578f41f9b4bb3ee9,data/pick/reachliftcup_v0/run_0001,data/pick/reachliftcup_v0/run_0001/episode.h5,"[24, 32]",40,"[0.4511709277249274, 0.07534799159234107, 0.2499782530476674, 3.1305110454559326, -0.015870973467826843, -0.8017058968544006, -1.0518466542208671e-08]","[0.002360323611093673, 0.0011139191616932748, -0.040491954883675185, -0.010244916036671893, 0.019924443827973093, 0.0032285522641718836, 0.0]","[-0.001222381260349903, -9.439355230614344e-05, -0.01332441566804482, -0.004959249033411963, 0.0174374589149342, 0.0007426195311967341, 0.0]",0.013380701737323416,0.018144161820087767,0.0,0.7169029116630554
21dcb74016b6703008f49ccc,578f41f9b4bb3ee9,data/pick/reachliftcup_v0/run_0001,data/pick/reachliftcup_v0/run_0001/episode.h5,"[32, 40]",48,"[0.4499485464645775, 0.07525359804003492, 0.2366538373796226, 3.114532470703125, -0.0073048993945121765, -0.8007348775863647, -1.0518466542208671e-08]","[-0.001222381260349903, -9.439355230614344e-05, -0.01332441566804482, -0.004959249033411963, 0.0174374589149342, 0.0007426195311967341, 0.0]","[0.00020175395627269888, -0.0007357725958300199, -0.0003119540262686016, -4.525236592210107e-05, 0.0005349866689703386, -0.001725789744462382, 0.46255509642993686]",0.0008242458893748414,0.0018073762072930639,0.46255509642993686,0.505752682685852
398b67848fd1eecd4592f54d,578f41f9b4bb3ee9,data/pick/reachliftcup_v0/run_0001,data/pick/reachliftcup_v0/run_0001/episode.h5,"[40, 48]",56,"[0.4501503004208502, 0.0745178254442049, 0.236341883353354, 3.114116907119751, -0.0069649373181164265, -0.8024576902389526, 0.4625550859114703]","[0.00020175395627269888, -0.0007357725958300199, -0.0003119540262686016, -4.525236592210107e-05, 0.0005349866689703386, -0.001725789744462382, 0.46255509642993686]","[0.0019386550915973522, 0.00427495867022111, 0.003773921049760931, 0.004645126247089857, -0.010511734306517972, 0.005408564684499682, 0.4713656216421548]",0.006022967315709394,0.012701430152886216,0.4713656216421548,0.581540584564209
ab1a04b02ad619c8993c8b80,578f41f9b4bb3ee9,data/pick/reachliftcup_v0/run_0001,data/pick/reachliftcup_v0/run_0001/episode.h5,"[48, 56]",64,"[0.45208895551244754, 0.07879278411442601, 0.24011580440311492, 3.124904155731201, -0.010929492302238941, -0.7971212267875671, 0.9339207075536251]","[0.0019386550915973522, 0.00427495867022111, 0.003773921049760931, 0.004645126247089857, -0.010511734306517972, 0.005408564684499682, 0.4713656216421548]","[0.0005132547810908772, 0.0008595773331014772, 0.002013200255028602, 0.001634160160752423, -0.0055778126983014875, 0.0014995993443053211, 0.008810569039162441]",0.0022483947448661504,0.0060026054444519885,0.008810569039162441,0.4906262159347534
32632fed6dc0cec1bccebf48,578f41f9b4bb3ee9,data/pick/reachliftcup_v0/run_0001,data/pick/reachliftcup_v0/run_0001/episode.h5,"[56, 64]",72,"[0.4526022102935384, 0.07965236144752749, 0.24212900465814352, 3.1300365924835205, -0.01365796010941267, -0.7956801652908325, 0.9427312765927875]","[0.0005132547810908772, 0.0008595773331014772, 0.002013200255028602, 0.001634160160752423, -0.0055778126983014875, 0.0014995993443053211, 0.008810569039162441]","[-0.0020941872853085797, -0.0038992427540011643, 0.01074050364634277, -0.0007586869854908453, 0.012131204993213629, -0.008428657528283286, 0.008810574517530534]",0.011616717824656026,0.014791349102039712,0.008810574517530534,0.6243817806243896
0100a03e8dd2e40a0785defb,578f41f9b4bb3ee9,data/pick/reachliftcup_v0/run_0001,data/pick/reachliftcup_v0/run_0001/episode.h5,"[64, 72]",80,"[0.45050802300822984, 0.07575311869352633, 0.2528695083044863, 3.120839834213257, -0.0057100215926766396, -0.8040151596069336, 0.9515418511103181]","[-0.0020941872853085797, -0.0038992427540011643, 0.01074050364634277, -0.0007586869854908453, 0.012131204993213629, -0.008428657528283286, 0.008810574517530534]","[-0.0057310219369082205, 0.001266116720372648, 0.04335615038366952, 0.001774789681858215, 0.015940804032147593, 0.0030729332062371883, 0.0]",0.0437516107141474,0.016331014362131906,0.0,0.9269172549247742
501f541db8653dc82948450d,578f41f9b4bb3ee9,data/pick/reachliftcup_v0/run_0001,data/pick/reachliftcup_v0/run_0001/episode.h5,"[72, 80]",88,"[0.4447770010713216, 0.07701923541389898, 0.2962256586881558, 3.110591411590576, 0.006628131959587336, -0.8009610772132874, 0.9515418511103181]","[-0.0057310219369082205, 0.001266116720372648, 0.04335615038366952, 0.001774789681858215, 0.015940804032147593, 0.0030729332062371883, 0.0]","[-0.0036668224348681555, 0.007364000989043121, 0.07692314314848703, -0.005389319083494234, 0.051999846007125816, 0.012290636498885286, 0.0]",0.07736177382388609,0.05370371021164408,0.0,1.0421744585037231
ed1fcc77e1dc2bc191674948,578f41f9b4bb3ee9,data/pick/reachliftcup_v0/run_0001,data/pick/reachliftcup_v0/run_0001/episode.h5,"[80, 88]",96,"[0.44111017863645346, 0.0843832364029421, 0.37314880183664284, 3.0694823265075684, 0.03894020617008209, -0.7894670963287354, 0.9515418511103181]","[-0.0036668224348681555, 0.007364000989043121, 0.07692314314848703, -0.005389319083494234, 0.051999846007125816, 0.012290636498885286, 0.0]","[0.011662710492997552, 0.0026094368048237976, 0.0777611944655272, 0.004965179639346146, -0.02264666565990603, -0.0003387095359548616, 0.0]",0.07867421014021929,0.02318704807672359,0.0,1.0344692468643188
2c6fab83ad133fb32e174d27,ce2788f36ba5f5a6,data/pick/reachliftcup_v1/run_0001,data/pick/reachliftcup_v1/run_0001/episode.h5,"[0, 8]",16,"[0.4412631587613859, 0.07006220728911045, 0.33547670322789985, -3.1068756580352783, -0.0268111489713192, -0.8130688667297363, -1.0518466542208671e-08]","[-2.8839540652858542e-05, 0.00014971290640054813, -0.0013841302064743766, -0.0009638857002763564, 0.0030195341999319503, 0.0003429346739278633, 0.0]","[0.0004235309396492526, 0.003989239756505267, -0.012870637755763525, -0.007183641302863377, 0.01841586577567922, 0.008609587735805857, 0.0]",0.013481347430127596,0.021560932623997886,0.0,0.648794949054718
2f7aa5159823ac1992a0b217,ce2788f36ba5f5a6,data/pick/reachliftcup_v1/run_0001,data/pick/reachliftcup_v1/run_0001/episode.h5,"[8, 16]",24,"[0.44168668970103514, 0.07405144704561571, 0.3226060654721363, -3.125192880630493, -0.019367847591638565, -0.803970217704773, -1.0518466542208671e-08]","[0.0004235309396492526, 0.003989239756505267, -0.012870637755763525, -0.007183641302863377, 0.01841586577567922, 0.008609587735805857, 0.0]","[0.006454574964825099, -4.469619436635319e-05, -0.034036356835575876, -0.007699201383710645, 0.007853970246057829, -0.001729964767928538, 0.0]",0.0346429952856994,0.011133522743101917,0.0,0.757588267326355
f2e7b15ed73f3a6fee206933,ce2788f36ba5f5a6,data/pick/reachliftcup_v1/run_0001,data/pick/reachliftcup_v1/run_0001/episode.h5,"[16, 24]",32,"[0.44814126466586024, 0.07400675085124936, 0.28856970863656045, -3.136192798614502, -0.01946132630109787, -0.8054563999176025, -1.0518466542208671e-08]","[0.006454574964825099, -4.469619436635319e-05, -0.034036356835575876, -0.007699201383710645, 0.007853970246057829, -0.001729964767928538, 0.0]","[0.001803782562247891, 0.0017464936432327605, -0.040622547071069215, -0.010461676603416304, 0.021102945654391192, 0.004896336322333253, 0.0]",0.040700063908045106,0.024057329486625405,0.0,0.78011155128479
d660088a1af5fc0da379a931,ce2788f36ba5f5a6,data/pick/reachliftcup_v1/run_0001,data/pick/reachliftcup_v1/run_0001/episode.h5,"[24, 32]",40,"[0.44994504722810813, 0.07575324449448212, 0.24794716156549124, 3.124525785446167, -0.012380285188555717, -0.8000919818878174, -1.0518466542208671e-08]","[0.001803782562247891, 0.0017464936432327605, -0.040622547071069215, -0.010461676603416304, 0.021102945654391192, 0.004896336322333253, 0.0]","[-0.00154097573318418, -0.0001687949327499605, -0.014758152986311307, -0.005453552104925853, 0.019145919508312126, 0.000803690477597136, 0.00440530917223747]",0.014839345588904988,0.01992368898481625,0.00440530917223747,0.6980020999908447
168e5be3a983d45a58b235bf,ce2788f36ba5f5a6,data/pick/reachliftcup_v1/run_0001,data/pick/reachliftcup_v1/run_0001/episode.h5,"[32, 40]",48,"[0.44840407149492395, 0.07558444956173216, 0.23318900857917993, 3.1069915294647217, -0.002952981973066926, -0.7991016507148743, 0.004405298653770928]","[-0.00154097573318418, -0.0001687949327499605, -0.014758152986311307, -0.005453552104925853, 0.019145919508312126, 0.000803690477597136, 0.00440530917223747]","[2.6806631936993064e-05, -0.0014124663371901797, -0.0009742688596310889, -0.00042797752570147753, 0.0020744573729800653, -0.003089298269067648, 0.511013190535938]",0.001716094274816541,0.0037457044664630547,0.511013190535938,0.5343722701072693
69cfec59932a159f544243f0,ce2788f36ba5f5a6,data/pick/reachliftcup_v1/run_0001,data/pick/reachliftcup_v1/run_0001/episode.h5,"[40, 48]",56,"[0.44843087812686094, 0.07417198322454198, 0.23221473971954884, 3.105206251144409, -0.0018130970420315862, -0.8021862506866455, 0.5154184891897089]","[2.6806631936993064e-05, -0.0014124663371901797, -0.0009742688596310889, -0.00042797752570147753, 0.0020744573729800653, -0.003089298269067648, 0.511013190535938]","[0.0018759713800670097, 0.002883430625377423, 0.004112554558331177, 0.004185219777139969, -0.01072076685194534, 0.0031023792919892238, 0.4185022183639162]",0.005361580530538127,0.011919549645355612,0.4185022183639162,0.506644070148468
71dc83b3763d57b296f2eae0,ce2788f36ba5f5a6,data/pick/reachliftcup_v1/run_0001,data/pick/reachliftcup_v1/run_0001/episode.h5,"[48, 56]",64,"[0.45030684950692795, 0.0770554138499194, 0.23632729427788002, 3.1158225536346436, -0.0062567866407334805, -0.7991042733192444, 0.9339207075536251]","[0.0018759713800670097, 0.002883430625377423, 0.004112554558331177, 0.004185219777139969, -0.01072076685194534, 0.0031023792919892238, 0.4185022183639162]","[0.0008716801710302868, 0.0012897071757444895, 0.0021347727703329433, 0.0018040262457867464, -0.00578026392937514, 0.0021059828370739767, 0.013215856297927764]",0.002642049526539805,0.006411015949034358,0.013215856297927764,0.45212799310684204
44c93d9ac4e2e9b3bc0dd497,ce2788f36ba5f5a6,data/pick/reachliftcup_v1/run_0001,data/pick/reachliftcup_v1/run_0001/episode.h5,"[56, 64]",72,"[0.45117852967795824, 0.07834512102566389, 0.23846206704821296, 3.1212236881256104, -0.008994556963443756, -0.7970342636108398, 0.9471365638515529]","[0.0008716801710302868, 0.0012897071757444895, 0.0021347727703329433, 0.0018040262457867464, -0.00578026392937514, 0.0021059828370739767, 0.013215856297927764]","[-0.0018050645473112192, -0.001169208505466604, 0.01119136637337173, 0.00027558282369531044, 0.007524914282095896, -0.002700463036322258, 0.004405287258765211]",0.011396139164306955,0.007999548828287099,0.004405287258765211,0.6106507182121277
4d00056cc4f9fd7a4d0dbaf4,ce2788f36ba5f5a6,data/pick/reachliftcup_v1/run_0001,data/pick/reachliftcup_v1/run_0001/episode.h5,"[64, 72]",80,"[0.449373465130647, 0.07717591252019729, 0.2496534334215847, 3.1160337924957275, -0.0035386988893151283, -0.7997032403945923, 0.9515418511103181]","[-0.0018050645473112192, -0.001169208505466604, 0.01119136637337173, 0.00027558282369531044, 0.007524914282095896, -0.002700463036322258, 0.004405287258765211]","[-0.005824658805231753, 0.0008906842484958655, 0.04332398787596825, 0.0013379690645364678, 0.017762199935145384, 0.0022067681794853433, 0.0]",0.04372285322465731,0.017948697266145095,0.0,0.8018643856048584
5cdfb9ca226d511058292073,ce2788f36ba5f5a6,data/pick/reachliftcup_v1/run_0001,data/pick/reachliftcup_v1/run_0001/episode.h5,"[72, 80]",88,"[0.44354880632541527, 0.07806659676869315, 0.29297742129755294, 3.1042277812957764, 0.009799488820135593, -0.797545313835144, 0.9515418511103181]","[-0.005824658805231753, 0.0008906842484958655, 0.04332398787596825, 0.0013379690645364678, 0.017762199935145384, 0.0022067681794853433, 0.0]","[-0.003906779399700688, 0.007255737922791244, 0.0735930027113394, -0.006876831902368204, 0.052410554705522916, 0.012929274053296275, 0.0]",0.07405294529020007,0.054418041025925214,0.0,0.9356918334960938
a565171725d0df0df5da8c9e,ce2788f36ba5f5a6,data/pick/reachliftcup_v1/run_0001,data/pick/reachliftcup_v1/run_0001/episode.h5,"[80, 88]",96,"[0.4396420269257146, 0.0853223346914844, 0.36657042400889234, 3.061892032623291, 0.04147165268659592, -0.7855212688446045, 0.9515418511103181]","[-0.003906779399700688, 0.007255737922791244, 0.0735930027113394, -0.006876831902368204, 0.052410554705522916, 0.012929274053296275, 0.0]","[0.012180127424385179, 0.002942039759406656, 0.07992695200761474, 0.004048579890584898, -0.0212540191528654, -4.166981070984326e-05, 0.0]",0.08090320611229038,0.02163622115005165,0.0,0.9402768015861511
68021ddd4c727f650e6887a5,a2c55ca656232a4b,data/push/brownboxpush_v0/run_0001,data/push/brownboxpush_v0/run_0001/episode.h5,"[0, 8]",16,"[0.645847000533781, 0.048193242864250245, 0.2468815896528847, 3.0736169815063477, -0.02047651819884777, -1.5909560918807983, -1.0518466542208671e-08]","[-8.547788861801298e-05, -8.857639392156891e-05, -0.000873028381177976, -0.0003942782498185822, 0.0013084271686867321, 0.00033209201316927603, 0.0]","[-0.002007566391160842, -0.0005313137493707445, -0.0009054896310707328, -0.005646444750607252, 0.02439383189028299, 0.0018219902933950002, 0.0]",0.00226550846106687,0.025104999925159795,0.0,0.4035230278968811
8018aa1f0c8ede8b01b4d568,a2c55ca656232a4b,data/push/brownboxpush_v0/run_0001,data/push/brownboxpush_v0/run_0001/episode.h5,"[8, 16]",24,"[0.6438394341426201, 0.0476619291148795, 0.24597610002181397, 3.049333333969116, -0.026605801656842232, -1.5884935855865479, -1.0518466542208671e-08]","[-0.002007566391160842, -0.0005313137493707445, -0.0009054896310707328, -0.005646444750607252, 0.02439383189028299, 0.0018219902933950002, 0.0]","[0.0026836715866643823, -0.009541945291576558, -0.004519221883053315, -0.021516976104174947, 0.004259785428756713, 0.0006187629140730327, 0.0]",0.010893767923027263,0.02194331105623114,0.0,0.47299325466156006
e6e84a9feb9a87d827ca0342,a2c55ca656232a4b,data/push/brownboxpush_v0/run_0001,data/push/brownboxpush_v0/run_0001/episode.h5,"[16, 24]",32,"[0.6465231057292845, 0.03811998382330294, 0.24145687813876066, 3.045450448989868, -0.048194412142038345, -1.5876837968826294, -1.0518466542208671e-08]","[0.0026836715866643823, -0.009541945291576558, -0.004519221883053315, -0.021516976104174947, 0.004259785428756713, 0.0006187629140730327, 0.0]","[0.0009927550278476804, -0.016008471458104582, -0.0018854599166041042, -0.021111797019833286, 0.0009238757983385248, -0.009078971739962867, 0.0]",0.016149665014091985,0.0229997662543001,0.0,0.6304016709327698
8d863d04e1657d8deeba06e6,a2c55ca656232a4b,data/push/brownboxpush_v0/run_0001,data/push/brownboxpush_v0/run_0001/episode.h5,"[24, 32]",40,"[0.6475158607571322, 0.02211151236519836, 0.23957141822215655, 3.044881820678711, -0.06931878626346588, -1.5967196226119995, -1.0518466542208671e-08]","[0.0009927550278476804, -0.016008471458104582, -0.0018854599166041042, -0.021111797019833286, 0.0009238757983385248, -0.009078971739962867, 0.0]","[0.0004184641739781725, -0.014311865668190846, -0.00039197004303309635, -0.04440462343886279, -0.0006551069234741469, 0.02137819912663983, 0.0]",0.014323346385669742,0.049287190483194014,0.0,0.6433610916137695
b58ed3abed658ffc068979a3,a2c55ca656232a4b,data/push/brownboxpush_v0/run_0001,data/push/brownboxpush_v0/run_0001/episode.h5,"[32, 40]",48,"[0.6479343249311104, 0.0077996466970075146, 0.23917944817912346, 3.046699047088623, -0.11369135975837708, -1.5755220651626587, -1.0518466542208671e-08]","[0.0004184641739781725, -0.014311865668190846, -0.00039197004303309635, -0.04440462343886279, -0.0006551069234741469, 0.02137819912663983, 0.0]","[-0.0005535817657257303, -0.037816937664829436, -0.001194650945406217, -0.05936628777277389, 0.002018347487751093, -0.006852912053576285, 0.0]",0.03783985224598927,0.05979458381923203,0.0,0.7517637610435486
baf10d30af3900f5dc9e8af5,a2c55ca656232a4b,data/push/brownboxpush_v0/run_0001,data/push/brownboxpush_v0/run_0001/episode.h5,"[40, 48]",56,"[0.6473807431653846, -0.030017290967821925, 0.23798479723371724, 3.0449347496032715, -0.17306624352931976, -1.582062840461731, -1.0518466542208671e-08]","[-0.0005535817657257303, -0.037816937664829436, -0.001194650945406217, -0.05936628777277389, 0.002018347487751093, -0.006852912053576285, 0.0]","[-0.0037676683134663103, -0.04806065680634325, -0.0015669151420424354, -0.07468248921093928, 0.008079549972100697, -0.007998026975811846, 0.0]",0.048233570054887785,0.07554284716635686,0.0,0.8185392022132874
3bd3539182cb38f2c18c46ce,a2c55ca656232a4b,data/push/brownboxpush_v0/run_0001,data/push/brownboxpush_v0/run_0001/episode.h5,"[48, 56]",64,"[0.6436130748519183, -0.07807794777416517, 0.2364178820916748, 3.037468194961548, -0.2478281557559967, -1.588198184967041, -1.0518466542208671e-08]","[-0.0037676683134663103, -0.04806065680634325, -0.0015669151420424354, -0.07468248921093928, 0.008079549972100697, -0.007998026975811846, 0.0]","[-0.007258944886243568, -0.053397327283041876, 0.0007733748241758875, -0.0718766600862501, 0.005432164808798934, -0.01792109997836585, 0.0]",0.05389401590578011,0.07427602913523902,0.0,0.9049690365791321
6ab3e47a1544518e1bba5299,a2c55ca656232a4b,data/push/brownboxpush_v0/run_0001,data/push/brownboxpush_v0/run_0001/episode.h5,"[56, 64]",72,"[0.6363541299656748, -0.13147527505720705, 0.2371912569158507, 3.0330631732940674, -0.31978535652160645, -1.6046897172927856, -1.0518466542208671e-08]","[-0.007258944886243568, -0.053397327283041876, 0.0007733748241758875, -0.0718766600862501, 0.005432164808798934, -0.01792109997836585, 0.0]","[-0.003694950152887788, -0.0335109930052957, -0.0017391530427967594, -0.031994440172982516, -0.011844098471061937, -0.01652884068513837, 0.0]",0.03375890937426107,0.03790949017026547,0.0,0.7701430916786194
51379efe31daa82b666300e2,a2c55ca656232a4b,data/push/brownboxpush_v0/run_0001,data/push/brownboxpush_v0/run_0001/episode.h5,"[64, 72]",80,"[0.632659179812787, -0.16498626806250274, 0.23545210387305393, 3.0468251705169678, -0.35132965445518494, -1.6259404420852661, -1.0518466542208671e-08]","[-0.003694950152887788, -0.0335109930052957, -0.0017391530427967594, -0.031994440172982516, -0.011844098471061937, -0.01652884068513837, 0.0]","[0.002762753636853743, 0.01515402787459419, -0.00101324152051957, 0.030928585819526393, -0.000552315930219871, 0.0006982542434753169, 0.0]",0.015437099042917068,0.030941396747256173,0.0,0.4952484369277954
993d7693d5455a292b878221,a2c55ca656232a4b,data/push/brownboxpush_v0/run_0001,data/push/brownboxpush_v0/run_0001/episode.h5,"[72, 80]",88,"[0.6354219334496407, -0.14983224018790856, 0.23443886235253436, 3.0456104278564453, -0.3204174041748047, -1.6248332262039185, -1.0518466542208671e-08]","[0.002762753636853743, 0.01515402787459419, -0.00101324152051957, 0.030928585819526393, -0.000552315930219871, 0.0006982542434753169, 0.0]","[0.01160492284917769, 0.07974249729427076, 0.0003067292632282781, 0.12714144253141613, -0.01162995364675834, 0.017934470476428918, 0.0]",0.08058308874635588,0.12892574398491963,0.0,0.8785909414291382
e941de0aa909238bbbd3ea7e,a2c55ca656232a4b,data/push/brownboxpush_v0/run_0001,data/push/brownboxpush_v0/run_0001/episode.h5,"[80, 88]",96,"[0.6470268562988184, -0.0700897428936378, 0.23474559161576264, 3.0504651069641113, -0.1928342580795288, -1.6073931455612183, -1.0518466542208671e-08]","[0.01160492284917769, 0.07974249729427076, 0.0003067292632282781, 0.12714144253141613, -0.01162995364675834, 0.017934470476428918, 0.0]","[0.0024162496985685733, 0.0939123206913303, 0.003284976106913917, 0.0983339800648817, 0.0029531291175690644, 0.06591340871789655, 0.0]",0.09400081546593143,0.11841819985035268,0.0,0.9225364923477173
3914e3286d238037b8aebb33,a2c55ca656232a4b,data/push/brownboxpush_v0/run_0001,data/push/brownboxpush_v0/run_0001/episode.h5,"[88, 96]",104,"[0.649443105997387, 0.023822577797692503, 0.23803056772267656, 3.0438923835754395, -0.09467119723558426, -1.540682315826416, -1.0518466542208671e-08]","[0.0024162496985685733, 0.0939123206913303, 0.003284976106913917, 0.0983339800648817, 0.0029531291175690644, 0.06591340871789655, 0.0]","[-0.0009599719420494424, 0.027266752516359603, 0.0011641428511499907, 0.010268147945957302, -0.0018535519473341644, 0.037199990534203906, 0.0]",0.027308470618030014,0.03863560291759912,0.0,0.7526805400848389
336ddf8edde390d38c7e4ee3,a2c55ca656232a4b,data/push/brownboxpush_v0/run_0001,data/push/brownboxpush_v0/run_0001/episode.h5,"[96, 104]",112,"[0.6484831340553375, 0.051089330314052106, 0.23919471057382655, 3.0460619926452637, -0.08446331322193146, -1.503666877746582, -1.0518466542208671e-08]","[-0.0009599719420494424, 0.027266752516359603, 0.0011641428511499907, 0.010268147945957302, -0.0018535519473341644, 0.037199990534203906, 0.0]","[0.0003873231357873763, -0.005595975825868842, -0.00021691934504772248, -0.0036060352539624037, 5.034312999252499e-05, -0.008102977244576546, 0.0]",0.005613556685157866,0.008869287734067626,0.0,0.43053629994392395
bca5b74915764134c33282c8,28f627f9f9a256ce,data/push/push_various_objects/blue_bowl,data/push/push_various_objects/blue_bowl/episode.h5,"[0, 8]",16,"[0.3523932618681959, 0.11851591884824612, 0.3125202954156902, 3.1193959712982178, 0.07184809446334839, -0.019494526088237762, -1.0518466542208671e-08]","[0.0026029797131698063, 0.0005597363229120356, -0.0011592706881919934, 0.00549898192315546, -0.018290284482652908, -6.807694658584685e-05, 0.0]","[0.006708281277806982, 0.0019404168976715624, -0.018706285649295273, 0.004864975501016943, -0.012455014152288557, 0.005578156844022446, 0.0]",0.019967257654269283,0.014488312459900834,0.0,0.7243409752845764
66f4f0897673ef08d89a6a35,28f627f9f9a256ce,data/push/push_various_objects/blue_bowl,data/push/push_various_objects/blue_bowl/episode.h5,"[8, 16]",24,"[0.3591015431460029, 0.12045633574591769, 0.29381400976639493, 3.124511480331421, 0.05948934331536293, -0.013550377450883389, -1.0518466542208671e-08]","[0.006708281277806982, 0.0019404168976715624, -0.018706285649295273, 0.004864975501016943, -0.012455014152288557, 0.005578156844022446, 0.0]","[0.013172252674665208, 0.004087073805372737, -0.04698134814438462, 0.022683269648848554, -0.035658892111225304, 0.0035254725389785822, 0.0]",0.04896385898067738,0.042408917283815115,0.0,0.8882631659507751
9a6d1d23c745dd47ae74c8f4,28f627f9f9a256ce,data/push/push_various_objects/blue_bowl,data/push/push_various_objects/blue_bowl/episode.h5,"[16, 24]",32,"[0.3722737958206681, 0.12454340955129042, 0.2468326616220103, -3.135517120361328, 0.0241251103579998, -0.008652384392917156, -1.0518466542208671e-08]","[0.013172252674665208, 0.004087073805372737, -0.04698134814438462, 0.022683269648848554, -0.035658892111225304, 0.0035254725389785822, 0.0]","[0.014495889399387174, -0.004128275908233406, -0.03588177312463553, -0.0004945911144957117, 0.009818533337936364, 0.000434649782637351, 0.0]",0.038918827243656536,0.009840586248402713,0.0,0.9032050371170044
c8547011fa78dc76ad468cc0,28f627f9f9a256ce,data/push/push_various_objects/blue_bowl,data/push/push_various_objects/blue_bowl/episode.h5,"[24, 32]",40,"[0.3867696852200553, 0.12041513364305702, 0.21095088849737478, -3.136096954345703, 0.03393899276852608, -0.008232138119637966, -1.0518466542208671e-08]","[0.014495889399387174, -0.004128275908233406, -0.03588177312463553, -0.0004945911144957117, 0.009818533337936364, 0.000434649782637351, 0.0]","[0.01748185655661383, -0.008088879812684482, -0.00393890895234264, -0.007458920861374597, -0.0067585312505515915, -0.0061756988801188835, 0.0]",0.019661136514070632,0.011809000878094354,0.0,0.8431503772735596
10333511d7d8f8bde54deaf0,28f627f9f9a256ce,data/push/push_various_objects/blue_bowl,data/push/push_various_objects/blue_bowl/episode.h5,"[32, 40]",48,"[0.4042515417766691, 0.11232625383037254, 0.20701197954503214, 3.1396827697753906, 0.02711835876107216, -0.014659092761576176, -1.0518466542208671e-08]","[0.01748185655661383, -0.008088879812684482, -0.00393890895234264, -0.007458920861374597, -0.0067585312505515915, -0.0061756988801188835, 0.0]","[0.02501338171521217, 0.004996751641721475, 0.0009339796966161273, 0.010844373022405693, -0.0205441805263209, -0.00508139323886216, 0.0]",0.025524676489108493,0.02377991457081159,0.0,0.9388169050216675
df92e9e75b1f74a4cd990ebd,28f627f9f9a256ce,data/push/push_various_objects/blue_bowl,data/push/push_various_objects/blue_bowl/episode.h5,"[40, 48]",56,"[0.4292649234918813, 0.11732300547209401, 0.20794595924164827, -3.1323602199554443, 0.006733661983162165, -0.019440488889813423, -1.0518466542208671e-08]","[0.02501338171521217, 0.004996751641721475, 0.0009339796966161273, 0.010844373022405693, -0.0205441805263209, -0.00508139323886216, 0.0]","[0.03500444655385637, 0.001289490153010317, -0.005029664851720628, 0.0019174453527388484, -0.021967675343576687, -0.0002643967203534691, 0.0]",0.03538744963849658,0.022052783550093186,0.0,1.0906329154968262
649b064cf2f7654bbfb05288,28f627f9f9a256ce,data/push/push_various_objects/blue_bowl,data/push/push_various_objects/blue_bowl/episode.h5,"[48, 56]",64,"[0.46426937004573765, 0.11861249562510433, 0.20291629438992764, -3.130016326904297, -0.0151926064863801, -0.019693737849593163, -1.0518466542208671e-08]","[0.03500444655385637, 0.001289490153010317, -0.005029664851720628, 0.0019174453527388484, -0.021967675343576687, -0.0002643967203534691, 0.0]","[0.04150121035802046, -0.0028845290534775803, -0.0016533197636532382, -0.007233484958263886, -0.01605349403626244, -0.006964539967998573, 0.0]",0.04163417388734773,0.018935226229955457,0.0,1.172321081161499
e8fc010693d6fffce9bfad3f,28f627f9f9a256ce,data/push/push_various_objects/blue_bowl,data/push/push_various_objects/blue_bowl/episode.h5,"[56, 64]",72,"[0.5057705804037581, 0.11572796657162675, 0.2012629746262744, -3.136934757232666, -0.031385067850351334, -0.026555227115750313, -1.0518466542208671e-08]","[0.04150121035802046, -0.0028845290534775803, -0.0016533197636532382, -0.007233484958263886, -0.01605349403626244, -0.006964539967998573, 0.0]","[0.03586645955863266, -0.0013405173432650686, 0.0003965794419938107, -0.008053170402100917, 0.01865579456815225, -0.01666452303007013, 0.0]",0.03589369280629173,0.026279241851965802,0.0,1.1966276168823242
4d209880a01d2beafdbf9463,28f627f9f9a256ce,data/push/push_various_objects/blue_bowl,data/push/push_various_objects/blue_bowl/episode.h5,"[64, 72]",80,"[0.5416370399623908, 0.11438744922836168, 0.20165955406826822, 3.1377055644989014, -0.012948531657457352, -0.042955219745635986, -1.0518466542208671e-08]","[0.03586645955863266, -0.0013405173432650686, 0.0003965794419938107, -0.008053170402100917, 0.01865579456815225, -0.01666452303007013, 0.0]","[0.0056191015027003965, 0.0011449570339001625, -0.0009156829401004707, -0.00250958098641634, 0.004527515536524529, -0.004465943457335581, 0.0]",0.005807211340559112,0.006836742252342989,0.0,0.9309626817703247
3a4b64dc2d48ca5e00b86b02,28f627f9f9a256ce,data/push/push_various_objects/blue_bowl,data/push/push_various_objects/blue_bowl/episode.h5,"[72, 80]",88,"[0.5472561414650912, 0.11553240626226184, 0.20074387112816774, 3.1350038051605225, -0.008532911539077759, -0.04738646373152733, -1.0518466542208671e-08]","[0.0056191015027003965, 0.0011449570339001625, -0.0009156829401004707, -0.00250958098641634, 0.004527515536524529, -0.004465943457335581, 0.0]","[-0.06693549036897606, 0.00290731170172287, -0.007068119470166501, -0.020920083828925934, 0.06979935632261869, -0.048482088485920755, 0.0]",0.06737039887896469,0.08752207124158927,0.0,1.2339407205581665
bd436529d61d6ebd21281979,28f627f9f9a256ce,data/push/push_various_objects/blue_bowl,data/push/push_various_objects/blue_bowl/episode.h5,"[80, 88]",96,"[0.4803206510961151, 0.11843971796398471, 0.19367575165800124, 3.110809803009033, 0.060199618339538574, -0.09576346725225449, -1.0518466542208671e-08]","[-0.06693549036897606, 0.00290731170172287, -0.007068119470166501, -0.020920083828925934, 0.06979935632261869, -0.048482088485920755, 0.0]","[-0.0854096351601914, 0.003616815627997344, 0.013245879087536855, -0.025697909114568703, 0.04085618493661003, 0.034195319143978095, 0.0]",0.08650630292808481,0.05915175594852302,0.0,1.2334575653076172
bdb3ccb7b3d36f7ecafee934,28f627f9f9a256ce,data/push/push_various_objects/blue_bowl,data/push/push_various_objects/blue_bowl/episode.h5,"[88, 96]",104,"[0.3949110159359237, 0.12205653359198206, 0.2069216307455381, 3.0812008380889893, 0.09838549047708511, -0.06338899582624435, -1.0518466542208671e-08]","[-0.0854096351601914, 0.003616815627997344, 0.013245879087536855, -0.025697909114568703, 0.04085618493661003, 0.034195319143978095, 0.0]","[-0.017643252321972558, 0.0011678673519190663, 0.0325613814541007, -0.00037537759142519146, -0.061251847191097664, 0.011340973064094722, 0.0]",0.037052554957086585,0.062294039543910176,0.0,0.9703732132911682
4a523b1ae587661dd8b29abf,3f1921f562603f87,data/push/push_various_objects/blue_box,data/push/push_various_objects/blue_box/episode.h5,"[0, 8]",16,"[0.3522466136865705, 0.11834626383663482, 0.31264975079921287, 3.119002342224121, 0.07289072871208191, -0.01985934190452099, -1.0518466542208671e-08]","[0.0024247638480755507, 0.0004752622867541245, -0.0010327756671652533, 0.0051670633499857725, -0.01720737230323066, -0.00019390320711429364, 0.0]","[0.006658059075464684, 0.0018502834988416705, -0.018383955151504816, 0.004955279743291141, -0.012276089781345423, 0.0050895984716709955, 0.0]",0.01963983469103047,0.014183130481553103,0.0,0.7317015528678894
a6958d2e1d0f6ece1726df40,3f1921f562603f87,data/push/push_various_objects/blue_box,data/push/push_various_objects/blue_box/episode.h5,"[8, 16]",24,"[0.3589046727620352, 0.1201965473354765, 0.29426579564770805, 3.1242096424102783, 0.0607144758105278, -0.014391717500984669, -1.0518466542208671e-08]","[0.006658059075464684, 0.0018502834988416705, -0.018383955151504816, 0.004955279743291141, -0.012276089781345423, 0.0050895984716709955, 0.0]","[0.01353189453944259, 0.0038323213852943933, -0.046856944048672744, 0.022744302995190504, -0.037152409464710656, 0.0031118761134148396, 0.0]",0.0489221019847597,0.0436725156215645,0.0,0.8999583721160889
3b725a0ffae80c1b523ac08a,3f1921f562603f87,data/push/push_various_objects/blue_box,data/push/push_various_objects/blue_box/episode.h5,"[16, 24]",32,"[0.3724365673014778, 0.12402886872077089, 0.2474088515990353, -3.1357080936431885, 0.023876773193478584, -0.00987323746085167, -1.0518466542208671e-08]","[0.01353189453944259, 0.0038323213852943933, -0.046856944048672744, 0.022744302995190504, -0.037152409464710656, 0.0031118761134148396, 0.0]","[0.014093978232167681, -0.0033668448712461524, -0.03626236263935931, -8.058501279465974e-05, 0.010108640189722129, 0.0016818572186990768, 0.0]",0.03905041371079511,0.010247914135746978,0.0,0.9334120154380798
7a9b18d4465038cd29ccce85,3f1921f562603f87,data/push/push_various_objects/blue_box,data/push/push_various_objects/blue_box/episode.h5,"[24, 32]",40,"[0.38653054553364546, 0.12066202384952474, 0.211146488959676, -3.1358885765075684, 0.03398412466049194, -0.008196193724870682, -1.0518466542208671e-08]","[0.014093978232167681, -0.0033668448712461524, -0.03626236263935931, -8.058501279465974e-05, 0.010108640189722129, 0.0016818572186990768, 0.0]","[0.014161186494616562, -0.00648604106388212, -0.006117734992280882, -0.009863370323967644, 0.0018125581768440036, 0.000398320069697272, 0.0]",0.016734234761513703,0.010036438619853821,0.0,0.8824967741966248
2134c7819bf76f9aaf8aee63,3f1921f562603f87,data/push/push_various_objects/blue_box,data/push/push_various_objects/blue_box/episode.h5,"[32, 40]",48,"[0.400691732028262, 0.11417598278564262, 0.20502875396739512, 3.1374125480651855, 0.03571412339806557, -0.008133322931826115, -1.0518466542208671e-08]","[0.014161186494616562, -0.00648604106388212, -0.006117734992280882, -0.009863370323967644, 0.0018125581768440036, 0.000398320069697272, 0.0]","[0.003974969608720735, 0.001951479448004237, -0.015795657027130178, -0.0026657143386299414, 0.031442363326055656, -0.002915849069295976, 0.0]",0.016404616312031297,0.03168959482634294,0.0,0.8297096490859985
98136ca274f116d8e5c1915e,3f1921f562603f87,data/push/push_various_objects/blue_box,data/push/push_various_objects/blue_box/episode.h5,"[40, 48]",56,"[0.40466670163698276, 0.11612746223364685, 0.18923309694026494, 3.134485960006714, 0.06713361293077469, -0.011157709173858166, -1.0518466542208671e-08]","[0.003974969608720735, 0.001951479448004237, -0.015795657027130178, -0.0026657143386299414, 0.031442363326055656, -0.002915849069295976, 0.0]","[0.04552229148614617, 0.00341578395003074, -0.00018657115436476746, 0.009987765008669366, -0.04375587446695883, -0.004552994184686229, 0.0]",0.045650645241207544,0.045111658762258415,0.0,1.2026234865188599
c69d0d58eb524adb6986bab9,3f1921f562603f87,data/push/push_various_objects/blue_box,data/push/push_various_objects/blue_box/episode.h5,"[48, 56]",64,"[0.45018899312312893, 0.11954324618367759, 0.18904652578590017, -3.138230800628662, 0.023488221690058708, -0.015017860569059849, -1.0518466542208671e-08]","[0.04552229148614617, 0.00341578395003074, -0.00018657115436476746, 0.009987765008669366, -0.04375587446695883, -0.004552994184686229, 0.0]","[0.05436606053490317, -0.003610118506899393, 0.011195669440116657, 9.002343278144073e-05, -0.05166084774325275, -0.014091888278283676, 0.0]",0.05562413601963608,0.053548413692822136,0.0,1.2799021005630493
2e878170ab8ca535eb79586d,3f1921f562603f87,data/push/push_various_objects/blue_box,data/push/push_various_objects/blue_box/episode.h5,"[56, 64]",72,"[0.5045550536580321, 0.1159331276767782, 0.20024219522601683, -3.1373651027679443, -0.028165452182292938, -0.029109448194503784, -1.0518466542208671e-08]","[0.05436606053490317, -0.003610118506899393, 0.011195669440116657, 9.002343278144073e-05, -0.05166084774325275, -0.014091888278283676, 0.0]","[0.03487601586900557, -0.0008375025869244712, -0.00046667844267961334, -0.008440924788669955, 0.020030864324946496, -0.015324894089418426, 0.0]",0.03488919148170527,0.026595810116337666,0.0,1.2281887531280518
090b5c0950e7c8485f00e485,3f1921f562603f87,data/push/push_various_objects/blue_box,data/push/push_various_objects/blue_box/episode.h5,"[64, 72]",80,"[0.5394310695270377, 0.11509562508985373, 0.19977551678333721, 3.136801242828369, -0.008387601934373379, -0.04418496415019035, -1.0518466542208671e-08]","[0.03487601586900557, -0.0008375025869244712, -0.00046667844267961334, -0.008440924788669955, 0.020030864324946496, -0.015324894089418426, 0.0]","[0.006718361617918167, 0.001538458684973737, -0.0004690494569761505, -0.0022443811744036575, 0.0030630058273239946, -0.0027403528168156296, 0.0]",0.006908201310585611,0.004682818074073307,0.0,0.8686240911483765
72d682d3c8c9182e8c1a5ef9,3f1921f562603f87,data/push/push_various_objects/blue_box,data/push/push_various_objects/blue_box/episode.h5,"[72, 80]",88,"[0.5461494311449558, 0.11663408377482747, 0.19930646732636106, 3.1344237327575684, -0.0054266974329948425, -0.046905457973480225, -1.0518466542208671e-08]","[0.006718361617918167, 0.001538458684973737, -0.0004690494569761505, -0.0022443811744036575, 0.0030630058273239946, -0.0027403528168156296, 0.0]","[-0.06613651280185062, 0.002198901875364076, -0.00556161441236247, -0.02060880168022499, 0.06682292231548437, -0.04784339050999683, 0.0]",0.06640636302282056,0.08472907215925451,0.0,1.255275011062622
610a5f8bf0afe66ba3a6f149,3f1921f562603f87,data/push/push_various_objects/blue_box,data/push/push_various_objects/blue_box/episode.h5,"[80, 88]",96,"[0.4800129183431052, 0.11883298565019154, 0.1937448529139986, 3.110708713531494, 0.06035793945193291, -0.09471164643764496, -1.0518466542208671e-08]","[-0.06613651280185062, 0.002198901875364076, -0.00556161441236247, -0.02060880168022499, 0.06682292231548437, -0.04784339050999683, 0.0]","[-0.0836709054091927, 0.0031909751233753364, 0.012709075267471587, -0.025216447923556654, 0.04056882360340097, 0.032743455248805946, 0.0]",0.08469075113839958,0.05791228329185326,0.0,1.2524614334106445
a8b8415ada36be2ae2e4a274,3f1921f562603f87,data/push/push_various_objects/blue_box,data/push/push_various_objects/blue_box/episode.h5,"[88, 96]",104,"[0.3963420129339125, 0.12202396077356688, 0.20645392818147018, 3.081648588180542, 0.0983351394534111, -0.06376057118177414, -1.0518466542208671e-08]","[-0.0836709054091927, 0.0031909751233753364, 0.012709075267471587, -0.025216447923556654, 0.04056882360340097, 0.032743455248805946, 0.0]","[-0.019052303175559893, 0.0011400385529280604, 0.03349588378013085, -0.0008927120623479865, -0.06215787414868834, 0.011854283450930078, 0.0]",0.03855209688729842,0.06328445535552499,0.0,0.9957479238510132
1117ef971e96a9ebd5c3360f,58e4ddbc318fd761,data/push/push_various_objects/cap,data/push/push_various_objects/cap/episode.h5,"[0, 8]",16,"[0.3511887941800567, 0.11781995615560031, 0.3126398498035112, 3.11765456199646, 0.07474307715892792, -0.01903490535914898, 0.5594713617773617]","[0.0015147920596368936, 0.00017107681233470562, -0.000958776964679553, 0.004099442968408109, -0.015245953283542724, 0.0001889246447512754, -0.4361233519910671]","[0.006640336229970678, 0.0019334408802977876, -0.01851290756438745, 0.0050971953575661795, -0.010928437364787769, 0.004926903141431279, -0.5594713722958282]",0.01976259105917597,0.013026377789482733,0.5594713722958282,0.7547439932823181
63f8c4b5504fc290e7f31e1a,58e4ddbc318fd761,data/push/push_various_objects/cap,data/push/push_various_objects/cap/episode.h5,"[8, 16]",24,"[0.3578291304100274, 0.1197533970358981, 0.2941269422391238, 3.122969388961792, 0.06391258537769318, -0.01371197309345007, -1.0518466542208671e-08]","[0.006640336229970678, 0.0019334408802977876, -0.01851290756438745, 0.0050971953575661795, -0.010928437364787769, 0.004926903141431279, -0.5594713722958282]","[0.014144580927073103, 0.004228461570948999, -0.04532554165331035, 0.02383769298906088, -0.04026758745345482, 0.0028606788768419066, 0.0]",0.047669212108293585,0.046881741541870685,0.0,0.8914327621459961
8816f2a3e981992c284ab522,58e4ddbc318fd761,data/push/push_various_objects/cap,data/push/push_various_objects/cap/episode.h5,"[16, 24]",32,"[0.3719737113371005, 0.1239818586068471, 0.24880140058581343, -3.135840654373169, 0.023956621065735817, -0.00930042378604412, -1.0518466542208671e-08]","[0.014144580927073103, 0.004228461570948999, -0.04532554165331035, 0.02383769298906088, -0.04026758745345482, 0.0028606788768419066, 0.0]","[0.014508967305555731, -0.0026665405916023732, -0.036635372383824666, 0.000990840913465941, 0.008371799118966683, 0.003956774358391507, 0.0]",0.03949393726512781,0.009312617759113379,0.0,1.0092549324035645
51fda46713b49cc29a1a34d5,58e4ddbc318fd761,data/push/push_various_objects/cap,data/push/push_various_objects/cap/episode.h5,"[24, 32]",40,"[0.38648267864265623, 0.12131531801524473, 0.21216602820198877, -3.134927272796631, 0.032337263226509094, -0.005322091281414032, -1.0518466542208671e-08]","[0.014508967305555731, -0.0026665405916023732, -0.036635372383824666, 0.000990840913465941, 0.008371799118966683, 0.003956774358391507, 0.0]","[0.016708137532013667, -0.007124147035593123, -0.004409586293866952, -0.00795935031813011, -0.005963861983911745, -0.0006252525283155985, 0.0]",0.018691168557810754,0.009965432653629779,0.0,0.9207746982574463
455dd8b83ee3880118068337,58e4ddbc318fd761,data/push/push_various_objects/cap,data/push/push_various_objects/cap/episode.h5,"[32, 40]",48,"[0.4031908161746699, 0.1141911709796516, 0.20775644190812181, 3.1403279304504395, 0.02633010968565941, -0.00620366632938385, -1.0518466542208671e-08]","[0.016708137532013667, -0.007124147035593123, -0.004409586293866952, -0.00795935031813011, -0.005963861983911745, -0.0006252525283155985, 0.0]","[0.024832454935635295, 0.0033725875861430332, 0.000997720850493572, 0.010188957765177191, -0.020232084293730024, -0.008004224171427897, 0.0]",0.025080283332771052,0.024025396974777177,0.0,0.95711350440979
b1d988f79fd6d88a0e1e2c0f,58e4ddbc318fd761,data/push/push_various_objects/cap,data/push/push_various_objects/cap/episode.h5,"[40, 48]",56,"[0.4280232711103052, 0.11756375856579464, 0.20875416275861539, -3.132544994354248, 0.006160221993923187, -0.013937285169959068, -1.0518466542208671e-08]","[0.024832454935635295, 0.0033725875861430332, 0.000997720850493572, 0.010188957765177191, -0.020232084293730024, -0.008004224171427897, 0.0]","[0.03576850024948214, 0.0016471382871816598, -0.004152247554206262, 0.002867924537160081, -0.02391024605376524, -0.0006558647140913392, 0.0]",0.03604635674219678,0.024090558649098013,0.0,1.0256803035736084
bb54e00899fc0395a3086565,58e4ddbc318fd761,data/push/push_various_objects/cap,data/push/push_various_objects/cap/episode.h5,"[48, 56]",64,"[0.46379177135978733, 0.1192108968529763, 0.20460191520440912, -3.1293444633483887, -0.017707763239741325, -0.014577342197299004, -1.0518466542208671e-08]","[0.03576850024948214, 0.0016471382871816598, -0.004152247554206262, 0.002867924537160081, -0.02391024605376524, -0.0006558647140913392, 0.0]","[0.0415103889030467, -0.0028607170426993567, -0.0009471986766413087, -0.0065333897535573586, -0.019186620296864243, -0.006595708778375157, 0.0]",0.04161962607008386,0.021314665241965833,0.0,1.1282352209091187
a0e8934e62dd5a4a838e130e,58e4ddbc318fd761,data/push/push_various_objects/cap,data/push/push_various_objects/cap/episode.h5,"[56, 64]",72,"[0.505302160262834, 0.11635017981027694, 0.20365471652776782, -3.1356005668640137, -0.03698723390698433, -0.021064653992652893, -1.0518466542208671e-08]","[0.0415103889030467, -0.0028607170426993567, -0.0009471986766413087, -0.0065333897535573586, -0.019186620296864243, -0.006595708778375157, 0.0]","[0.03597140922089925, -0.0015778993632584448, 0.00019468687559226483, -0.008366144921696217, 0.01852475172434387, -0.016814429957870955, 0.0]",0.0360065265016982,0.02637961072699051,0.0,1.1369203329086304
0f77c14805e79d84f1da2a01,58e4ddbc318fd761,data/push/push_various_objects/cap,data/push/push_various_objects/cap/episode.h5,"[64, 72]",80,"[0.5412735694837333, 0.1147722804470185, 0.20384940340336008, 3.1388301849365234, -0.018641389906406403, -0.03755810856819153, -1.0518466542208671e-08]","[0.03597140922089925, -0.0015778993632584448, 0.00019468687559226483, -0.008366144921696217, 0.01852475172434387, -0.016814429957870955, 0.0]","[0.00768781827632925, 0.0015059741514216185, -0.0006174127235512861, -0.002486813006758379, 0.005035051066354601, -0.00443235787965479, 0.0]",0.007858225401820384,0.0071541438722407,0.0,0.9429588913917542
05f8e958c38c0cd2e67ce712,58e4ddbc318fd761,data/push/push_various_objects/cap,data/push/push_various_objects/cap/episode.h5,"[72, 80]",88,"[0.5489613877600625, 0.11627825459844011, 0.2032319906798088, 3.136155843734741, -0.013703200966119766, -0.04194095730781555, -1.0518466542208671e-08]","[0.00768781827632925, 0.0015059741514216185, -0.0006174127235512861, -0.002486813006758379, 0.005035051066354601, -0.00443235787965479, 0.0]","[-0.07287510872823222, 0.0028759437946520305, -0.0056962566216730015, -0.022140662764508538, 0.07099364979898581, -0.05101985925325638, 0.0]",0.07315394633484662,0.09018499485865054,0.0,1.3149404525756836
13fb5e4f5db98393bfc1f2a4,58e4ddbc318fd761,data/push/push_various_objects/cap,data/push/push_various_objects/cap/episode.h5,"[80, 88]",96,"[0.4760862790318303, 0.11915419839309215, 0.1975357340581358, 3.1110756397247314, 0.05630400776863098, -0.09270906448364258, -1.0518466542208671e-08]","[-0.07287510872823222, 0.0028759437946520305, -0.0056962566216730015, -0.022140662764508538, 0.07099364979898581, -0.05101985925325638, 0.0]","[-0.08403700475568876, 0.0028999316386821017, 0.01094373661923223, -0.02656645588184772, 0.04286961824492774, 0.03308010912408673, 0.0]",0.08479618589894129,0.06031479392528411,0.0,1.314333438873291
9113d9c0dea906f7891dd291,58e4ddbc318fd761,data/push/push_various_objects/cap,data/push/push_various_objects/cap/episode.h5,"[88, 96]",104,"[0.39204927427614156, 0.12205413003177425, 0.20847947067736802, 3.080536365509033, 0.09650428593158722, -0.06139109656214714, -1.0518466542208671e-08]","[-0.08403700475568876, 0.0028999316386821017, 0.01094373661923223, -0.02656645588184772, 0.04286961824492774, 0.03308010912408673, 0.0]","[-0.01418889986364924, 0.0011670100594902005, 0.03543783463082925, 0.0003442092497779152, -0.06576544212702728, 0.009838626971458138, 0.0]",0.03819066528802055,0.06649819876398541,0.0,1.048194169998169
59f4dfa0dd15659511a64b9f,2bd67c12cd40f1e3,data/push/push_various_objects/pengiun_plush,data/push/push_various_objects/pengiun_plush/episode.h5,"[0, 8]",16,"[0.35168186531664464, 0.11816440248800762, 0.312436880377089, 3.117785930633545, 0.0755447968840599, -0.019602134823799133, -1.0518466542208671e-08]","[0.0018741749468217384, 0.00030345145129430373, -0.001237251202893308, 0.004008725297365094, -0.014578018330212661, 0.00015924609393311827, 0.0]","[0.006401871968414852, 0.001757674840121598, -0.01680537601840182, 0.005445449482128242, -0.01268615865363687, 0.004037452227098268, 0.0]",0.018069146318059615,0.01438376035443295,0.0,0.7199622392654419
cc1173727ead3c269d178a89,2bd67c12cd40f1e3,data/push/push_various_objects/pengiun_plush,data/push/push_various_objects/pengiun_plush/episode.h5,"[8, 16]",24,"[0.3580837372850595, 0.11992207732812922, 0.2956315043586872, 3.1234898567199707, 0.06296658515930176, -0.015135418623685837, -1.0518466542208671e-08]","[0.006401871968414852, 0.001757674840121598, -0.01680537601840182, 0.005445449482128242, -0.01268615865363687, 0.004037452227098268, 0.0]","[0.014170197479786262, 0.004261297659916188, -0.04426593220906905, 0.023830713747252062, -0.042510934247955934, 0.0031822529634474572, 0.0]",0.04667361040995698,0.04883860340203097,0.0,1.0019125938415527
e5ac1b35478d5c1613108d7e,2bd67c12cd40f1e3,data/push/push_various_objects/pengiun_plush,data/push/push_various_objects/pengiun_plush/episode.h5,"[16, 24]",32,"[0.37225393476484575, 0.12418337498804541, 0.25136557214961813, -3.135240316390991, 0.02080233208835125, -0.01042226329445839, -1.0518466542208671e-08]","[0.014170197479786262, 0.004261297659916188, -0.04426593220906905, 0.023830713747252062, -0.042510934247955934, 0.0031822529634474572, 0.0]","[0.014239311471913485, -0.0033649374297063384, -0.03852237931791233, 0.0017923186502645278, 0.010435474197777017, -0.0015913754730148525, 0.0]",0.04120745689087262,0.010707194019567833,0.0,1.1356475353240967
069c408f608de4e96cad17ca,2bd67c12cd40f1e3,data/push/push_various_objects/pengiun_plush,data/push/push_various_objects/pengiun_plush/episode.h5,"[24, 32]",40,"[0.38649324623675924, 0.12081843755833907, 0.2128431928317058, -3.1335561275482178, 0.03125588968396187, -0.011979157105088234, -1.0518466542208671e-08]","[0.014239311471913485, -0.0033649374297063384, -0.03852237931791233, 0.0017923186502645278, 0.010435474197777017, -0.0015913754730148525, 0.0]","[0.01860689474644711, -0.0070661248886036004, -0.002498760125784344, -0.007727326439973594, -0.01246866735607255, -0.0013234114267400717, 0.0]",0.02005967236055749,0.0147285660317198,0.0,0.9646281003952026
eb02e4e8bba193a9213baa17,2bd67c12cd40f1e3,data/push/push_various_objects/pengiun_plush,data/push/push_various_objects/pengiun_plush/episode.h5,"[32, 40]",48,"[0.40510014098320635, 0.11375231266973547, 0.21034443270592146, -3.141134262084961, 0.01869465596973896, -0.013539995066821575, -1.0518466542208671e-08]","[0.01860689474644711, -0.0070661248886036004, -0.002498760125784344, -0.007727326439973594, -0.01246866735607255, -0.0013234114267400717, 0.0]","[0.0259011504239825, 0.003887842379222753, 0.0005980039409951565, 0.01071976935460901, -0.019988149746822392, -0.007731818233509514, 0.0]",0.026198139635571358,0.023962900461201284,0.0,1.031848669052124
dfaa9ce8d056c955e16fb8ab,2bd67c12cd40f1e3,data/push/push_various_objects/pengiun_plush,data/push/push_various_objects/pengiun_plush/episode.h5,"[40, 48]",56,"[0.43100129140718885, 0.11764015504895822, 0.21094243664691661, -3.1301469802856445, -0.0011476516956463456, -0.02106827311217785, -1.0518466542208671e-08]","[0.0259011504239825, 0.003887842379222753, 0.0005980039409951565, 0.01071976935460901, -0.019988149746822392, -0.007731818233509514, 0.0]","[0.03639515700642049, 0.0006221882062248801, -0.0076020356905932285, -0.0001253555444686389, -0.018045076478422573, 0.00026679556396895987, 0.0]",0.03718582415823289,0.01804748400740674,0.0,1.1275087594985962
82610d7c95d71aef5af4d890,2bd67c12cd40f1e3,data/push/push_various_objects/pengiun_plush,data/push/push_various_objects/pengiun_plush/episode.h5,"[48, 56]",64,"[0.46739644841360933, 0.1182623432551831, 0.20334040095632339, -3.129892110824585, -0.01919136382639408, -0.020805200561881065, -1.0518466542208671e-08]","[0.03639515700642049, 0.0006221882062248801, -0.0076020356905932285, -0.0001253555444686389, -0.018045076478422573, 0.00026679556396895987, 0.0]","[0.041305061458723646, -0.001773580408561709, 0.00022857760860692244, -0.007377336183259754, -0.013469605737128187, -0.0060584938284412625, 0.0]",0.04134375330443195,0.01650941293153003,0.0,1.3028135299682617
1d56f59d5f01781181b721b5,2bd67c12cd40f1e3,data/push/push_various_objects/pengiun_plush,data/push/push_various_objects/pengiun_plush/episode.h5,"[56, 64]",72,"[0.508701509872333, 0.1164887628466214, 0.2035689785649303, -3.136990785598755, -0.03281104564666748, -0.02672882191836834, -1.0518466542208671e-08]","[0.041305061458723646, -0.001773580408561709, 0.00022857760860692244, -0.007377336183259754, -0.013469605737128187, -0.0060584938284412625, 0.0]","[0.03550258116124294, 0.0006592622042217305, 0.00229814458236402, -0.006784037854920228, 0.014667296190653767, -0.012136834326615168, 0.0]",0.03558299262689982,0.02021028190384937,0.0,1.1766608953475952
6960aedb20cecb69eec09397,2bd67c12cd40f1e3,data/push/push_various_objects/pengiun_plush,data/push/push_various_objects/pengiun_plush/episode.h5,"[64, 72]",80,"[0.5442040910335759, 0.11714802505084312, 0.20586712314729433, 3.1390204429626465, -0.018329450860619545, -0.03863247483968735, -1.0518466542208671e-08]","[0.03550258116124294, 0.0006592622042217305, 0.00229814458236402, -0.006784037854920228, 0.014667296190653767, -0.012136834326615168, 0.0]","[0.0013139637512836755, 0.0009972692723071441, -0.002094932351019263, -0.001857285111345375, 0.004815519231900156, -0.008832813589731054, 0.0]",0.0026664186273956656,0.010230216486886436,0.0,0.8752741813659668
61a5cc26aec5f457d74990d6,2bd67c12cd40f1e3,data/push/push_various_objects/pengiun_plush,data/push/push_various_objects/pengiun_plush/episode.h5,"[72, 80]",88,"[0.5455180547848596, 0.11814529432315027, 0.20377219079627507, 3.1369783878326416, -0.013589220121502876, -0.047428227961063385, -1.0518466542208671e-08]","[0.0013139637512836755, 0.0009972692723071441, -0.002094932351019263, -0.001857285111345375, 0.004815519231900156, -0.008832813589731054, 0.0]","[-0.07201956783996755, 0.0015233869586102206, -0.008569589983140141, -0.02438131339008944, 0.07833431726916484, -0.044094412789590025, 0.0]",0.0725436195137828,0.09313984616645388,0.0,1.363731861114502
313d57a6d3f8adfdf0761122,2bd67c12cd40f1e3,data/push/push_various_objects/pengiun_plush,data/push/push_various_objects/pengiun_plush/episode.h5,"[80, 88]",96,"[0.47349848694489205, 0.11966868128176049, 0.19520260081313492, 3.108931303024292, 0.06350642442703247, -0.0912676677107811, -1.0518466542208671e-08]","[-0.07201956783996755, 0.0015233869586102206, -0.008569589983140141, -0.02438131339008944, 0.07833431726916484, -0.044094412789590025, 0.0]","[-0.08107663087390382, 0.0022642835852485915, 0.012267239328483337, -0.025292522774833407, 0.03738231178133922, 0.03120122890353631, 0.0]",0.08203067849749854,0.05486953278025601,0.0,1.2823160886764526
75d355fd1c88ed15185e209f,2bd67c12cd40f1e3,data/push/push_various_objects/pengiun_plush,data/push/push_various_objects/pengiun_plush/episode.h5,"[88, 96]",104,"[0.39242185607098823, 0.12193296486700908, 0.20746984014161826, 3.0802152156829834, 0.09840219467878342, -0.061916276812553406, -1.0518466542208671e-08]","[-0.08107663087390382, 0.0022642835852485915, 0.012267239328483337, -0.025292522774833407, 0.03738231178133922, 0.03120122890353631, 0.0]","[-0.014603269859780776, 0.0011029396572928146, 0.03490506919755723, 0.000645723825498358, -0.0659364796726023, 0.009558020101973852, 0.0]",0.037852817889444765,0.0666287630017551,0.0,0.9745562672615051
